PC1,PC2,Activity
-16.1385437069805,2.1520240109519024,STANDING
-15.296194299270987,1.387143784870371,STANDING
-15.137018611287953,2.4733509389041286,STANDING
-15.35088376231929,3.9156807264601716,STANDING
-15.544813514578857,4.598736780566739,STANDING
-15.359102209183192,4.725042511732499,STANDING
-14.9006278821647,3.1570198018475937,STANDING
-15.228727919837402,2.0804835894850777,STANDING
-15.500733590521454,3.22771892704743,STANDING
-14.098565818549424,2.5385354605016794,STANDING
-14.325790922665112,3.2540409301745745,STANDING
-16.142757985561335,7.424385790109928,STANDING
-16.043576771997984,6.990437276239158,STANDING
-15.987295482319803,8.297038530403226,STANDING
-12.368139568739759,-6.380008193902687,STANDING
-15.156826238987838,-0.7275515695528106,STANDING
-15.469739892176927,1.19009374300184,STANDING
-15.396591595958053,3.0077234140602163,STANDING
-15.418724069535727,5.7578524190158635,STANDING
-15.965308577892719,6.200549883979579,STANDING
-16.204882167929593,9.430222998916882,STANDING
-16.539298728413197,10.740034210787629,STANDING
-15.974249424246356,8.687898230942048,STANDING
-16.05432680410116,8.079362207323642,STANDING
-15.940590178911844,7.679605275721944,STANDING
-15.937002239989532,7.829708766281674,STANDING
-16.33492582229887,9.814354732897375,STANDING
-7.009198054799368,-12.53054208216959,SITTING
-14.689137403343977,-4.467166179767491,SITTING
-15.497364738926585,0.4844979690462936,SITTING
-4.109828722151163,-11.774816480474229,SITTING
-2.444599798991941,-15.632564312640934,SITTING
-6.870554904412235,-12.799864086224565,SITTING
-13.61519214152699,-4.783294324407439,SITTING
-15.445676768982928,-0.5259160291702066,SITTING
-16.005679773761003,3.6285983471743077,SITTING
-16.21594137400417,8.93976832074086,SITTING
-16.1564776649816,8.0052171104843,SITTING
-13.07776688420143,-4.573117737065379,SITTING
-13.855941688256806,-1.7839509276320333,SITTING
-14.938643147798146,1.3187129574410368,SITTING
-15.421191345646058,4.658627240805328,SITTING
-15.523787717111045,4.742320909413317,SITTING
-15.985750469280195,3.6310494024174527,SITTING
-16.028198307799983,4.2496468220622665,SITTING
-16.042125928026397,5.657171216757279,SITTING
-16.015582025360565,6.171445999841163,SITTING
-15.815624507571064,5.918074924813789,SITTING
-15.838102116153475,5.629426576764279,SITTING
-15.896867580007061,4.787175898110549,SITTING
-16.179209927937038,6.085383700637825,SITTING
-10.252672424854497,-7.597759873991656,LAYING
-15.234924339996848,0.4770002737514054,LAYING
-16.03925712872779,4.536225254150119,LAYING
-16.830333428088032,6.772619739920861,LAYING
-16.862620502841775,7.500683839774085,LAYING
-16.551645834831923,8.778176917121874,LAYING
-16.396604947102524,7.661156555220804,LAYING
-16.806115391369545,7.036188450968403,LAYING
-16.51230051843763,6.786843619739539,LAYING
-16.673201281730492,9.22477152442288,LAYING
-16.569772560110323,8.77828510517559,LAYING
-17.00451451172124,8.86228764586884,LAYING
-17.037056523103438,8.652904278637429,LAYING
-7.67402092098983,-8.234232887918104,LAYING
-13.058253273000323,-5.0526476079871525,LAYING
1.3023222297239136,-14.83321592654149,LAYING
2.196544404248134,-18.725456707642106,LAYING
-7.858795289460403,-11.738577194342048,LAYING
-1.9177771016064502,-7.466709761708852,LAYING
12.255331090517304,-8.613437124402092,LAYING
12.775050238783614,-8.822865993894238,LAYING
-4.19366818515732,-13.73405568271559,LAYING
-12.286013132419335,-5.443336925283692,LAYING
-15.078861113654648,0.8807350968457033,LAYING
-16.30700447660597,3.3643241567174726,LAYING
-16.5111897976249,6.0971134821986475,LAYING
-16.63951442950416,7.907009918415715,LAYING
15.972779410284039,-1.7857327771516878,WALKING
19.009370245403574,0.8699386343618911,WALKING
17.246078661923928,1.7247116534660343,WALKING
22.296240036124992,3.2502034293658126,WALKING
21.93212041557213,1.940560107139696,WALKING
19.935420777783797,2.5337122880553116,WALKING
18.66016611252982,0.5852844393883527,WALKING
20.08656179520198,4.182408969060705,WALKING
15.358844517519039,-3.155847458665077,WALKING
18.31761180608909,1.2801954277126377,WALKING
16.718049433441653,3.0990608083304636,WALKING
19.01480374557758,3.502837302449038,WALKING
20.36696619505211,1.3150412491266503,WALKING
23.157081765157223,3.146747480657859,WALKING
22.144718088242044,3.8688472574688006,WALKING
20.98345811775151,4.742182899985129,WALKING
21.01680214285195,3.212074274561363,WALKING
22.464866401831788,3.899265318235415,WALKING
22.065322687761395,3.148785143530907,WALKING
20.540099577035654,4.416316721113065,WALKING
20.9415953422095,3.027883564219156,WALKING
20.889578689953275,3.3793091056851505,WALKING
20.188572327308407,3.6934206102955582,WALKING
25.844173941137086,9.810322897348819,WALKING
24.305636088357158,7.34354597971367,WALKING
23.09293001064834,2.674135993517761,WALKING
21.409390386915522,3.058928068356908,WALKING
17.253758088423464,1.288621901974893,WALKING
21.011167369084802,3.614056528315868,WALKING
21.839957749173077,4.807805251562379,WALKING
21.16919538884007,4.102691229512246,WALKING
20.601995453856354,3.7124634921718194,WALKING
19.877267830706767,2.555861570499152,WALKING
24.873227261908443,6.243142358903066,WALKING
18.778444427782766,4.028339724013891,WALKING
18.727872358667792,3.3556701309584414,WALKING
18.254141863676296,1.1904825248260555,WALKING
20.118730574651522,3.1947486760118435,WALKING
19.509006644216296,2.377169762469576,WALKING
17.900731663722606,2.239708557951664,WALKING
15.275978956784794,2.7426046385967617,WALKING
14.48388186180329,-0.11438308333891009,WALKING
15.444817986047482,-0.7650335597922024,WALKING
16.50484529104475,2.393329045097966,WALKING
18.677531225101585,2.1402312799079577,WALKING
18.474603429083555,-0.02068411254427369,WALKING
16.910806688716285,0.19877455907010214,WALKING
13.972690060111393,1.6310829182722106,WALKING_DOWNSTAIRS
17.688131879528147,5.50609430687352,WALKING_DOWNSTAIRS
22.29090696263062,6.6252628164993705,WALKING_DOWNSTAIRS
21.455427184598,4.211532176134229,WALKING_DOWNSTAIRS
21.46577243733347,3.2326134983814843,WALKING_DOWNSTAIRS
26.523066222367703,4.172470062606868,WALKING_DOWNSTAIRS
25.90750899070379,6.40493360288615,WALKING_DOWNSTAIRS
18.777873647610836,6.641228434097963,WALKING_DOWNSTAIRS
17.924156372099155,8.283216306258314,WALKING_DOWNSTAIRS
34.86314095710653,14.66502518749145,WALKING_DOWNSTAIRS
27.714279448179354,7.115274647687417,WALKING_DOWNSTAIRS
33.2639214210427,10.025050022252932,WALKING_DOWNSTAIRS
31.89528789327428,6.739478519268019,WALKING_DOWNSTAIRS
29.232896804541276,5.042189920052452,WALKING_DOWNSTAIRS
25.452890818454485,3.209247565189516,WALKING_DOWNSTAIRS
27.88482847957822,8.652826205574204,WALKING_DOWNSTAIRS
23.091439013655624,4.10873514307484,WALKING_DOWNSTAIRS
19.726064142704395,0.7173710684426289,WALKING_DOWNSTAIRS
20.891043161094142,2.3647964781158346,WALKING_DOWNSTAIRS
26.931878863305357,5.723018422476387,WALKING_DOWNSTAIRS
28.57661232110887,4.705824589710972,WALKING_DOWNSTAIRS
22.814641430652188,1.8816124969840533,WALKING_DOWNSTAIRS
18.390420881217473,-0.8761067513557759,WALKING_DOWNSTAIRS
18.038151654021245,3.6236548715576955,WALKING_DOWNSTAIRS
17.478646214061726,2.977430132754237,WALKING_DOWNSTAIRS
9.873458166613373,-9.11234171212791,WALKING_UPSTAIRS
8.349136502579983,-8.27119720513418,WALKING_UPSTAIRS
10.109129919656176,-10.192506418679937,WALKING_UPSTAIRS
13.800420017680711,-10.439430793995914,WALKING_UPSTAIRS
12.574032807955046,-10.115543446532966,WALKING_UPSTAIRS
11.874465205778058,-8.41833000494149,WALKING_UPSTAIRS
10.154594231736453,-8.13583140662386,WALKING_UPSTAIRS
9.798509206909923,-7.1316367154397104,WALKING_UPSTAIRS
10.480876726188054,-9.119064559052894,WALKING_UPSTAIRS
9.581542398669932,-10.008598275533597,WALKING_UPSTAIRS
12.16522831017611,-10.130800125421546,WALKING_UPSTAIRS
11.94706691358078,-9.499055403410047,WALKING_UPSTAIRS
7.898614095148026,-9.503644183876832,WALKING_UPSTAIRS
9.174381157258543,-8.988137166645078,WALKING_UPSTAIRS
8.284463312241456,-10.158264551777322,WALKING_UPSTAIRS
6.02449208097048,-11.287157556810277,WALKING_UPSTAIRS
6.571678918805879,-10.78910878099752,WALKING_UPSTAIRS
8.800461480512325,-12.774730962136575,WALKING_UPSTAIRS
10.620675521605158,-10.92562146256305,WALKING_UPSTAIRS
12.76006870567345,-11.334872512079368,WALKING_UPSTAIRS
12.072399207674728,-12.028184141557468,WALKING_UPSTAIRS
8.912876904984238,-9.081951538592103,WALKING_UPSTAIRS
9.529368191333056,-9.030788369142687,WALKING_UPSTAIRS
11.532329925349973,-9.43707964527621,WALKING_UPSTAIRS
7.8653641413917885,-9.412524096130916,WALKING_UPSTAIRS
9.910399531293335,-6.812628713702976,WALKING_UPSTAIRS
-14.358517737525336,-1.6287605213230174,STANDING
-13.65878420432701,-3.235726840676382,STANDING
-14.360558212207751,0.30909852540884564,STANDING
-13.192442366510207,0.0558846293806833,STANDING
-12.632626671978638,-3.1155225457908915,STANDING
-14.163093678299337,0.6675223638022337,STANDING
-15.312361245362453,4.420360505828852,STANDING
-15.381291783039181,3.348171112164706,STANDING
-14.549586073727466,6.12971539252376,STANDING
-14.623953427634085,6.816782782441136,STANDING
-15.441058788076118,5.742803219678255,STANDING
-15.077846783456849,3.569105436001975,STANDING
-15.241459324303719,2.228625016458861,STANDING
-14.900300895293451,2.406137679886893,STANDING
-11.19855185682363,-10.106085833335058,STANDING
-14.559789222629597,-2.4009204483097863,STANDING
-15.85410294622824,1.8188941628967061,STANDING
-15.741329732590803,4.894125080485674,STANDING
-16.108347018164228,5.448689804777619,STANDING
-16.548063773047204,5.627126095155163,STANDING
-16.179493627421355,5.845709502753111,STANDING
-16.17387010571059,6.073115740797587,STANDING
-16.09376658712169,7.4108144426765445,STANDING
-15.279731211979584,4.636031742310388,STANDING
-15.338335330177149,5.419670107437725,STANDING
-15.522038736963701,5.658533432273954,STANDING
-11.66608606896899,-8.345359606218008,SITTING
-14.306356373077099,-2.6003018015224826,SITTING
-15.242764866497957,1.7176760741175219,SITTING
-15.691092674759826,7.2682846316201895,SITTING
-16.33858921629192,9.09062623396255,SITTING
-16.41520849385019,9.30713878002831,SITTING
-16.36793888464723,10.330956972859703,SITTING
-16.349794181483364,10.207328336724327,SITTING
-16.208977578787174,9.354833283687876,SITTING
-15.942341397180392,9.121494703700169,SITTING
-16.218379306561257,8.288850482697562,SITTING
-11.88160127605213,-6.618526870263926,LAYING
-13.944693893635634,-3.786106349483593,LAYING
-16.209962502815003,3.7286034016937504,LAYING
-16.81170902341147,7.176447113252847,LAYING
-16.81750770502228,7.887817119013955,LAYING
-16.626357008201346,8.055647005214544,LAYING
-16.197219105117796,6.1947617944209385,LAYING
-16.488050358372835,8.830943158198176,LAYING
-16.671142248816327,8.8052450117873,LAYING
-16.371825650306533,7.475051942406049,LAYING
-16.52553176407916,8.007079825396891,LAYING
-16.52350047520405,7.116108998654312,LAYING
-10.844752775690226,-10.533524840127416,SITTING
-14.041958637674558,-3.366337320885575,SITTING
-14.736047197971892,-0.22388220862788208,SITTING
-15.96086441213073,3.3217576258155592,SITTING
-15.918386034076603,5.419722392222392,SITTING
-15.899021511084179,7.115058001715439,SITTING
-16.07853257285062,6.597623750897973,SITTING
-16.57613237743194,5.049164781536192,SITTING
-16.40141726135222,6.181706329637757,SITTING
-16.535817434860455,5.331238687135817,SITTING
-16.538750847725396,5.657399417895173,SITTING
-14.383634136646839,0.8422604158852263,SITTING
5.721206573499676,-9.953981006212755,LAYING
-1.9399395649694913,-4.715732706881303,LAYING
-12.0220927405698,-5.521084794860275,LAYING
-11.37636017224075,-9.079816926286767,LAYING
-11.927156981366306,-6.924866378890503,LAYING
-14.856276632933245,0.20397069578677204,LAYING
-15.315138933656993,1.6752193539622164,LAYING
-15.785807837909989,2.0295051006833735,LAYING
-13.055450557169161,-6.551998796708372,LAYING
-12.845624135159092,-9.52368304522735,LAYING
-12.802061768329505,-5.76664025247049,LAYING
13.51235201542713,-0.8152490492667841,WALKING
16.812735231944593,2.4015953574794415,WALKING
17.585171090880124,3.450806306938702,WALKING
17.866000998905992,3.5018551040844654,WALKING
17.972882261466463,3.490915474014641,WALKING
17.11192126768569,4.382714190157959,WALKING
18.843265714300404,4.869831562108626,WALKING
17.011378204175443,3.228738878792864,WALKING
16.599009295880986,-0.3455584817170081,WALKING
20.868459439376053,3.175818650747244,WALKING
19.10456226830583,2.501276004271627,WALKING
16.02297355454506,2.000969733735917,WALKING
17.47506456896783,4.737843832091646,WALKING
19.301791844289113,4.52013422552203,WALKING
19.33059140909207,4.384681618156764,WALKING
21.04882283789421,8.20637659675446,WALKING
21.049951469642608,6.127879265425603,WALKING
18.74010015255228,2.5065342868249187,WALKING
18.259372388074055,3.7319713530107146,WALKING
24.277390788470754,7.694924579877228,WALKING
26.530017487132007,8.677004565549131,WALKING
24.528874358636138,5.572235450435909,WALKING
20.5604786205018,2.1018043149069703,WALKING
23.766525828741596,4.008540608161567,WALKING
23.31985891352483,4.668184776390434,WALKING
23.04839941342734,5.148546312218427,WALKING
19.781795424152296,6.101644772987482,WALKING
17.80468520734392,3.969667418819437,WALKING
17.213223326153056,0.5461567259450484,WALKING
21.418527981997684,4.929680268565924,WALKING
20.386755153179365,4.583737551566333,WALKING
16.68006723562249,1.8903551381509174,WALKING
17.532853296176693,2.227624595712446,WALKING
16.804602651004885,3.4233715013885684,WALKING
19.67758030570312,1.178995652637528,WALKING
20.98896509796837,3.860462409616222,WALKING
18.93452567148259,3.2718575878672547,WALKING
17.267089969522196,1.4355942671507818,WALKING
17.89006838295105,3.6892358802253162,WALKING
21.106621137622632,6.907873461409629,WALKING
25.15899115488527,7.769504569505063,WALKING
27.99111059195572,12.104915272578838,WALKING
25.79286684542625,10.527964673355221,WALKING
22.023199507649284,5.253101140773938,WALKING
25.93600933671891,9.662422701591694,WALKING
26.500037017802406,10.455305837318852,WALKING
18.598764383085097,4.565433772004527,WALKING
18.516594607582938,4.903678904037812,WALKING
12.052807572898178,-2.4501560978351598,WALKING_DOWNSTAIRS
18.849840545456757,6.719316112769041,WALKING_DOWNSTAIRS
24.969427107796434,7.905244489242101,WALKING_DOWNSTAIRS
33.24301137908306,12.600257704972943,WALKING_DOWNSTAIRS
25.567118223224025,6.028234601254198,WALKING_DOWNSTAIRS
19.0233943700938,3.179452985630988,WALKING_DOWNSTAIRS
20.55510071783676,4.174642929864585,WALKING_DOWNSTAIRS
8.996877864625281,-8.912552044703341,WALKING_UPSTAIRS
9.337920526076276,-8.354393805002726,WALKING_UPSTAIRS
13.138746258300255,-10.061630046691358,WALKING_UPSTAIRS
12.942467348290535,-11.027891656058383,WALKING_UPSTAIRS
11.301445061640639,-11.095981788863874,WALKING_UPSTAIRS
12.925511243968044,-9.221929749569126,WALKING_UPSTAIRS
12.700790802870689,-7.356804834406409,WALKING_UPSTAIRS
11.791640763785049,-6.039798661319193,WALKING_UPSTAIRS
10.719967379387548,-6.537954090444357,WALKING_UPSTAIRS
11.575502382733617,-10.139511461238905,WALKING_UPSTAIRS
9.740763860606773,-7.866233068436263,WALKING_UPSTAIRS
12.856502267099996,-8.814343161361686,WALKING_UPSTAIRS
16.405112343389376,-8.616860312801158,WALKING_UPSTAIRS
12.432077414773453,-8.510200184187639,WALKING_UPSTAIRS
12.472811608310346,-7.254155298661978,WALKING_UPSTAIRS
13.339990353425193,-7.670743810925938,WALKING_UPSTAIRS
12.212767678944704,-7.369778629656037,WALKING_UPSTAIRS
9.787659571547335,-7.145213382624786,WALKING_UPSTAIRS
8.874028019750336,-11.170524525568142,WALKING_UPSTAIRS
8.385263224659575,-12.143051611391021,WALKING_UPSTAIRS
13.705460823340674,-10.343095320601417,WALKING_UPSTAIRS
13.932246128933869,-10.016008192585547,WALKING_UPSTAIRS
10.50787383429641,-9.503949643775986,WALKING_UPSTAIRS
11.891896080212085,-9.45446199112424,WALKING_UPSTAIRS
12.686849951056875,-8.817756774714537,WALKING_UPSTAIRS
12.068560572768506,-9.667000426622208,WALKING_UPSTAIRS
10.855137703797617,-8.760989202704412,WALKING_UPSTAIRS
19.655995691165916,-1.616578815342821,WALKING_DOWNSTAIRS
23.477530787904204,2.9692556552666165,WALKING_DOWNSTAIRS
26.768121737668736,7.24054497052756,WALKING_DOWNSTAIRS
26.93268642232268,9.078226853532296,WALKING_DOWNSTAIRS
21.408125725888596,6.8829904845081655,WALKING_DOWNSTAIRS
23.51558024900395,6.133120843928501,WALKING_DOWNSTAIRS
25.410736035609023,4.603197968554124,WALKING_DOWNSTAIRS
23.449203788115703,6.307696564142509,WALKING_DOWNSTAIRS
19.028068896236533,6.301930739222268,WALKING_DOWNSTAIRS
27.22258678956852,8.291921560857467,WALKING_DOWNSTAIRS
27.54226753965491,8.348184422024424,WALKING_DOWNSTAIRS
20.350071661396264,2.5171178875150573,WALKING_DOWNSTAIRS
20.513226922426192,3.1168808702998816,WALKING_DOWNSTAIRS
27.1555481271272,10.003532255133313,WALKING_DOWNSTAIRS
28.327535398091587,10.22339250544158,WALKING_DOWNSTAIRS
22.103287594668444,5.468361223180704,WALKING_DOWNSTAIRS
24.353422381611924,10.055665111349946,WALKING_DOWNSTAIRS
-3.5791247953188443,-5.379060492794144,STANDING
-11.751294259214351,-4.408081101981956,STANDING
-14.104256617774137,-0.6570283192727053,STANDING
-13.128196090851764,-3.0307031876851376,STANDING
-10.815125448735557,-4.317878324915317,STANDING
-9.00170172345687,-5.990239540189495,STANDING
-8.296147449098664,-6.470491593361593,STANDING
-8.845050519119086,-6.410748217604947,STANDING
-8.025567978367123,-4.319725247262063,STANDING
-7.200625310158662,-5.21935127631931,STANDING
-7.3128598575882755,-5.192658140209147,STANDING
-8.266757725405075,-8.978322127572097,STANDING
-10.91845420569922,-7.03802833471663,STANDING
-9.474042943657542,-8.064742177930063,STANDING
-8.574763493793071,-5.873529604652139,STANDING
-9.531557492134793,-3.498824572125227,STANDING
-9.533134696732606,-9.928490967156222,STANDING
-12.503137571996245,-6.094818348114848,STANDING
-13.828318218007078,-3.209114968693334,STANDING
-14.863427776599895,1.3827011868295724,STANDING
-13.979324162167227,0.06647975756633875,STANDING
-12.626142795709239,-3.6578805405968913,STANDING
-12.531828496548165,-2.1822938040208175,STANDING
-13.922882465786365,0.07343750072520888,STANDING
-15.308752633681383,3.0476720120620158,STANDING
-15.667138452800767,4.879083511694656,STANDING
-15.76964350167652,6.463441726095533,STANDING
-15.962132800112299,6.312156544003229,STANDING
-15.937076922014654,7.288320805017358,STANDING
-15.862042005483811,6.815345380269406,STANDING
-13.124367120083932,-3.486050010172556,STANDING
-7.842887404522189,-10.687861321964553,SITTING
-12.52592020578704,-6.38024800638898,SITTING
-13.749492584613442,-1.2035101570697109,SITTING
-14.373692749349813,2.1177882147286375,SITTING
-15.039253481179353,0.8757423048401642,SITTING
-13.65060113396418,-2.0200564738633986,SITTING
-7.845199126258242,-12.836232891097593,SITTING
-6.64083056790203,-14.919526351154708,SITTING
-6.545311238758853,-12.209401297494901,SITTING
-13.84041167676202,0.8735625678595507,SITTING
-14.392751047537123,7.559237169069015,SITTING
-14.264371496517466,7.582859852552375,SITTING
-8.685563115952746,-10.094570973329759,SITTING
-12.640381614654768,-6.723803735280078,SITTING
-13.979394887091843,-2.739575078026577,SITTING
-14.93748217048092,0.9822688209813134,SITTING
-15.294345420876196,3.5033807733008877,SITTING
-15.105841964282579,1.9101196464908865,SITTING
-15.667698875897273,3.8661944195749913,SITTING
-14.926987139475612,0.18272650116001146,SITTING
-13.79639980876868,-1.4893225397209306,SITTING
-14.213231082674337,0.6609300632223034,SITTING
-15.776624649611296,6.401257056140349,SITTING
-15.759603376970754,9.654912921198006,SITTING
-16.007689486973174,8.853631823114847,SITTING
-16.031040661312772,6.716639434977174,SITTING
-10.0335323280064,-5.042571316066777,LAYING
-13.485935946305675,-2.6094636016313775,LAYING
-13.999991055436197,-0.6005507541955666,LAYING
-15.541585941227565,4.105039381193797,LAYING
-15.457003257748989,4.536796852543077,LAYING
-15.241773219951,2.1530160180145197,LAYING
-14.716284511737275,1.2810675962759834,LAYING
-13.582112472655444,-0.34763454473500893,LAYING
-13.092487341159579,-2.5893759909352236,LAYING
-13.405917238526218,1.5125689736631096,LAYING
-13.888580992246819,3.0746003353321565,LAYING
-14.826633073280076,3.678600589428424,LAYING
-14.252913507748879,5.048255732119481,LAYING
-12.441300066891168,0.19183606624128222,LAYING
-12.53541672488849,-1.0535571591410169,LAYING
-14.744941722007963,0.5008190663528059,LAYING
-16.14106892662859,5.066015183211855,LAYING
-16.513480038850748,7.573679728069045,LAYING
-16.523407638301457,7.126167078358181,LAYING
-17.011254634942848,8.549141385739578,LAYING
-17.061665838034425,8.496185449039784,LAYING
-16.61407763240881,7.289619240298126,LAYING
-16.56197568901149,8.750499949247555,LAYING
-16.355695045152796,3.9774621449013603,LAYING
-16.329770584821848,3.3397701372700577,LAYING
-15.978581838626596,7.931483079819814,LAYING
-16.018629438116953,8.42632718878324,LAYING
-16.4218299675765,7.973989181738231,LAYING
-16.51451553620319,9.041069180735278,LAYING
-16.45440278771639,8.594604357503453,LAYING
4.5846310745399155,-3.132197848574929,WALKING
4.8562411781387675,-1.4952010732340038,WALKING
7.5859969514094665,-1.3668872903846656,WALKING
9.888118494417988,-0.7634498934553098,WALKING
10.266713089196442,-1.7941626825678179,WALKING
10.543002969206515,-2.058920112885266,WALKING
12.6433154478626,-0.052434274475659855,WALKING
10.834989760830213,-1.0412095996580994,WALKING
10.374186260440446,-1.1027876960170646,WALKING
12.39661683849524,0.9307482812444958,WALKING
12.85862904736943,2.1103921136996546,WALKING
9.727434548199149,0.5848123058401593,WALKING
8.047345702348851,0.5209253311115211,WALKING
10.247830035307814,0.9129401536106567,WALKING
11.920892701771619,1.493578376383047,WALKING
10.76425699924313,0.5896563089970743,WALKING
3.99886932977175,-5.084376078611804,WALKING
5.093241063716947,-1.3847185692157018,WALKING
7.422653068848217,-0.7193537441334732,WALKING
11.467275371569135,-1.1916219135537118,WALKING
16.088026686616377,1.6519117781643862,WALKING
15.302161717251586,4.386787370711496,WALKING
12.98469571312462,3.212836843774296,WALKING
10.395901541733796,0.46031067672731374,WALKING
14.770247368607455,0.530456322640857,WALKING
16.318736062014946,1.407509132836629,WALKING
15.612507072200536,3.604366292748105,WALKING
12.098959522489718,-0.006265215686851654,WALKING
11.667647608691926,0.22060691081534925,WALKING
12.17089841744056,1.615335618389946,WALKING
11.6693035306065,2.801861995897111,WALKING
10.730978170469731,-0.4184049319537374,WALKING_DOWNSTAIRS
13.193741191408664,-0.24815307370283382,WALKING_DOWNSTAIRS
12.941802136847937,-2.976427214843182,WALKING_DOWNSTAIRS
12.070326771855568,-5.286145721953499,WALKING_DOWNSTAIRS
12.983293413699755,-4.7132590401595555,WALKING_DOWNSTAIRS
12.949707133220596,-4.847044348266593,WALKING_DOWNSTAIRS
12.862359545230676,-2.958606235096215,WALKING_DOWNSTAIRS
10.58112859701386,-3.0659545546165377,WALKING_DOWNSTAIRS
17.16573670382001,-2.1932590254913826,WALKING_DOWNSTAIRS
20.831983833467095,1.3875835530971274,WALKING_DOWNSTAIRS
20.832738575696375,3.604587542189147,WALKING_DOWNSTAIRS
16.416755265971865,0.13918686109530137,WALKING_DOWNSTAIRS
14.671111212477744,-2.7071131812091163,WALKING_DOWNSTAIRS
18.162048958721854,-1.5928145893249288,WALKING_DOWNSTAIRS
18.18999716579977,-1.437427920020559,WALKING_DOWNSTAIRS
22.88108897691839,-0.36942970850900253,WALKING_DOWNSTAIRS
32.59755163418742,7.959912958846218,WALKING_DOWNSTAIRS
26.800254799053207,4.90667375145278,WALKING_DOWNSTAIRS
24.878316755436884,2.848339712494982,WALKING_DOWNSTAIRS
21.934698913500164,0.4052523566970906,WALKING_DOWNSTAIRS
24.132421389629258,-1.479238283143597,WALKING_DOWNSTAIRS
31.946242226697695,5.978334610370977,WALKING_DOWNSTAIRS
38.07568267902037,6.579186519301347,WALKING_DOWNSTAIRS
3.8850428025898136,-10.601522170241909,WALKING_UPSTAIRS
3.8955868059815355,-9.089658912825591,WALKING_UPSTAIRS
5.225467721433462,-8.649856561083023,WALKING_UPSTAIRS
6.096348774945672,-9.430907719296629,WALKING_UPSTAIRS
7.70298153434755,-9.476750234956903,WALKING_UPSTAIRS
5.98514558574343,-8.280033104952631,WALKING_UPSTAIRS
4.819971686354641,-8.581188493970739,WALKING_UPSTAIRS
5.918924226064316,-7.4968421308316495,WALKING_UPSTAIRS
4.652298313736605,-7.639949426386928,WALKING_UPSTAIRS
10.49596756105738,-6.394374023469297,WALKING_UPSTAIRS
9.76655496649614,-4.663751196152905,WALKING_UPSTAIRS
13.12009724166279,-5.0941964783304226,WALKING_UPSTAIRS
14.532487315422916,-4.821614464326038,WALKING_UPSTAIRS
9.128106540379642,-6.51454970030778,WALKING_UPSTAIRS
10.231209753014273,-5.337214010723172,WALKING_UPSTAIRS
11.228585774849194,-6.177209506286621,WALKING_UPSTAIRS
9.051143647263592,-6.102227965029437,WALKING_UPSTAIRS
8.286266910815916,-6.618419232034528,WALKING_UPSTAIRS
8.186868552910607,-6.5790405971550765,WALKING_UPSTAIRS
9.222564804615175,-7.40984785746107,WALKING_UPSTAIRS
11.412862639600245,-7.8732672408401845,WALKING_UPSTAIRS
10.345298983540152,-6.132724555490056,WALKING_UPSTAIRS
9.298039165982544,-7.976143812577243,WALKING_UPSTAIRS
11.391737314999215,-5.918003892955684,WALKING_UPSTAIRS
11.163844351031614,-4.857810588531647,WALKING_UPSTAIRS
11.824657098465927,-6.379207493252548,WALKING_UPSTAIRS
12.444298902074506,-5.768600732632527,WALKING_UPSTAIRS
13.45881996508273,-3.8142648818483322,WALKING_UPSTAIRS
12.850622861955456,-7.460843839741649,WALKING_UPSTAIRS
13.52233244500935,-7.841103612262838,WALKING_UPSTAIRS
11.558551242582883,-4.970869013515758,WALKING_UPSTAIRS
11.876382291552924,-4.1395102434908555,WALKING_UPSTAIRS
13.189054274457053,-5.34536225613692,WALKING_UPSTAIRS
14.973082986350082,-5.84526582606744,WALKING_UPSTAIRS
-8.362101580771316,-7.1594835764083165,STANDING
-11.62309187014894,-2.330505801480591,STANDING
-11.605766302839726,1.763330434551389,STANDING
-12.158906074460216,1.6165583848346718,STANDING
-11.505961225577693,-5.241529509747397,STANDING
-11.430001739813703,-7.265662921167885,STANDING
-12.946546011053572,-3.987271771645622,STANDING
-15.469592832277101,2.1129215128588497,STANDING
-14.932448205109916,0.9201702508985607,STANDING
-14.289528662132652,-0.6842432734794369,STANDING
-14.927923107475845,0.9179088431630588,STANDING
-15.63115840997638,5.85279018951812,STANDING
-15.902453539334966,6.180043251388569,STANDING
-15.461485502341832,3.1491181892988407,STANDING
-4.56118072425121,-13.961328998629845,STANDING
-7.2284456870954,-10.222876676556982,STANDING
-7.097335372569743,-5.802421914250999,STANDING
-8.330605090080317,-4.536742760827905,STANDING
-11.70015013071428,-3.603149536187962,STANDING
-9.30486466670986,-8.630482662597597,STANDING
-8.409565385961786,-9.423903089286036,STANDING
-10.153717908222518,-6.750566248836259,STANDING
-11.605084718484116,-4.953741727505572,STANDING
-10.515408981342016,-6.057855176155748,STANDING
-10.752295621967573,-6.247108036389385,STANDING
-11.835518525554459,-4.304934796736908,STANDING
-12.5611146255101,-2.6001789294105637,STANDING
-14.48070739954662,2.155993222956144,STANDING
-13.326989850556824,-1.5486056137610027,STANDING
-12.872612340646679,-3.760175332411959,STANDING
-6.106618152624149,-10.908989332167202,SITTING
-11.886381180374674,-5.471509639051535,SITTING
-13.699065099691566,-3.275335961024941,SITTING
-15.456170282194307,1.818414103603766,SITTING
-16.050210561259927,4.726592514068709,SITTING
-16.13623122248683,7.871995062583771,SITTING
-15.570868650177733,6.398470072175807,SITTING
-14.561469617379444,5.796411979788768,SITTING
-14.997300279786835,6.755772319881718,SITTING
-15.838641497872922,9.171099455188847,SITTING
-14.594664979383026,6.76191863109187,SITTING
-14.042539920927645,6.263683636088172,SITTING
5.59891202342256,-11.993147430011236,SITTING
-5.508200278266078,-7.267052554911391,SITTING
-9.858941479035122,-8.476809912672195,SITTING
-10.761317608189088,-7.516638661088142,SITTING
-12.085083652899375,-4.736416064550339,SITTING
-14.580756850697846,-0.9837668774873044,SITTING
-15.57033631056969,2.8061954045723465,SITTING
-15.410906794924774,3.9387991336031742,SITTING
-14.697038372964006,-0.593373747261573,SITTING
-14.44663446055694,1.5267951139415432,SITTING
-14.172742506667024,2.11142498247414,SITTING
-9.851840519367853,-8.077246105471415,SITTING
-9.370520573006186,-9.997005634286232,SITTING
-8.951538761031495,-10.703614790696546,SITTING
-8.346526060701933,-7.997936937244031,LAYING
-13.790613463215617,-2.097186621071849,LAYING
-15.101426049575831,0.5531549394423567,LAYING
-15.476200246036202,5.6513814842790655,LAYING
-15.837973495436401,7.157455849325593,LAYING
-16.515715390684388,5.14218003995951,LAYING
-16.79831453697716,6.469686298018819,LAYING
-16.797106146934343,9.124845400707825,LAYING
-15.395222884963559,1.842573906274882,LAYING
-12.904568702760125,-1.6196074636295834,LAYING
-12.846926585740622,-0.9494471496223564,LAYING
-11.437471047574643,-2.653715706047725,LAYING
-11.162798225219477,-2.6532011304250425,LAYING
-12.334712224426916,-2.1384620848684066,LAYING
-13.470353544400325,-0.6292876136588319,LAYING
-13.298489173340979,-0.15456411684544893,LAYING
-11.643148716305424,-2.941047053519568,LAYING
-12.057792616658373,-5.549870573719246,LAYING
-12.432301839227371,-4.25334518661713,LAYING
-16.00469463000805,5.579514847544046,LAYING
-16.131443965976036,10.410592107017361,LAYING
-16.60065921890985,9.339572122417172,LAYING
-16.81258052465233,9.365283466312814,LAYING
-16.422631080441654,8.655022794802301,LAYING
-15.640114169070788,6.859135126740096,LAYING
-15.922556387465214,6.93981518277719,LAYING
-16.13439798938141,6.190860544003226,LAYING
-16.09139655866297,5.66235866074394,LAYING
-16.63763131649419,7.250430695554416,LAYING
-13.980509531262058,-1.1209905106204905,LAYING
-13.247141372644542,-4.405937294425553,LAYING
-14.823689692227934,-1.0158806863358862,LAYING
13.200972617002702,0.5211234443889708,WALKING
18.31175797558869,2.584823227407699,WALKING
18.16269212467118,3.1802475063283824,WALKING
13.607580568594802,0.9340093733256095,WALKING
14.370167401020709,4.613348400679958,WALKING
16.039608641214492,5.9275089121052735,WALKING
14.387786869383174,3.3367954875524117,WALKING
12.59541034840266,2.0771668303657576,WALKING
13.533403877926705,3.4804419450457638,WALKING
13.822843405288223,3.0193319745311253,WALKING
15.579374506740997,3.912355893313139,WALKING
14.720121058440629,1.2765436422317389,WALKING
13.986820946343936,2.205772186842203,WALKING
11.061847713704655,1.5843841477371041,WALKING
13.056854009222187,0.6205370014667414,WALKING
12.928244129638802,2.4087917495038407,WALKING
13.800930359179626,1.5828925279708679,WALKING
15.077146214685417,3.8864675694560575,WALKING
14.01457625452876,1.3881823241693207,WALKING
14.152845223951797,-0.70679303542125,WALKING
14.784842404207431,4.04281158268676,WALKING
15.403410189539823,3.892664276031748,WALKING
17.552514551483203,5.867148807715811,WALKING
12.691381210451144,1.8302919138462408,WALKING
11.556843207932216,0.3945376351812483,WALKING
11.486284929117822,1.2637141718409501,WALKING
11.007878568122113,0.2677409530975166,WALKING
11.908899720064039,-1.9162004553923033,WALKING_DOWNSTAIRS
9.811969850942054,-0.27703077521083913,WALKING_DOWNSTAIRS
17.62300070200218,1.8151089021461166,WALKING_DOWNSTAIRS
17.803033066461367,0.1691650245119265,WALKING_DOWNSTAIRS
13.727819061134017,-0.07284652770211261,WALKING_DOWNSTAIRS
15.869383020435624,0.6914756627550396,WALKING_DOWNSTAIRS
15.25052098158156,0.2178262627794124,WALKING_DOWNSTAIRS
12.437410994600098,0.48123022396429393,WALKING_DOWNSTAIRS
11.456616163813461,0.54264818646582,WALKING_DOWNSTAIRS
10.899857990225271,-3.152664422373241,WALKING_DOWNSTAIRS
9.47812754341988,-1.396564210441919,WALKING_DOWNSTAIRS
15.037048148541382,-1.5630406584374794,WALKING_DOWNSTAIRS
15.394991718809607,-3.5893541213162963,WALKING_DOWNSTAIRS
15.816825936117638,0.4042497014021408,WALKING_DOWNSTAIRS
14.58742410464185,-3.3386563225476693,WALKING_DOWNSTAIRS
14.24418513481158,-5.407242708326841,WALKING_DOWNSTAIRS
14.929369444385266,-1.9027804390885452,WALKING_DOWNSTAIRS
17.026093696813643,0.7909472689414769,WALKING_DOWNSTAIRS
16.747899239726383,-2.9733001162659574,WALKING_DOWNSTAIRS
16.22615247254584,-1.7780682138419266,WALKING_DOWNSTAIRS
21.80403018376036,-0.7198323306740254,WALKING_DOWNSTAIRS
21.513400315941407,-0.41662517318558645,WALKING_DOWNSTAIRS
18.574317513816794,0.08295645513654806,WALKING_DOWNSTAIRS
16.525798579766622,-3.7532915246198795,WALKING_DOWNSTAIRS
18.880381607028504,-0.8267790818958012,WALKING_DOWNSTAIRS
21.68330849550774,1.3052881111523114,WALKING_DOWNSTAIRS
6.653764408131733,-10.857362811118405,WALKING_UPSTAIRS
5.467963385145297,-7.6660832227669236,WALKING_UPSTAIRS
6.368044158330791,-4.7857642602311925,WALKING_UPSTAIRS
9.553114792549575,-7.0784890615175575,WALKING_UPSTAIRS
10.189281729387908,-9.650641625056501,WALKING_UPSTAIRS
8.523910694837493,-10.959143392561057,WALKING_UPSTAIRS
9.788028390576814,-8.27340824301375,WALKING_UPSTAIRS
8.19044285942754,-6.579737453486642,WALKING_UPSTAIRS
6.731635705996184,-7.288703099197171,WALKING_UPSTAIRS
8.554740675616115,-11.321656556517173,WALKING_UPSTAIRS
10.851780649258341,-6.49716736922056,WALKING_UPSTAIRS
11.67837297946968,-5.9164593798005045,WALKING_UPSTAIRS
9.77073123479551,-9.05525485429562,WALKING_UPSTAIRS
9.128204938783558,-5.6693109208962165,WALKING_UPSTAIRS
10.618731944476188,-6.505318149838729,WALKING_UPSTAIRS
11.68030822714886,-6.715671533521871,WALKING_UPSTAIRS
9.197432461656618,-7.113647220550818,WALKING_UPSTAIRS
11.024385200951306,-8.084885431276359,WALKING_UPSTAIRS
9.198974431946658,-5.0350061720060015,WALKING_UPSTAIRS
7.619818085056152,-6.125125946740519,WALKING_UPSTAIRS
9.714951430346519,-7.765828302281749,WALKING_UPSTAIRS
7.345621091220511,-6.447876875324025,WALKING_UPSTAIRS
7.225753233380791,-7.546356936785902,WALKING_UPSTAIRS
9.492827895038396,-7.4117651254227,WALKING_UPSTAIRS
6.73728086688538,-7.068632145596392,WALKING_UPSTAIRS
-4.844010973107618,-6.506175067204458,STANDING
-9.86961348847745,-7.3889399568752525,STANDING
-5.634383559185341,-13.580377968182445,STANDING
-6.005637165051628,-9.236030977809708,STANDING
-8.4147819261546,-5.472558575036817,STANDING
-11.277515661769106,-2.491820936191028,STANDING
-12.81276931453338,-4.015522033399741,STANDING
-13.223529287084153,-1.7509776156675931,STANDING
-12.794102770261677,-2.0083249374411727,STANDING
-10.589249420317142,-7.422253124486117,STANDING
-7.376540541680976,-11.53221415761823,STANDING
-8.566242919193918,-10.756058644666565,STANDING
-13.072793172181383,-2.1384719312731484,STANDING
-13.812372962766924,-0.45021840960488946,STANDING
-15.692086156169058,2.027347483349348,STANDING
-3.994816605219593,-14.806834258407232,STANDING
-9.77468222707133,-6.819822420285654,STANDING
-10.124849227514744,-2.6684165271146125,STANDING
-9.790082510266242,-2.992490125838503,STANDING
-11.67160570844486,-1.4898065616846576,STANDING
-11.591290519395788,1.5364722872020748,STANDING
-12.103567778047175,2.4149264976106686,STANDING
-15.002508326854244,6.032398367029496,STANDING
-15.2124602479291,6.305906268670193,STANDING
-15.409455214628577,5.893230281892581,STANDING
-15.534146543766054,7.129860817436013,STANDING
-14.949424040933025,5.146459827990449,STANDING
-15.177094922232964,6.516076523999711,STANDING
-4.818157138449362,-9.502348360152709,SITTING
-8.250724422418582,-7.388869310459047,SITTING
-8.466044446597078,-9.67500941432845,SITTING
-13.630766439183287,-3.1705243616076912,SITTING
-14.871163710169949,1.7223334449752568,SITTING
-14.60778441099858,6.374714116740617,SITTING
-12.225571737800216,2.978980197151704,SITTING
-11.71876327993414,1.0945079659193042,SITTING
-12.580225480834308,1.1831371433526823,SITTING
-14.515597573435752,1.8265545792416993,SITTING
-12.208534992878564,1.2903293263725641,SITTING
-6.975738138854091,-10.7820475126613,SITTING
-10.474583324668007,-7.037985557228583,SITTING
-12.270105669240063,-4.543128455306798,SITTING
-12.524735308049696,1.3041881914107825,SITTING
-12.359363765615045,4.59480640646109,SITTING
-11.480564719146827,2.092077875909889,SITTING
-11.760963189170035,1.2482961338241263,SITTING
-13.894643333817715,2.5167328116733305,SITTING
-14.218651708415607,3.636000283012315,SITTING
-14.967509990770333,8.555932455163799,SITTING
-14.414262970961246,2.5815750928848167,SITTING
-10.391531531321709,-4.407162408158144,SITTING
-8.643394433791268,-4.828634183438294,LAYING
-12.090271771545614,-2.3538533271794195,LAYING
-13.102668562750909,1.7011414971631988,LAYING
-13.122425296959912,3.5917934274693497,LAYING
-14.123562427704917,5.70330024401225,LAYING
-15.48201477415405,6.211736848623342,LAYING
-15.705527680428641,7.147679162931633,LAYING
-16.14471337599313,8.916585359230698,LAYING
-16.042842100716665,9.91887670991719,LAYING
-16.026491041765745,9.593022955160317,LAYING
-15.849987970408048,9.670802325432641,LAYING
-16.016936969765055,9.88259953395299,LAYING
-16.19352297201184,11.302191921595286,LAYING
-14.789863497498722,6.4738880179677025,LAYING
-8.340600796843603,-9.156915927155396,LAYING
-13.7836767584553,-2.4011285010819767,LAYING
-14.988201915611718,0.293106326469293,LAYING
-15.178158985995616,1.9177314737589795,LAYING
-15.987045411852215,6.262382029648497,LAYING
-16.25642929361233,6.818937220218565,LAYING
-15.62271079932362,6.474184745466889,LAYING
-15.364241339174004,6.5989882374055515,LAYING
-15.529338435777804,6.262542670293042,LAYING
-15.31705206822095,6.03529806630735,LAYING
-15.85566166937495,6.097178073578483,LAYING
-15.91134278992008,5.954786910323425,LAYING
-15.702104343272929,5.9284899547049825,LAYING
-14.89550669953586,8.684427320236429,LAYING
10.969438582135473,-5.587711358069139,WALKING
10.442570582349155,-3.404732457327491,WALKING
11.983577245130142,-2.0126568452089324,WALKING
12.73327860512867,-2.370811507064249,WALKING
13.870465122060839,-1.5428478202067815,WALKING
11.134216471199624,-0.8290117570290985,WALKING
6.704529922446908,-3.364743704858208,WALKING
7.5830145105782645,-3.512807953075383,WALKING
8.81847920557129,-3.8203374566634256,WALKING
11.257070021728122,-2.050599180604995,WALKING
14.102965655394007,1.4582978912847007,WALKING
15.775221851260232,3.7845568155866185,WALKING
11.391270855994826,1.3844439971431588,WALKING
9.852528778215104,0.027756226574032285,WALKING
9.174037679755793,1.1366557413743852,WALKING
12.8289915902052,-0.48767298649727303,WALKING
13.854927677507998,-0.6734683481636805,WALKING
12.409841498615693,-0.5297312900405702,WALKING
12.283672597361466,-0.6941124641018528,WALKING
10.794863166376201,-0.9061835007950756,WALKING
10.043943130633885,-0.9355402538111749,WALKING
9.569221895214733,-1.204237524365616,WALKING
9.587333170273661,-3.8123207531423806,WALKING
12.241358258485695,-2.232176165208668,WALKING
13.295876613708417,-0.6827850631140999,WALKING
10.77810579240484,-1.7213769444818423,WALKING
12.296369128754431,-0.21132677156215743,WALKING
12.344089605717713,0.06829949578191999,WALKING
11.266462732601227,-1.1209442996674281,WALKING
11.521460098530282,-0.0065814825653199615,WALKING
25.12791509664381,4.927601398186248,WALKING_DOWNSTAIRS
21.86506169869568,2.173750402085555,WALKING_DOWNSTAIRS
18.34856700548442,-2.583355909838774,WALKING_DOWNSTAIRS
19.499304755667673,0.4880381469071997,WALKING_DOWNSTAIRS
16.58132963914892,0.7836186677424726,WALKING_DOWNSTAIRS
21.33517264015013,2.740953533800951,WALKING_DOWNSTAIRS
23.28980011895152,2.802252532608084,WALKING_DOWNSTAIRS
19.346223838126114,2.6139270678698825,WALKING_DOWNSTAIRS
19.07175157663933,2.434626298691579,WALKING_DOWNSTAIRS
17.47633282962814,-1.395151562486181,WALKING_DOWNSTAIRS
15.325091650479937,1.1480712444560466,WALKING_DOWNSTAIRS
18.55181257020985,-0.14647951313273752,WALKING_DOWNSTAIRS
17.82425283954312,-2.5328168438318412,WALKING_DOWNSTAIRS
18.036401892143605,-0.0018341288148658638,WALKING_DOWNSTAIRS
22.64351409539516,0.958725115368467,WALKING_DOWNSTAIRS
20.244099717051707,-1.7002767024391257,WALKING_DOWNSTAIRS
16.742782074227925,1.1014175398203254,WALKING_DOWNSTAIRS
21.216133824936772,-0.6575331360154897,WALKING_DOWNSTAIRS
17.845232289570557,1.2680940642000786,WALKING_DOWNSTAIRS
18.320260902509002,1.5716489229299424,WALKING_DOWNSTAIRS
22.630235944867255,2.7749296200537925,WALKING_DOWNSTAIRS
31.007281317819007,4.63499304433136,WALKING_DOWNSTAIRS
30.996561672826125,4.27322930163214,WALKING_DOWNSTAIRS
17.023424435063536,1.2116639213247726,WALKING_DOWNSTAIRS
17.68645713127275,1.3254750035845448,WALKING_DOWNSTAIRS
14.354898272369695,-8.316501382427935,WALKING_UPSTAIRS
11.549313362052072,-8.48084118768642,WALKING_UPSTAIRS
14.43721173009953,-8.394790417869748,WALKING_UPSTAIRS
14.580589192684883,-7.061798370530259,WALKING_UPSTAIRS
13.991734265501512,-5.541745642759156,WALKING_UPSTAIRS
14.16420647224572,-4.4340246392018,WALKING_UPSTAIRS
13.666212561121581,-5.751257390385553,WALKING_UPSTAIRS
11.59651729425272,-5.414787284906979,WALKING_UPSTAIRS
9.304855956780003,-5.2087268390338135,WALKING_UPSTAIRS
17.795028616139195,-5.9375427281135105,WALKING_UPSTAIRS
15.456990725805882,-5.2331711701950745,WALKING_UPSTAIRS
16.596492595199244,-3.875031444099482,WALKING_UPSTAIRS
16.0825818644274,-2.2070480910548933,WALKING_UPSTAIRS
15.223599823344108,-4.667130977289483,WALKING_UPSTAIRS
18.314639335140637,-5.4280975816612775,WALKING_UPSTAIRS
16.8271404643209,-4.4980327341836075,WALKING_UPSTAIRS
13.408864385314246,-4.368162000329803,WALKING_UPSTAIRS
16.220113193009688,-7.301139753856096,WALKING_UPSTAIRS
14.060477771706482,-6.814173440596487,WALKING_UPSTAIRS
14.67203418762391,-7.301177722097128,WALKING_UPSTAIRS
16.257160411693594,-4.768922984613761,WALKING_UPSTAIRS
18.883274157255993,-4.18539408956081,WALKING_UPSTAIRS
20.11444202254038,-1.9785430945046518,WALKING_UPSTAIRS
17.28324279818488,-1.6393531356639461,WALKING_UPSTAIRS
16.59734729963348,-1.2817905757836132,WALKING_UPSTAIRS
-5.2511596621318954,-5.466593770158207,STANDING
-9.526697761514015,-1.1431043386399082,STANDING
-10.336725005345121,-3.5148983193477115,STANDING
-9.045547406220411,-7.088273851634945,STANDING
-11.535801819404382,-2.893351775780615,STANDING
-12.587812750477616,-1.2361693174155182,STANDING
-13.239557118357624,-0.29942672516860047,STANDING
-13.736557184804717,0.18447202878975713,STANDING
-13.421577960147143,-0.40072978602464193,STANDING
-14.170089749286126,-0.5935879600133007,STANDING
-14.880711634578967,1.0815805132436669,STANDING
-15.060733391788249,2.6119564575752534,STANDING
-15.414184190464148,3.067068010538327,STANDING
-15.305925096350453,4.283812500274704,STANDING
-3.881960597138712,-13.708639752824196,STANDING
-8.314707703208093,-4.43350627960489,STANDING
-10.583123837604111,1.5540023752253196,STANDING
-12.031034109062569,1.6393724710796604,STANDING
-12.213726620305158,2.43749136460842,STANDING
-12.052425038267252,1.229741501601443,STANDING
-13.05085487776455,-0.7646672546941083,STANDING
-14.812072130589527,-0.6191034501467617,STANDING
-14.942412041752956,2.1327362567700665,STANDING
-9.424929800198658,-2.434467168250909,STANDING
-10.783918501166426,3.564760833514474,STANDING
-13.746980449949604,9.150090409617126,STANDING
-14.128494930277592,4.146743058148595,STANDING
-7.131923181343806,-10.922909535871087,STANDING
-11.613381224203724,-3.755070410352824,SITTING
-11.888315828556248,-5.263943711719012,SITTING
-13.927193154536276,-0.5470117870267043,SITTING
-14.582216271903196,3.8135496641889213,SITTING
-14.69138679962928,6.128780273538965,SITTING
-14.499131961568708,3.8889350346977327,SITTING
-14.827738169565688,5.368200464048251,SITTING
-15.792727251875204,7.265262256134945,SITTING
-15.55584661261349,8.394187831560014,SITTING
-14.98292221827755,7.517099409805745,SITTING
-14.962210822379173,3.4681415792809775,SITTING
-8.368137728602095,-11.800625628429929,SITTING
-12.11391084366407,-5.450360551448783,SITTING
-10.930002514472825,-6.416125394740245,SITTING
-11.157071420650366,-5.998548349793624,SITTING
-13.855158649996296,0.8968395137653807,SITTING
-15.167984752617434,4.389081565900826,SITTING
-15.138900213782193,3.2903775560724777,SITTING
-14.72971942985562,5.455649106677779,SITTING
-15.35339524537397,5.750588929291235,SITTING
-15.026977963516241,6.171231459755386,SITTING
-11.172207441378225,-6.182208435774448,LAYING
-13.98650568869128,-1.9180226358106565,LAYING
-14.978493452288248,0.9604353793519194,LAYING
-15.584965876325313,5.814114107624119,LAYING
-16.147133154996876,5.4950734642039984,LAYING
-16.11219780357053,6.504797454462317,LAYING
-16.25256418373105,8.750792173509305,LAYING
-15.520492571958002,5.386457076200475,LAYING
-15.261314558975466,4.388970566464501,LAYING
-15.512767042459878,5.520613244634978,LAYING
-15.254520360090053,3.395570780080181,LAYING
-15.139324838925935,4.014327546647157,LAYING
-11.554382860115147,-5.896868567271546,LAYING
-13.862655940312269,-2.199550954939849,LAYING
-14.788540674977767,1.466914986401913,LAYING
-15.690154626516465,4.765064077131231,LAYING
-16.155821461981365,7.027288915251414,LAYING
-15.834914686037267,6.7229703841917345,LAYING
-15.774818844313454,5.995851578599162,LAYING
-16.102583626615374,6.893771740717185,LAYING
-15.735567366128357,7.671125450325061,LAYING
-15.450130063408814,4.996137136442529,LAYING
-14.655953826137953,2.148776698867524,LAYING
-14.643899395821192,2.549702335512001,LAYING
13.442392641309304,-6.369413072308079,WALKING
17.144885075165007,-1.7667990683857924,WALKING
16.84813646975357,1.8723802415927135,WALKING
18.009130847436616,3.019098385840714,WALKING
17.90221091796802,2.2632690559256936,WALKING
13.586333015030133,0.46514026560241084,WALKING
13.097883164607278,0.7954616246022754,WALKING
13.61485846002957,0.8469831783123228,WALKING
13.876401095054652,1.2381433368395756,WALKING
15.338063948106813,1.0635018475596092,WALKING
16.988639738853063,1.4577273058197808,WALKING
16.540212962384096,0.46438305062153096,WALKING
16.781243012632988,1.3692818575637276,WALKING
21.844005933416863,1.7553651908155659,WALKING
21.861026611173145,3.9782833420828307,WALKING
22.285974559874624,3.908124870019977,WALKING
18.448373953974382,1.3158882130837284,WALKING
20.005713777787733,3.0847610341275034,WALKING
19.245504685857334,3.7891703535654373,WALKING
16.531331683609267,2.2899954007948633,WALKING
17.601509603600693,0.24857184150360737,WALKING
16.359367309525403,0.18122532327710186,WALKING
15.195884962349734,1.9242935873428486,WALKING
15.625683828625,3.35751759229907,WALKING
13.457950491464313,3.0497070607868864,WALKING
15.441801450367624,2.032166570109464,WALKING
19.232657932021432,-0.4087972245414684,WALKING_DOWNSTAIRS
20.7385496394146,0.49507185262508013,WALKING_DOWNSTAIRS
22.34340691413797,2.3767575677854085,WALKING_DOWNSTAIRS
21.743976202595274,1.0119316613057043,WALKING_DOWNSTAIRS
27.29688308857395,1.458959713859117,WALKING_DOWNSTAIRS
27.59162734173023,0.449479021385947,WALKING_DOWNSTAIRS
21.4053747860285,-1.1359590341641752,WALKING_DOWNSTAIRS
24.406488536306668,-1.7090802367772921,WALKING_DOWNSTAIRS
28.99760256737764,1.4164934687509232,WALKING_DOWNSTAIRS
28.443727662855697,2.6310875515540473,WALKING_DOWNSTAIRS
28.66595755235956,4.631601505386224,WALKING_DOWNSTAIRS
30.660627670495405,5.642514562893593,WALKING_DOWNSTAIRS
24.615134003292535,1.0625703210577109,WALKING_DOWNSTAIRS
25.725488957454683,4.067870435928921,WALKING_DOWNSTAIRS
22.856139580413632,3.6344599255000967,WALKING_DOWNSTAIRS
24.254454002515196,-2.0324999597778284,WALKING_DOWNSTAIRS
26.919380809484416,1.550692576650064,WALKING_DOWNSTAIRS
25.81385045193784,2.4422538835240575,WALKING_DOWNSTAIRS
26.0965696432284,2.063790160417196,WALKING_DOWNSTAIRS
24.191353718550438,2.839787306539479,WALKING_DOWNSTAIRS
18.577095819531067,2.6922331195035705,WALKING_DOWNSTAIRS
18.318145835494377,-0.08922394995395375,WALKING_DOWNSTAIRS
17.4223501744589,-5.357700697182559,WALKING_UPSTAIRS
15.915689460791357,-4.620194474534796,WALKING_UPSTAIRS
18.66020532418967,-2.996506306951489,WALKING_UPSTAIRS
20.964593380697057,-1.8098596937927696,WALKING_UPSTAIRS
16.790625481545842,-4.984266142344766,WALKING_UPSTAIRS
17.245545997864387,-1.0373116136531706,WALKING_UPSTAIRS
14.904307136777806,-1.5961284498049915,WALKING_UPSTAIRS
12.842420990713084,-4.0552402275452595,WALKING_UPSTAIRS
16.56557670697759,-4.278603293436037,WALKING_UPSTAIRS
17.03610030821532,-0.9494427855347889,WALKING_UPSTAIRS
17.52348171515538,-4.171637983811932,WALKING_UPSTAIRS
18.95751009514269,-2.7452507519818337,WALKING_UPSTAIRS
18.239897276648975,-3.2445787193571087,WALKING_UPSTAIRS
16.900973801369982,-2.076377284004647,WALKING_UPSTAIRS
14.231394603955113,-0.7771011867657635,WALKING_UPSTAIRS
15.231376584774175,-5.884402443166563,WALKING_UPSTAIRS
20.048750075625648,-4.956004786812762,WALKING_UPSTAIRS
21.14740924907865,-3.841147288382849,WALKING_UPSTAIRS
18.593187251157065,-3.523474698504111,WALKING_UPSTAIRS
15.821240202483052,-5.038599264944062,WALKING_UPSTAIRS
19.32070921621733,-4.357287310092412,WALKING_UPSTAIRS
19.76720551924793,-1.298155340600955,WALKING_UPSTAIRS
-10.45390428354319,-0.968808252591116,STANDING
-12.872818588189892,-3.787085237277975,STANDING
-13.656604878743035,-2.7462843257592215,STANDING
-14.176936907506914,-0.6509675780335986,STANDING
-14.224564192842186,-0.27743801569319304,STANDING
-13.73003169334237,0.2572046803575272,STANDING
-13.325060881802395,-0.5898503283183161,STANDING
-13.675196266518299,-0.1347992248090541,STANDING
-14.373335349320135,0.6464808340075734,STANDING
-15.093154417551407,0.7087537199234123,STANDING
-15.51536886565298,4.699855680744253,STANDING
-15.900170188093858,6.425361712744632,STANDING
-13.059187928963969,0.6203297180080849,STANDING
-9.213660432928792,-9.416997916660899,STANDING
-10.944250498004656,-5.749632633944957,STANDING
-12.918231966221722,-4.453131250030584,STANDING
-14.15472139936372,0.24487847062290288,STANDING
-14.24259930356095,1.4428796163444275,STANDING
-10.802350522269535,-2.576819966427588,STANDING
-10.033533618938588,-2.996538519215693,STANDING
-10.87525410881252,-2.9899606884393792,STANDING
-11.640871862445948,-2.3362950217740965,STANDING
-12.164214510720651,-1.9792828699491132,STANDING
-14.132505910604019,-0.46021385902053,STANDING
-13.247967852660032,-0.6551146607633719,STANDING
-13.363284827774915,-0.3165074454242193,STANDING
-13.867671111833047,0.6083589402655563,STANDING
-13.743568635035807,0.5614841971914495,STANDING
-12.700305786859262,-1.8174394977798047,STANDING
-13.074670909494625,-1.273605661224384,STANDING
-9.51792476125247,-5.624022930406904,SITTING
-14.931754200612215,-0.6249584518718859,SITTING
-12.598569234469748,-1.1566632007227127,SITTING
-12.231243521322778,-1.9490644418514584,SITTING
-13.311230018429287,3.2756626192686555,SITTING
-14.182356401112866,4.0560029981348835,SITTING
-14.24047363100322,6.605372449101468,SITTING
-14.360008275427392,6.253488046731821,SITTING
-12.643767271638842,2.997589815170874,SITTING
-12.088088174851988,3.3797987248661863,SITTING
-12.84486270750485,2.347949068598695,SITTING
-13.332724473759011,3.5674774690091033,SITTING
-14.213777479861044,6.951229361452684,SITTING
-13.95968685134596,4.062323014416238,SITTING
-12.098277667334079,1.1130878266001494,SITTING
-7.960381705462187,-7.157433097403887,SITTING
-11.358982896317276,-3.982188743469985,SITTING
-12.656712744787018,-0.5342147870299991,SITTING
-14.339906352854362,2.5506946657182077,SITTING
-5.257556646977825,-8.46780639282409,SITTING
-4.730611858090842,-6.082989995764622,SITTING
-9.026399101491007,1.2901150663287577,SITTING
-12.7813160574674,-0.13758315577433156,SITTING
-13.622755795862941,3.258953725012866,SITTING
-14.952094553763185,6.826192389860968,SITTING
-15.390674488427267,8.213099446601072,SITTING
-15.094403544464264,7.891325366461869,SITTING
-14.35971835298282,5.598139139751632,SITTING
-14.573016291217666,5.125273642257164,SITTING
-6.9243424461315275,-6.726558952728091,LAYING
-10.257315895358625,0.6388881322546134,LAYING
-11.162414507290805,-0.10407199006143628,LAYING
-11.311152388343546,-0.48945417644891953,LAYING
-13.812001161258427,3.06375000282713,LAYING
-14.079998125323613,4.229961537441154,LAYING
-13.983385866394007,4.145075259776907,LAYING
-14.565437133387114,6.715770140509634,LAYING
-14.154903229850706,4.62926399673626,LAYING
-13.545627563536467,1.4009330133429825,LAYING
-13.930833736614721,3.3648281380142873,LAYING
-15.203508651809685,6.819598586684826,LAYING
-15.216466066653748,4.474871993494223,LAYING
-2.0475693891278555,-8.813921935129713,LAYING
-11.360627896865326,-4.971699968743458,LAYING
-12.701900184704066,-0.9471764752222323,LAYING
-13.579444436736491,2.02734622679648,LAYING
-14.718237713817322,4.190672680011017,LAYING
-14.824947320215804,4.501935411706802,LAYING
-14.817014523106398,4.228802798817084,LAYING
-15.55775714164419,5.086824161430662,LAYING
-13.803937490133947,2.689518059055408,LAYING
-13.6065484245209,3.604561036368789,LAYING
-14.31885574770365,6.307011116645727,LAYING
-14.794616360278358,6.031324384209829,LAYING
-13.750327790530712,5.3407161013251425,LAYING
-12.327761953864082,3.1596572585154514,LAYING
-12.162748094496074,2.0080027925109425,LAYING
9.691946406098246,-3.6560789464262817,WALKING
14.588559001954703,-0.389638286499305,WALKING
14.837214926240243,2.5555620397931986,WALKING
12.224471830804527,1.8443495884509125,WALKING
11.147166630945565,0.3015648307847919,WALKING
9.294184717365347,-0.07846833481312143,WALKING
9.375380449198135,-0.2927277891813532,WALKING
11.102697785195078,-2.6508538999953304,WALKING
13.026530662947927,-1.7398498463489138,WALKING
13.47153066188788,-0.2939980156709746,WALKING
13.28998317283391,-0.4338622421418806,WALKING
12.730006830205278,0.9921518790862466,WALKING
17.04164633643086,4.040329986429043,WALKING
17.211805299106388,3.665791517428951,WALKING
16.300003832404105,3.78697284068262,WALKING
9.249342345238462,-1.663304547728084,WALKING
12.030921829714853,-1.1654957677776592,WALKING
14.422111613916766,-0.16139338991172755,WALKING
14.768261162818614,1.2055154209906895,WALKING
15.745418057743693,2.5629245082697047,WALKING
18.822956616546435,5.132700033793914,WALKING
18.4486157083597,5.353302224261165,WALKING
13.85725223897353,1.3295942130782277,WALKING
12.793866591336265,-0.6020749876996709,WALKING
15.568532185310751,0.8908234257000289,WALKING
16.17410277936399,2.2395515483221895,WALKING
14.256693092811767,1.9146270463013715,WALKING
13.69766848464947,1.2695108592403488,WALKING
12.3969643887458,1.3080550983052688,WALKING
16.597990611614687,0.835912308616842,WALKING_DOWNSTAIRS
21.99637579293383,3.602331627166137,WALKING_DOWNSTAIRS
24.005774429371513,1.3637776181067476,WALKING_DOWNSTAIRS
27.241938591602874,1.6757745275790301,WALKING_DOWNSTAIRS
34.10732372894411,5.5482460475470265,WALKING_DOWNSTAIRS
36.86604655803478,6.3678670301339135,WALKING_DOWNSTAIRS
29.37653892703982,4.661947388256805,WALKING_DOWNSTAIRS
25.944225512852576,5.214572724934553,WALKING_DOWNSTAIRS
29.77731659659648,3.9792669205879836,WALKING_DOWNSTAIRS
30.643185306388318,8.503023994401389,WALKING_DOWNSTAIRS
25.425554261561658,2.4547769682519665,WALKING_DOWNSTAIRS
25.193476138971704,0.7690612645260871,WALKING_DOWNSTAIRS
30.85211791130602,7.742239243601465,WALKING_DOWNSTAIRS
31.31930269046705,9.415192724720898,WALKING_DOWNSTAIRS
21.304037342729153,3.158502867429328,WALKING_DOWNSTAIRS
27.744140743872094,4.626898889222765,WALKING_DOWNSTAIRS
28.097735171324313,4.825628258223166,WALKING_DOWNSTAIRS
26.168929913399936,7.865588480519021,WALKING_DOWNSTAIRS
27.054042860987437,3.603138324262094,WALKING_DOWNSTAIRS
27.742155286487954,3.549206541173831,WALKING_DOWNSTAIRS
27.47800696063139,4.834825162598349,WALKING_DOWNSTAIRS
26.032046241648025,2.2440540922998133,WALKING_DOWNSTAIRS
23.237605480738697,2.725349442575345,WALKING_DOWNSTAIRS
24.72242394776846,4.726556654298615,WALKING_DOWNSTAIRS
12.956443371314998,-7.920885490810879,WALKING_UPSTAIRS
10.596279666458999,-6.613002083036662,WALKING_UPSTAIRS
12.768410590762736,-6.834563746382312,WALKING_UPSTAIRS
13.835834989000846,-6.119537315421765,WALKING_UPSTAIRS
15.646243255990205,-4.04663672917624,WALKING_UPSTAIRS
16.581657658291245,-4.629659664378064,WALKING_UPSTAIRS
16.323376555181948,-7.016914762240674,WALKING_UPSTAIRS
14.643789974998347,-3.6708070595700604,WALKING_UPSTAIRS
18.04020104225359,-1.3783609025988595,WALKING_UPSTAIRS
11.583672657650839,-7.555354102416769,WALKING_UPSTAIRS
15.280904303971113,-4.417012245578747,WALKING_UPSTAIRS
19.459247316639793,-3.768448458111598,WALKING_UPSTAIRS
17.477923667548303,-5.026858553555849,WALKING_UPSTAIRS
17.123402856191092,-1.173711829962002,WALKING_UPSTAIRS
15.254767407707194,-3.4200212858392156,WALKING_UPSTAIRS
15.674624211899378,-3.1317341795082587,WALKING_UPSTAIRS
12.62741017221368,-2.447176556359029,WALKING_UPSTAIRS
17.177106997936182,-5.9069926111030915,WALKING_UPSTAIRS
14.985055585929612,-4.339058141951922,WALKING_UPSTAIRS
14.29783475599638,-7.033813806988474,WALKING_UPSTAIRS
17.679916839275585,-4.809087588913864,WALKING_UPSTAIRS
17.336050404561114,-3.2445005653622445,WALKING_UPSTAIRS
15.352021527679245,-6.83370655399066,WALKING_UPSTAIRS
18.80664132741952,-4.528794953376801,WALKING_UPSTAIRS
18.43315019879299,-2.2569265509997876,WALKING_UPSTAIRS
14.850350242059653,-1.8370338394378447,WALKING_UPSTAIRS
-7.494551579894464,-1.5258902864634027,STANDING
-10.343941254949085,-7.409086860290961,STANDING
-11.629415973467925,0.8710008131333122,STANDING
-11.85693819117954,1.734281943498463,STANDING
-8.023232276288454,-7.277609458258382,STANDING
-5.438404732411887,-6.76037708603787,STANDING
-5.906725845483927,-3.349080340918831,STANDING
-8.886307024343326,-0.8567566423807459,STANDING
-12.53405408101957,2.3836169484725125,STANDING
-12.805860493546682,0.26591993312069195,STANDING
-14.048373694794769,0.8950725132011701,STANDING
-13.903752682970481,3.8321650313360225,STANDING
-13.569221801724598,2.2331426701865897,STANDING
-13.888550903225163,4.328916269376117,STANDING
-9.448629774986383,-3.909805163244516,STANDING
-8.492061934527342,-3.520455574895658,STANDING
-9.235175142998411,-1.4381967700449696,STANDING
-13.093169781658762,-0.6427447584295282,STANDING
-12.687840739986893,0.4013462879805366,STANDING
-13.408076832961527,2.5015023776313523,STANDING
-13.898502500839129,1.8934462958169163,STANDING
-14.557600831396316,2.8054190890183976,STANDING
-14.419021577950595,2.7056707974411753,STANDING
-14.78327467274265,2.816539757282231,STANDING
-14.734813185382826,2.2801494705548375,STANDING
-14.95658986293343,3.843030582716543,STANDING
-10.618268666781557,-2.0230729432806465,STANDING
-5.70309266032612,-5.213128023108471,SITTING
-11.556939023489111,-2.161639666382189,SITTING
-8.33432435397758,1.3082350076492832,SITTING
-8.780683344593932,0.140028914077909,SITTING
-12.746678335872666,-2.1117880116032053,SITTING
-12.8218083784255,-1.411370378064662,SITTING
-13.190744363675975,-0.5711782826702454,SITTING
-14.563967130416271,1.4401004730252551,SITTING
-14.634906072738044,3.2295415848684637,SITTING
-13.875649399673952,0.14042759451920697,SITTING
-13.848762917076844,-0.8759915891412493,SITTING
-9.100705940646424,-1.3235275934508115,SITTING
-10.553899212455947,-6.733764694268439,SITTING
-11.015246276913745,-2.7686667781937553,SITTING
-11.393009308782178,-0.38856675952963377,SITTING
-12.37514623425096,-1.0418224393577806,SITTING
-12.554269887809214,2.811113313402071,SITTING
-12.033297053722336,2.1095729448805995,SITTING
-12.685298734015342,1.9962504890702761,SITTING
-13.800785007486192,6.086953633846877,SITTING
-13.14031413118194,4.245512538454552,SITTING
-12.177864218378293,1.37800142424387,SITTING
-12.65460304370606,1.9736419251949762,SITTING
-14.00900224156389,4.6446797729243325,SITTING
-13.925358309664558,4.262477768518122,SITTING
-13.802353580714184,5.956355313239715,SITTING
6.417099086815645,-12.319457474867034,LAYING
-3.4413833010321566,-2.941033615706374,LAYING
-9.499313500790166,1.5552652030712708,LAYING
-14.41705158342342,4.9608973369977845,LAYING
-14.974254658566364,7.627690246639012,LAYING
-14.251949996972465,8.733540309937736,LAYING
-14.809021870228134,6.599738952635564,LAYING
-14.945728088608705,5.4034739585563285,LAYING
-14.52361551296477,2.7153452999781984,LAYING
-14.685284939092437,1.6153907761217488,LAYING
-14.085714003460028,1.4293743098856821,LAYING
-14.308317523391644,3.2071242150054413,LAYING
-14.792380261128034,4.8202369416480915,LAYING
-13.10636833898778,2.2276841275196286,LAYING
-6.412944563982284,-8.08348861323157,LAYING
-10.28762024753154,-3.560883299633997,LAYING
-11.401324417136244,-0.7936504179826279,LAYING
-11.613381332676225,2.503867377674023,LAYING
-13.460433877803368,5.073698923849378,LAYING
-14.603031398013888,6.002621195484374,LAYING
-14.183089214293712,4.638387603155321,LAYING
-14.543858170299448,5.864480492502248,LAYING
-13.442204110002143,4.569081479519668,LAYING
-13.633002766372718,2.819546716947839,LAYING
-14.577048565462729,4.496730695335888,LAYING
-14.904079474176944,6.70241974017376,LAYING
-15.273094657291969,4.304715609713077,LAYING
-15.004784617969932,5.531826923575919,LAYING
-13.430400096920202,2.4779638552426535,LAYING
23.630871648255344,6.581543172773075,WALKING
24.218668133320463,8.774865476755815,WALKING
23.802584246046415,8.913330074735583,WALKING
24.713924228744904,10.251734452138587,WALKING
29.105951811872373,15.419048971280063,WALKING
28.87190757250513,16.318361002271136,WALKING
21.141067362521394,9.355335876235122,WALKING
18.78755269967848,8.347793863234862,WALKING
21.002486967003442,8.985385278137876,WALKING
23.559931194967092,8.466801294344116,WALKING
22.114932443936855,6.568823012155972,WALKING
17.662260037568256,3.5239627503329034,WALKING
21.11486020582947,6.198189967553453,WALKING
25.378020642751967,10.605863251689804,WALKING
22.38097012545188,4.9689275662243695,WALKING
24.110803173218862,6.653847605325376,WALKING
20.296375880603854,4.444818480758041,WALKING
23.372213732373428,7.699791757593604,WALKING
24.761419714179965,9.177199573373791,WALKING
26.503748161513265,12.316909398274127,WALKING
27.38024007804056,11.684561243112112,WALKING
28.290285818465104,11.18444599784225,WALKING
26.681713806810222,10.996826999526675,WALKING
21.557336938857247,7.507193403563259,WALKING
22.611583364527128,10.647974908662194,WALKING
25.205129610023032,13.435891225790488,WALKING
25.34922079788351,12.985730196162216,WALKING
24.930131247407644,11.367100591107512,WALKING
44.68706165740177,17.03833689463493,WALKING_DOWNSTAIRS
40.989667037889944,15.168553776343598,WALKING_DOWNSTAIRS
46.074555387791946,17.453695785137306,WALKING_DOWNSTAIRS
42.3293191027338,17.040819061047646,WALKING_DOWNSTAIRS
49.25331344864979,24.897721740002723,WALKING_DOWNSTAIRS
54.313005250550844,23.88943661818547,WALKING_DOWNSTAIRS
45.65432115627398,17.040315234079614,WALKING_DOWNSTAIRS
43.67946040560693,15.773836157116483,WALKING_DOWNSTAIRS
57.47469076714041,22.597158615339815,WALKING_DOWNSTAIRS
46.762479421903585,21.064640005790302,WALKING_DOWNSTAIRS
44.0197631779714,16.16306927371664,WALKING_DOWNSTAIRS
42.75234714733481,15.227225132782316,WALKING_DOWNSTAIRS
40.45170933038556,14.976668639692736,WALKING_DOWNSTAIRS
41.65833456268339,14.256714890540763,WALKING_DOWNSTAIRS
37.06031337876006,14.496243541448061,WALKING_DOWNSTAIRS
34.6502514558017,13.419112381713509,WALKING_DOWNSTAIRS
34.73194241246236,11.77973706532556,WALKING_DOWNSTAIRS
39.00029453877638,11.983480475025111,WALKING_DOWNSTAIRS
38.52413131195856,9.449207609910788,WALKING_DOWNSTAIRS
35.73258777540048,8.925564034856393,WALKING_DOWNSTAIRS
49.69435997666021,21.725655711420245,WALKING_DOWNSTAIRS
45.81802136156282,18.24309068697204,WALKING_DOWNSTAIRS
37.02417324175379,10.561495312310917,WALKING_DOWNSTAIRS
43.96860878304099,13.975041709494587,WALKING_DOWNSTAIRS
21.32850739985205,0.19364022078152868,WALKING_UPSTAIRS
21.18414183080226,1.4138880747767693,WALKING_UPSTAIRS
24.166714856484717,-0.3219765209418928,WALKING_UPSTAIRS
23.99395432611066,-1.738580510175932,WALKING_UPSTAIRS
21.859188973212568,-0.27192268129527974,WALKING_UPSTAIRS
25.33732538364371,1.9825675589649305,WALKING_UPSTAIRS
23.66644673177786,1.5441499729340842,WALKING_UPSTAIRS
20.340374213663218,1.09511486910021,WALKING_UPSTAIRS
20.45062316655194,0.2919307566706455,WALKING_UPSTAIRS
20.40770247038703,-2.2181783041677785,WALKING_UPSTAIRS
22.580612301369342,0.40844817903859576,WALKING_UPSTAIRS
27.477699924236102,2.669861737936717,WALKING_UPSTAIRS
27.530768955783206,3.5633592986018483,WALKING_UPSTAIRS
22.929475049017874,1.0494614250773155,WALKING_UPSTAIRS
28.797213451280946,1.2623951142111933,WALKING_UPSTAIRS
27.452798159334076,0.6290999783738234,WALKING_UPSTAIRS
18.50948246442941,-0.6042700719682866,WALKING_UPSTAIRS
23.163447905969303,0.8740455192129696,WALKING_UPSTAIRS
29.5802652876946,2.6476513713838563,WALKING_UPSTAIRS
31.720703875178117,3.0990181426851,WALKING_UPSTAIRS
26.80859727654843,0.6511299709075833,WALKING_UPSTAIRS
31.190915110602326,1.6140599348522136,WALKING_UPSTAIRS
31.22173193369266,0.6887171197495578,WALKING_UPSTAIRS
23.22042775074703,1.6648158553257517,WALKING_UPSTAIRS
19.26384438877902,0.9441499923326279,WALKING_UPSTAIRS
-9.465274281398782,-5.352294335914982,STANDING
-12.50297228164619,-1.7912542384799734,STANDING
-13.459920972092043,-0.9259921324469667,STANDING
-14.159748257756698,0.05599004873899518,STANDING
-14.774890831284903,1.9496303216633815,STANDING
-14.133441238357277,1.0600012514718962,STANDING
-12.202695660387567,-2.9243154657238124,STANDING
-12.125689310731195,-3.6708688398116154,STANDING
-14.026658964755402,-2.082025323315315,STANDING
-14.958711487418167,0.9080718182266352,STANDING
-13.960686702631842,0.9948583571061891,STANDING
-13.525410341379413,-0.055652613020696885,STANDING
-14.094677543190198,-0.0019447295663011274,STANDING
-15.323137283725707,1.474043362664276,STANDING
-11.978942053036373,-3.061380032246043,STANDING
-10.525974711752053,-8.590307298809012,STANDING
-13.006531889597337,-5.36809943968433,STANDING
-13.416156090835742,-4.6360010774340665,STANDING
-13.839228244817598,-2.1736305719617066,STANDING
-14.23111432330603,0.3733448876715961,STANDING
-13.98509681234502,0.8201706977928851,STANDING
-14.005561533591926,0.8182921346954156,STANDING
-13.012682889879997,0.07088364534819105,STANDING
-12.67797285727478,-0.7018334511039823,STANDING
-12.217068380434844,-0.34479349858008446,STANDING
-12.103178579572315,-0.06697796054753358,STANDING
-13.172409617845975,0.6032413077569222,STANDING
-13.267386036785743,-0.6309065249885759,STANDING
-2.8606180284166514,-15.402348664749208,SITTING
-14.1790896130011,-4.11897842429097,SITTING
-12.820902104397176,-4.613180028957299,SITTING
-11.802805453349116,-4.306321055680179,SITTING
-11.549548054534176,-6.655558208043757,SITTING
-9.827599746766273,-8.899578582509879,SITTING
-10.02189403121315,-7.526139897384608,SITTING
-13.121513879972724,-2.988301402334658,SITTING
-15.024012229076718,1.0855630380801788,SITTING
-15.718553793749665,6.90966576372818,SITTING
-15.676384373987508,6.264435050843219,SITTING
-15.521702406311714,6.494613875133983,SITTING
-2.893611324910137,-16.443414567732617,SITTING
-9.862501803547765,-10.165526034925236,SITTING
-10.81119462795744,-3.9102812975516135,SITTING
-11.558036196049015,-2.070671507457164,SITTING
-11.947927887921518,-1.5557249797429087,SITTING
-14.984756933218119,2.9390264556330843,SITTING
-15.563567632989855,6.178426278065869,SITTING
-15.14584896334825,4.372667320753149,SITTING
-15.383990481969239,3.7641280270178274,SITTING
-15.745618103744086,6.299333397004635,SITTING
-15.993784103064616,6.50472504169898,SITTING
-16.290395224365177,6.011594781931179,SITTING
-16.0960779023358,6.931337425410466,SITTING
-14.080212899450466,2.1096491959380708,SITTING
2.557344751177358,-9.506969103117742,LAYING
-13.67196129596692,-3.0384684707553005,LAYING
-14.542044613438774,0.34511332218244706,LAYING
-15.278949071686263,0.5442621074304815,LAYING
-15.235815644456462,0.5029345173650093,LAYING
-15.285427566007717,0.5890969419528863,LAYING
-15.456003334775112,1.1819574231391363,LAYING
-15.13032006404097,3.6681911479052554,LAYING
-14.934432160812525,3.2288246425798364,LAYING
-14.658896423560691,1.3346905365616135,LAYING
-14.760028588998209,3.2163994222497463,LAYING
-15.776250931699678,3.41588696825893,LAYING
-16.217756049826022,3.8755687482095578,LAYING
-10.130615387883537,-5.356198492780273,LAYING
-6.4308685827741945,-8.159250113787326,LAYING
-13.649945971843824,-5.475688632012341,LAYING
-14.280183136763059,-4.225019175559527,LAYING
-14.79959803449942,-3.523659825608907,LAYING
-15.214322927290114,-2.0977275305474583,LAYING
-14.707279297474866,-2.853849851624976,LAYING
-14.51249460759064,-3.1905683616631437,LAYING
-15.274437328887585,-1.3831913753397083,LAYING
-12.844169940498922,-4.400310163152396,LAYING
-11.935106011987644,-7.019243709213387,LAYING
-13.106619475972149,-2.1855003449496975,LAYING
-14.0027567573058,-0.5522900276945573,LAYING
-14.19773502088113,0.06285861545452423,LAYING
2.463726653382273,-3.715593110422744,WALKING
10.281579036048372,-1.8906532519348622,WALKING
13.456479646007793,-1.124149566126977,WALKING
14.74054455354673,1.544152237382804,WALKING
14.513586007064188,3.340178419285022,WALKING
15.668226205883862,3.150230152833666,WALKING
19.120457223644852,5.288054019309975,WALKING
18.409961529757997,4.113510021750656,WALKING
16.973279685694084,1.3088520170974465,WALKING
16.125185975086236,2.3154746681544793,WALKING
16.43223822471011,2.5503583342892355,WALKING
23.336904155710364,5.460124227404106,WALKING
24.36551568186214,6.329425486933293,WALKING
20.97333743864966,6.937817393700101,WALKING
18.291577313079504,4.5201515137275345,WALKING
15.232464413145467,-0.5737259045770473,WALKING
20.172339843522575,1.4128556561535968,WALKING
21.094799222188506,1.4259699441165026,WALKING
18.831441910232066,3.058254347811054,WALKING
18.90688886383444,5.318085492112503,WALKING
19.414417064905404,4.1909111845631895,WALKING
19.139361817828778,4.777054394152597,WALKING
19.596779860999543,2.4201242559140095,WALKING
20.41150519398465,5.20798085330459,WALKING
21.087020349933844,7.816708234454937,WALKING
23.974750410667752,6.499902736870402,WALKING
24.164458902030802,8.618064052751716,WALKING
20.096848290911183,7.63844027382558,WALKING
19.156395713553078,6.836317263162509,WALKING
9.381733283005202,-0.24215744917746776,WALKING_DOWNSTAIRS
10.983076347633137,1.0532194675763031,WALKING_DOWNSTAIRS
9.738624795823677,-4.527432269446042,WALKING_DOWNSTAIRS
20.356086222365658,1.2860189502512882,WALKING_DOWNSTAIRS
21.548661273168698,0.9056500158555334,WALKING_DOWNSTAIRS
18.739251376111564,-2.594983949350481,WALKING_DOWNSTAIRS
19.287974214441917,1.9089105694975186,WALKING_DOWNSTAIRS
16.486225836868872,2.950167166979407,WALKING_DOWNSTAIRS
13.401113343214439,0.10455946656137785,WALKING_DOWNSTAIRS
13.709971685297473,-0.244299562278235,WALKING_DOWNSTAIRS
11.119558674681688,-3.2023801703758186,WALKING_DOWNSTAIRS
9.642783178272522,-5.716133963252548,WALKING_DOWNSTAIRS
13.656981520942086,-4.79481697553616,WALKING_DOWNSTAIRS
16.29535165892131,-3.7909190741767564,WALKING_DOWNSTAIRS
16.428616284397343,-2.185535304716688,WALKING_DOWNSTAIRS
23.798539205170265,1.3126424560072234,WALKING_DOWNSTAIRS
27.75224072873628,2.360734683503889,WALKING_DOWNSTAIRS
24.289478297976796,3.1223192812981764,WALKING_DOWNSTAIRS
22.167413421894246,2.041254212223911,WALKING_DOWNSTAIRS
21.533450543355656,0.4790994569250422,WALKING_DOWNSTAIRS
24.962046501020282,-0.17440517942786002,WALKING_DOWNSTAIRS
28.976710537352552,2.0118948783261805,WALKING_DOWNSTAIRS
31.744140026449752,4.380610454618182,WALKING_DOWNSTAIRS
31.20259781105838,5.136200856271854,WALKING_DOWNSTAIRS
27.643914424034556,6.329796617537624,WALKING_DOWNSTAIRS
8.441892974418293,-9.98760493770237,WALKING_UPSTAIRS
6.31910977313044,-8.26299370027254,WALKING_UPSTAIRS
6.548161921765436,-4.981635971606147,WALKING_UPSTAIRS
5.706659837777363,-6.795635650215692,WALKING_UPSTAIRS
6.160238337472567,-7.42237638277417,WALKING_UPSTAIRS
6.865463567763964,-8.13391481562145,WALKING_UPSTAIRS
7.011388187077069,-8.509970608947143,WALKING_UPSTAIRS
7.955806571402753,-8.743919969714723,WALKING_UPSTAIRS
6.859335833453315,-11.229296252013599,WALKING_UPSTAIRS
5.89793965422384,-10.260291916157353,WALKING_UPSTAIRS
11.823843958141103,-8.053400113313694,WALKING_UPSTAIRS
7.992565823683854,-7.972244742128536,WALKING_UPSTAIRS
8.548701812317855,-6.702655766841878,WALKING_UPSTAIRS
7.771089774261578,-7.906581240255567,WALKING_UPSTAIRS
7.5005504776105765,-6.156006122824396,WALKING_UPSTAIRS
7.830863467000067,-6.846628583249698,WALKING_UPSTAIRS
9.504099166394571,-7.1552587404529,WALKING_UPSTAIRS
8.442462998483116,-6.06284412690517,WALKING_UPSTAIRS
12.63513540297469,-9.840915406144827,WALKING_UPSTAIRS
10.953985554275116,-8.30110072213764,WALKING_UPSTAIRS
9.966928218595354,-7.398203024989202,WALKING_UPSTAIRS
10.798398944107827,-7.620128491318705,WALKING_UPSTAIRS
9.849168613850898,-8.883368479165807,WALKING_UPSTAIRS
10.42443778532075,-8.729232056406929,WALKING_UPSTAIRS
8.278874646177009,-6.772122413498245,WALKING_UPSTAIRS
6.202088151497025,-6.887104565748168,WALKING_UPSTAIRS
-5.812686993901851,-6.764847214129561,STANDING
-6.012998351254791,-9.72438148819609,STANDING
-9.144382313128201,-6.639503922460057,STANDING
-11.61590830138041,-1.9161505993251389,STANDING
-11.636646671983573,-1.2066983133489444,STANDING
-10.330001046498882,-3.3255907572688015,STANDING
-10.397725406469954,-5.347092363262355,STANDING
-7.482778497079956,-5.758932778726929,STANDING
-7.555155185148909,-5.268638648618011,STANDING
-12.991532666719966,0.9477905765026804,STANDING
-11.722683172286422,-5.2995918778612925,STANDING
-10.16540920168379,-7.586989021338761,STANDING
-9.981067783865331,-8.657420301140474,STANDING
-13.757708135930617,-5.226220444100521,STANDING
-14.56616970178473,-1.9529140269356429,STANDING
-14.061479862276794,-1.4544539847815676,STANDING
-14.177978875406428,-0.4732726871530336,STANDING
-15.248774059465564,2.399363756242096,STANDING
-15.338854451092015,2.636482218579185,STANDING
-14.931426976264813,1.3910300615509203,STANDING
-14.66781988959232,-0.5182433636846124,STANDING
-15.219284183136383,1.037725130794643,STANDING
-15.732677064070902,2.0848794708419063,STANDING
-15.66413518080993,1.8320504105206428,STANDING
-13.252069604902122,-1.0877369029165913,STANDING
-4.20816801743889,-13.845904620196062,SITTING
-11.224528119987776,-3.8290070568011854,SITTING
-10.819185509488474,-2.8947557377981226,SITTING
-7.2908497216821555,-9.818897315522538,SITTING
-6.658062733398019,-12.767175771686453,SITTING
-9.269784336309822,-10.006149086854304,SITTING
-14.960058175117553,-0.4856189008312074,SITTING
-15.683354226091826,0.2498755105250323,SITTING
-15.535369681071243,3.9606535749003395,SITTING
-15.584734315315643,3.371078165085101,SITTING
-15.721145665109729,2.0878894271071164,SITTING
-15.730094186156744,2.5303541841084134,SITTING
-2.3538986321653277,-13.38853804073066,SITTING
-10.888791501955119,-11.207903142977395,SITTING
-12.875527103840462,-6.05514644923154,SITTING
-14.819757560854796,-0.5483850621480768,SITTING
-14.968449543796488,-1.4369577872424673,SITTING
-14.69593757133736,-0.35819811753230335,SITTING
-14.787877772466036,2.257687517358289,SITTING
-15.184123540974245,2.574445406596309,SITTING
-15.88591207858031,3.7653441023741174,SITTING
-15.29727936307264,2.661257568473523,SITTING
-6.403910509996683,-5.227329991468168,LAYING
-13.928022937200337,-5.18608447540001,LAYING
-14.08776712896581,-4.172291191726429,LAYING
-11.292928309021896,-1.0966455210066102,LAYING
-11.600020293511468,0.2428862093808977,LAYING
-15.824128584118592,4.08512291681221,LAYING
-14.881605517810076,-1.3612506971755307,LAYING
-14.160286911777428,-3.5707537989976883,LAYING
-14.532928626312508,-1.6038339013235348,LAYING
-15.42073483130301,-0.8872398033601635,LAYING
-16.062425824927672,1.6786466429822466,LAYING
-15.686543096665421,0.5921071130813242,LAYING
-13.250243776430597,-1.2481706026724924,LAYING
-10.147604685404868,-8.838096644930621,LAYING
-14.241956612478196,-4.6699289742898875,LAYING
-15.235774204643976,0.8594423255119943,LAYING
-15.351197129886197,2.3795206729960015,LAYING
-15.332221576900583,2.1759752946656685,LAYING
-15.725872804111294,1.3582777894565432,LAYING
-15.891818333133028,3.1383717141429566,LAYING
-15.54861425178356,1.531023840619802,LAYING
-15.512388976400988,2.28521220401797,LAYING
-15.42411829078511,2.1904048653334955,LAYING
-15.534039973430906,1.9852073608796443,LAYING
-12.5572219049669,-3.883695583392608,LAYING
16.134298644883422,1.0213818851349579,WALKING
21.59513766834992,8.93631356968588,WALKING
29.204687554592077,12.271509638731375,WALKING
30.516413423040696,10.897307106165837,WALKING
30.69257190178568,10.39309260558685,WALKING
27.558188182182228,7.626232515502386,WALKING
23.735693361841843,5.334199243301782,WALKING
27.134166157484643,7.814334171791662,WALKING
28.68144966782743,12.661806115066883,WALKING
28.738940476850573,13.339860937346874,WALKING
27.939824529034453,9.855094485522478,WALKING
24.46221237132363,7.300077731805237,WALKING
23.049174344425865,6.511107431486578,WALKING
18.682261845698527,3.3967318424165462,WALKING
16.58821210980795,-1.3763869133728694,WALKING
22.20233105166944,4.14101552291326,WALKING
25.67050230454614,5.891479919780069,WALKING
24.911199899725066,8.535289883917837,WALKING
26.36114860726088,10.555910059873007,WALKING
29.558401245392435,10.064376588606185,WALKING
30.023725218555814,12.520886200245922,WALKING
26.279629491332646,8.196533274589008,WALKING
26.643116321284573,7.274960501353927,WALKING
29.893901273657896,11.554066371293905,WALKING
30.719788677556142,13.384201164097012,WALKING
28.467686937400792,13.670498340112612,WALKING
25.416124188951382,7.526900036838993,WALKING
27.18041941546346,6.3129938462075845,WALKING
19.02412494008943,2.143917308344288,WALKING_DOWNSTAIRS
17.325384323700877,-0.4337163848430961,WALKING_DOWNSTAIRS
19.060004149715112,-0.759322113605292,WALKING_DOWNSTAIRS
19.838451403698908,0.48594559395217385,WALKING_DOWNSTAIRS
25.711024968895586,1.6526602084020958,WALKING_DOWNSTAIRS
29.249980381861917,3.7486312632190053,WALKING_DOWNSTAIRS
26.662103780714997,4.764824532464924,WALKING_DOWNSTAIRS
24.37387198162171,3.96459913340722,WALKING_DOWNSTAIRS
18.88765687816754,0.13324139812559047,WALKING_DOWNSTAIRS
20.955776105038684,3.936653912622449,WALKING_DOWNSTAIRS
26.27374789833296,1.4275693415527,WALKING_DOWNSTAIRS
27.52496335351975,4.096045394122623,WALKING_DOWNSTAIRS
22.92801133888015,0.5451364617320316,WALKING_DOWNSTAIRS
25.549445810347812,3.0017319286134843,WALKING_DOWNSTAIRS
20.327406385131457,4.024305386527921,WALKING_DOWNSTAIRS
19.7325050700194,0.12919819071849273,WALKING_DOWNSTAIRS
21.316570775327843,-0.3377392884222936,WALKING_DOWNSTAIRS
28.11782895747392,1.4268456703230457,WALKING_DOWNSTAIRS
31.397646128676705,6.232431701434791,WALKING_DOWNSTAIRS
27.56390924236929,4.85283080321843,WALKING_DOWNSTAIRS
26.231227933320557,5.8868950479164655,WALKING_DOWNSTAIRS
23.034544670541482,6.775668581805615,WALKING_DOWNSTAIRS
11.48039806316599,-7.949496453804374,WALKING_UPSTAIRS
9.697962783049752,-5.55665194018047,WALKING_UPSTAIRS
8.312067206908475,-5.556522865673295,WALKING_UPSTAIRS
9.185254799191302,-6.549594316997527,WALKING_UPSTAIRS
8.231009743779893,-6.7557991426594715,WALKING_UPSTAIRS
9.254631064134676,-10.068311968889534,WALKING_UPSTAIRS
11.567383856408796,-8.350670480332738,WALKING_UPSTAIRS
8.305633701262385,-4.574588652369758,WALKING_UPSTAIRS
7.1697301666683915,-4.912790032193674,WALKING_UPSTAIRS
12.128929818307755,-5.092318446975912,WALKING_UPSTAIRS
12.198518983405787,-3.8793143676295183,WALKING_UPSTAIRS
12.90007807359113,-6.474253827479961,WALKING_UPSTAIRS
10.62409532349017,-7.747602693131921,WALKING_UPSTAIRS
8.238410042620927,-7.625571896462798,WALKING_UPSTAIRS
7.3868042017915805,-8.324442210256533,WALKING_UPSTAIRS
9.245679350327764,-3.249753138602646,WALKING_UPSTAIRS
8.48638366627464,-2.9620840656141922,WALKING_UPSTAIRS
12.60990232760102,-6.1961043491072045,WALKING_UPSTAIRS
13.80637113971554,-4.906441888043795,WALKING_UPSTAIRS
11.322324857259996,-6.022309427981979,WALKING_UPSTAIRS
9.735356299672835,-5.18283677786814,WALKING_UPSTAIRS
8.59458151747607,-7.01207876691467,WALKING_UPSTAIRS
9.116417406672543,-7.721309124927811,WALKING_UPSTAIRS
9.146323961103482,-6.200415057693871,WALKING_UPSTAIRS
6.995863392951507,-6.0459476653883115,WALKING_UPSTAIRS
-8.754047729989175,-1.9596599883484618,STANDING
-12.101589659435724,1.7015752216913251,STANDING
-12.864602669270068,1.3890466870730962,STANDING
-13.049093874028248,-3.7879222636362604,STANDING
-13.79015850503006,-1.6595952383809132,STANDING
-15.136861279054038,-0.4056963637349792,STANDING
-15.27268010582213,1.6986780033191642,STANDING
-15.439168652705362,3.0433962226152236,STANDING
-15.529066361219826,4.592350227647579,STANDING
-15.339444589932036,4.0717157703903935,STANDING
-15.405252701929298,2.835689645172125,STANDING
-15.743524109010846,4.44880397055042,STANDING
-15.461673238042879,4.574072744560258,STANDING
-11.179626514026541,-8.315020668133043,STANDING
-14.970089863984478,-0.8104395197402899,STANDING
-15.378484330391446,3.15789628880617,STANDING
-15.308428243745718,3.5486800419983826,STANDING
-15.095306586871407,4.771875320644486,STANDING
-15.23798922749929,5.225437671011366,STANDING
-15.376484295192464,3.7148461134991395,STANDING
-15.183214836969654,5.150214580874836,STANDING
-15.324990526593098,5.150259503643693,STANDING
-5.438729698722693,-13.130438088094458,SITTING
-12.149053176007094,-9.178934550441987,SITTING
-13.082328620512946,-3.9672449094195295,SITTING
-13.674808308001893,-0.8270073501435107,SITTING
-13.829769999482075,-0.9882403126028896,SITTING
-16.062919213472206,3.921700380620089,SITTING
-16.02818426168897,4.813268355896446,SITTING
-15.961592968809079,4.678334830417217,SITTING
-11.265245993308573,-8.546463976710044,SITTING
-12.901917279041353,-6.137029753543297,SITTING
-14.47495167374321,-1.6723919629300315,SITTING
-15.203475360544914,0.4760413818933133,SITTING
-15.166448646378356,0.8075218507415125,SITTING
-15.556443136361022,3.206307015317406,SITTING
-15.228253990446118,3.2211909739612894,SITTING
-15.482105876243656,3.3350633249442745,SITTING
-15.591295969459425,4.78801684680095,SITTING
-15.307094062018077,4.665474598771842,SITTING
-15.38526683406901,2.437706405069921,SITTING
-15.748226796174126,3.4673833625256996,SITTING
-15.857833002916076,4.4097500387443445,SITTING
-15.722169596340311,4.17091977339145,SITTING
-13.274797943286444,-6.18525863392993,LAYING
-14.620929201711903,-2.63709912255517,LAYING
-15.384604094255362,-0.1557448221002717,LAYING
-16.198222504376197,5.207664608063454,LAYING
-16.384931191921517,5.229499624777934,LAYING
-16.33553314544164,4.733535918893115,LAYING
-16.896875698163424,6.831832189526689,LAYING
-16.684517163591682,8.364970479420474,LAYING
-16.66343771387448,8.473055175250984,LAYING
-16.74092918750778,8.137354020508935,LAYING
-16.95726386782875,7.61373354155435,LAYING
-16.741179791393677,6.417611522614653,LAYING
-16.495473936555193,7.067957861966754,LAYING
-12.839195812605865,-0.3985832423302751,LAYING
-15.189718168811543,0.2737732844330757,LAYING
-15.84861727433962,2.446008526173103,LAYING
-16.24784577750283,5.3177250448259406,LAYING
-16.554538799741408,7.948061063062216,LAYING
-16.73138241052608,8.115923157586371,LAYING
-16.651971569038455,9.582335180463984,LAYING
-16.386391551225337,7.093106654608198,LAYING
-16.300148012977413,6.059040202089859,LAYING
-16.79984348789327,7.8424344605184775,LAYING
-16.826879750684462,6.424778382484125,LAYING
-17.249085353413864,8.79057851163725,LAYING
17.471463740615434,-2.4628466249511827,WALKING
20.840281905618937,-0.40539798328282695,WALKING
22.915579066424044,4.184396519673966,WALKING
18.737410725139164,2.353843323133994,WALKING
18.51699251969592,-0.7696631217160246,WALKING
17.690960775301914,-2.497180118591103,WALKING
17.75965152707815,-1.4022777494414873,WALKING
21.300561473459386,1.6268219163908573,WALKING
21.42367312509343,1.2774739825745396,WALKING
20.57352090580857,-0.12360617015704264,WALKING
22.485012400216537,0.1425901200338288,WALKING
21.830302519585025,1.1736342765623482,WALKING
20.60554642206997,1.793569758958939,WALKING
18.046848328479392,-5.568194158114059,WALKING
20.689660067497893,-3.1632901001598377,WALKING
21.217790812814524,-0.46621375595733977,WALKING
18.95711311811135,-0.9899483107192284,WALKING
18.33031982069738,-2.7442021214256123,WALKING
20.341674165979725,-1.7714582014570226,WALKING
21.092845488627862,0.882840236409071,WALKING
19.719856308176123,-0.9545796175571397,WALKING
19.592472505564498,-0.9858439183538871,WALKING
19.134942203022906,-0.8186134955440028,WALKING
19.57090435981816,-6.3241761514495565,WALKING
27.13681398177424,1.985864573753865,WALKING_DOWNSTAIRS
25.6536612692868,1.9621145550228705,WALKING_DOWNSTAIRS
29.901810554306447,2.888564605879811,WALKING_DOWNSTAIRS
30.273070726109992,3.5651520901207494,WALKING_DOWNSTAIRS
29.06069046081768,2.71396491909991,WALKING_DOWNSTAIRS
30.45789598691445,4.217494497135371,WALKING_DOWNSTAIRS
24.57963969881393,3.5429485403757606,WALKING_DOWNSTAIRS
44.14411710764754,18.616642417043867,WALKING_DOWNSTAIRS
52.40644719853336,23.3130436755051,WALKING_DOWNSTAIRS
45.169754274795544,17.39751648829381,WALKING_DOWNSTAIRS
34.253749447435844,5.693415151085384,WALKING_DOWNSTAIRS
40.662679747378846,11.284717827026022,WALKING_DOWNSTAIRS
37.0296115823701,13.547238243473082,WALKING_DOWNSTAIRS
35.1487731747925,13.378361332299274,WALKING_DOWNSTAIRS
34.14852802536219,12.308362539460415,WALKING_DOWNSTAIRS
32.127271490172255,8.596808427961133,WALKING_DOWNSTAIRS
45.69246726144849,20.582771619951455,WALKING_DOWNSTAIRS
44.92395267817724,19.579915033463905,WALKING_DOWNSTAIRS
31.172656104644915,9.824243074130226,WALKING_DOWNSTAIRS
29.551193920984243,7.899120912705559,WALKING_DOWNSTAIRS
20.386777179448064,-4.389015526724341,WALKING_UPSTAIRS
19.167366818358442,-3.7639832714505492,WALKING_UPSTAIRS
19.391513082433676,-2.3647597861888396,WALKING_UPSTAIRS
20.38110625563705,-1.1930981870031099,WALKING_UPSTAIRS
22.983671856185545,-0.9919636811738907,WALKING_UPSTAIRS
24.00246416376923,-1.7758416420935248,WALKING_UPSTAIRS
18.397156925801823,-5.156260862330562,WALKING_UPSTAIRS
23.75879620909349,-4.611034633146266,WALKING_UPSTAIRS
22.539356357062342,-4.299054207712758,WALKING_UPSTAIRS
21.71845209046585,-2.9029249920872884,WALKING_UPSTAIRS
21.283117806292655,-2.8007138694687415,WALKING_UPSTAIRS
22.38264947108508,-1.8620705542907257,WALKING_UPSTAIRS
23.80562191991085,-2.9808025735536607,WALKING_UPSTAIRS
21.537681869643627,0.08977716574265585,WALKING_UPSTAIRS
24.58971777537061,-3.399666383612942,WALKING_UPSTAIRS
24.491734602401717,-2.3123682232394707,WALKING_UPSTAIRS
24.6388026523175,-1.5791587929490185,WALKING_UPSTAIRS
26.196208649311387,0.14172966180224192,WALKING_UPSTAIRS
28.707722654245817,1.4911080905276393,WALKING_UPSTAIRS
28.73675553028689,0.2549336121532695,WALKING_UPSTAIRS
22.66455372180403,-1.5024121998591347,WALKING_UPSTAIRS
-6.9580008632723,-6.559961892119373,STANDING
-11.837220317741686,-7.470747465338603,STANDING
-13.225085151334099,-5.947741787171025,STANDING
-14.518410253716505,-0.8639266794394366,STANDING
-15.538965826901844,4.492816110159857,STANDING
-16.129454661220976,5.914633784779846,STANDING
-16.064005908713263,7.894460870051048,STANDING
-15.98750376185266,6.015808406912076,STANDING
-16.24646225705229,4.627952308966103,STANDING
-16.015026385207065,4.51800274588911,STANDING
-16.111327744630437,5.8887313082089,STANDING
-15.793111778550665,5.433467030798606,STANDING
-15.809604035442392,5.712775788282016,STANDING
-15.960138708824541,6.808408841643455,STANDING
-15.93674980902321,5.611051092250548,STANDING
-16.238728232196063,6.649775365416366,STANDING
-0.8035899866525708,-15.646738289343098,STANDING
-12.660945998207373,-6.580477890550177,STANDING
-14.09916237561989,-3.5212589014935514,STANDING
-14.079696503194198,-1.3440102245582495,STANDING
-13.708088188023915,-1.1828369831828935,STANDING
-14.027241179764411,-0.47891203838638297,STANDING
-14.834473505533262,2.6105563066076733,STANDING
-15.197981616169653,3.480960984664732,STANDING
-12.957877844610907,-2.2754395347801357,STANDING
-12.390168910013719,-4.228967855638048,STANDING
-12.688750980347038,-4.214190075202878,STANDING
-12.46602899532099,-4.663500104380542,STANDING
-13.015390335880358,-2.1740206139074916,STANDING
-15.704945943692405,5.474815619349778,STANDING
-15.626753276033824,9.932434973335843,STANDING
-14.977118828324151,9.33183632306982,STANDING
-7.448374518210337,-12.641434866097624,SITTING
-14.796277706466412,-4.853256400269516,SITTING
-15.567923395557125,0.22754145589466915,SITTING
-15.993134159712433,3.0512277032342494,SITTING
-16.108757862108135,4.332950573736172,SITTING
-16.132006579741187,2.8904437942518806,SITTING
-16.506129249571057,4.184644253116885,SITTING
-16.17931612828333,5.011134037849244,SITTING
-16.127528718182006,5.637656778937486,SITTING
-16.79578685605369,8.962208620674103,SITTING
-15.24776369570096,6.74551067524328,SITTING
-11.185673751161561,-6.191704800515345,SITTING
-12.767631035243717,-5.246136440123115,SITTING
-13.82816799248713,-3.1340926902799593,SITTING
-14.924868627822779,-0.192600993486413,SITTING
-15.50283824972621,3.092406872891952,SITTING
-15.11342242545679,2.4607354149768135,SITTING
-15.054521557915638,0.14709106730603663,SITTING
-14.806877802339068,1.5048404413131995,SITTING
-15.328893284647611,2.319828630041161,SITTING
-13.509926498383118,-0.8546501120020193,SITTING
-12.492162971137372,-0.15470261809962446,SITTING
-10.030529267649289,-0.028150498609265693,SITTING
-10.462837886625607,0.3657228478341631,SITTING
-3.4325189275871506,-8.816073196084941,LAYING
-12.101177375493576,-7.033592176920974,LAYING
-8.645137908221727,-1.1633026036854646,LAYING
-8.775472880775874,2.1029026065785548,LAYING
-11.574286980832678,5.426452329612624,LAYING
-11.970021368458903,2.705764623035204,LAYING
-11.226037930626381,0.29939042847335573,LAYING
-11.485665839796734,0.9732669599700774,LAYING
-13.784937923447574,3.867693987599144,LAYING
-15.14750761061854,-2.0783904435003184,LAYING
-15.08405161814483,-4.142603336741406,LAYING
-15.005463023741921,-3.2113776939679823,LAYING
-14.906895786299172,-3.768743758869024,LAYING
3.8829765722776792,-11.580432999149643,LAYING
-8.583628676042075,-9.73846780780767,LAYING
-11.988345127269666,-6.69686445638209,LAYING
-14.092577688829588,-4.284304807676923,LAYING
-15.076299039518402,-0.08137885605386472,LAYING
-14.855132396873799,-1.7894898151763403,LAYING
-14.992323125693016,-0.6828697193523644,LAYING
-15.161371156359436,0.27113135860153204,LAYING
-14.673283931415163,-2.3038183380267374,LAYING
-15.096678918733089,-0.10867625746503504,LAYING
-14.783042571828272,-2.356751628139817,LAYING
-15.011492645892405,-1.929502424146595,LAYING
-15.38211464286184,-0.9772488464163027,LAYING
-15.207632960360401,-0.8533851275886615,LAYING
-15.03322049912522,-1.505490378386304,LAYING
-14.790942863755058,-3.230609509536663,LAYING
22.831633146607846,-0.6760183111423776,WALKING
27.914068437033865,1.9573326421696406,WALKING
31.380548443344175,5.623448680474913,WALKING
29.66957300231838,5.695564287267069,WALKING
28.107898199982227,4.385861984295391,WALKING
26.088402164271365,0.6275498758399835,WALKING
26.097925363639376,-0.14364875505345706,WALKING
28.90937019703021,2.812015058188404,WALKING
26.39268963155216,0.6697962963121536,WALKING
26.54567410720497,2.423994787391057,WALKING
22.15906689658931,0.14082425794228645,WALKING
19.701703791794973,-2.0990077617286294,WALKING
21.654720278574416,-2.8897908411371978,WALKING
25.872963260326227,-0.4409998877189065,WALKING
25.443269260953432,1.2351873459876124,WALKING
23.46302546664561,0.21914834379494855,WALKING
23.0442600833473,0.14296420759897213,WALKING
24.50412862236792,0.9382072258362434,WALKING
30.85465059014687,4.930046980801421,WALKING
30.78003985801394,5.1742470050944,WALKING
29.50094259729756,4.940901553175372,WALKING
25.42861389626746,0.7217210700277602,WALKING
21.993830443152277,0.720931008762355,WALKING
19.700428036480755,-1.6510014262440769,WALKING
38.255692196793696,13.403047133938943,WALKING_DOWNSTAIRS
45.07431059222594,14.72958271694388,WALKING_DOWNSTAIRS
49.189553233660845,17.675092824318696,WALKING_DOWNSTAIRS
43.05012996955296,12.300006264652312,WALKING_DOWNSTAIRS
45.05647417642987,15.565760604437202,WALKING_DOWNSTAIRS
37.7191494134003,15.793165998112714,WALKING_DOWNSTAIRS
32.832370223041345,9.50199582791475,WALKING_DOWNSTAIRS
29.836064862603536,5.616186783145986,WALKING_DOWNSTAIRS
36.06394825899936,12.795901500496278,WALKING_DOWNSTAIRS
35.62018770242085,14.520568948265819,WALKING_DOWNSTAIRS
33.49813398450686,9.19580482649647,WALKING_DOWNSTAIRS
33.55003203611291,12.987238221362087,WALKING_DOWNSTAIRS
34.37959622015488,12.283498945924446,WALKING_DOWNSTAIRS
36.32853287719587,13.313818298558987,WALKING_DOWNSTAIRS
36.49436799273526,11.06495912296707,WALKING_DOWNSTAIRS
41.21937862926056,12.149783477140575,WALKING_DOWNSTAIRS
39.500438284246805,8.786042611356201,WALKING_DOWNSTAIRS
29.81650241799787,8.06964001524843,WALKING_DOWNSTAIRS
18.942875140958186,-5.7079599767206775,WALKING_UPSTAIRS
21.86048626646003,-3.085336171106338,WALKING_UPSTAIRS
24.270289732326642,-1.0530827338219106,WALKING_UPSTAIRS
26.79293128916497,-1.9010081006529274,WALKING_UPSTAIRS
22.347908864119624,-2.9720980129109833,WALKING_UPSTAIRS
19.457770582672783,-4.970910212911311,WALKING_UPSTAIRS
19.168938457789373,-2.057556260853522,WALKING_UPSTAIRS
19.07755286905845,-1.6565023434394515,WALKING_UPSTAIRS
27.248159181213584,-1.4539230503794036,WALKING_UPSTAIRS
31.3443223015787,4.110766923257639,WALKING_UPSTAIRS
27.861583907978364,-0.7256816907328485,WALKING_UPSTAIRS
26.59999947308712,-3.454511892364465,WALKING_UPSTAIRS
28.227103654761095,1.0036166385942877,WALKING_UPSTAIRS
32.28166049738237,4.223606963922688,WALKING_UPSTAIRS
25.789145133083,-1.5642439706383722,WALKING_UPSTAIRS
22.732065506514076,-5.3525834794816936,WALKING_UPSTAIRS
22.542791071621433,-7.08373684679379,WALKING_UPSTAIRS
23.601333696192896,-2.774996642585461,WALKING_UPSTAIRS
24.797664988813708,-1.6657639781624072,WALKING_UPSTAIRS
24.181954751492626,-3.883192547819256,WALKING_UPSTAIRS
-14.9018844986456,7.039865484431656,STANDING
-15.17121955993611,1.9132796221262058,STANDING
-15.471848052521471,2.716215631821642,STANDING
-14.662852211427307,-0.05553492334159069,STANDING
-14.576913224982519,-0.6741504264821355,STANDING
-14.752499929684793,-1.105750463062971,STANDING
-14.760861714771833,-1.084007447944042,STANDING
-15.41502845258773,1.918535978295511,STANDING
-16.100863737974308,6.201262169374807,STANDING
-15.983081052044554,5.2846334250308615,STANDING
-15.423857188071835,4.190279211514064,STANDING
-11.79136532034267,-5.542410677760613,STANDING
-15.490891560172914,2.927222269009076,STANDING
-15.7652539319445,5.00154973850378,STANDING
-15.893683818504035,7.807044609267553,STANDING
-15.658723798439489,6.696283969335977,STANDING
-15.844163504521637,6.584943644625034,STANDING
-15.697118605972022,4.635439788577127,STANDING
-15.919813000477028,4.168093367575632,STANDING
-16.203199356183145,5.780357248125532,STANDING
-14.86509350362595,2.5887978964784772,STANDING
-9.268113944854706,-10.30978666941584,SITTING
-14.870181741372825,-3.294360617596803,SITTING
-15.381034655985381,1.522111027335404,SITTING
-14.527410234833013,3.958547871623134,SITTING
-14.13131080737882,4.666031432722841,SITTING
-14.770575696274829,4.740285411601215,SITTING
-15.71989250023699,4.948770180337202,SITTING
-16.19595942543367,7.006666560605813,SITTING
-16.590707227244426,9.549134975125373,SITTING
-16.53860713965441,8.858394947652744,SITTING
-17.273482698170902,11.187359660084253,SITTING
-15.950525594127543,5.200040423599402,SITTING
-15.276137793337254,3.6574693943669567,SITTING
-15.055491921263243,3.2711458894085546,SITTING
-8.89162706542842,-9.986129240781565,SITTING
-12.489667766624716,-6.971892106515979,SITTING
-14.204914676005489,-2.05072374712918,SITTING
-15.700058598567324,3.185750040932203,SITTING
-15.363293175211988,3.7373432963828823,SITTING
-15.633471064306432,3.4984438702930056,SITTING
-15.778947496151641,5.630503486815772,SITTING
-15.635661191617363,3.5918008849253535,SITTING
-15.465253349628098,3.5569904338447675,SITTING
-15.581721200336219,4.421601270060664,SITTING
-16.062554922422795,5.845196779719982,SITTING
-14.579395393780942,1.1581495591127406,SITTING
-9.24960291479096,-9.526130471211248,LAYING
-14.218026144630235,-3.2629040668155085,LAYING
-15.61046757510639,1.7041007549633238,LAYING
-16.23503876128869,3.429421917775937,LAYING
-15.639709416801372,4.106367957988083,LAYING
-14.939399247187481,5.153130601150759,LAYING
-15.526237931821138,6.841265401259739,LAYING
-16.81495923356527,9.481733007382092,LAYING
-16.429670836884984,8.684054681361635,LAYING
-16.570279278139825,8.13274793273143,LAYING
-16.355357326051863,8.983701314640667,LAYING
-16.206212047217708,8.333572492908468,LAYING
-16.10610374024608,6.928989284341388,LAYING
-16.325208554099397,8.915202113440056,LAYING
-13.542717398085768,-1.407182057303984,LAYING
-14.738280985472832,0.018001398061421727,LAYING
-15.24954647992537,2.548105979978061,LAYING
-16.53960684429644,6.694617530010571,LAYING
-17.09520865082841,7.031475077046961,LAYING
-16.61735778072807,8.756156496286536,LAYING
-16.76390721340745,9.780391149216106,LAYING
-16.95613276530823,8.679847115504163,LAYING
-16.731231809293536,8.805092177364754,LAYING
-16.74366961884012,8.900308185395035,LAYING
-16.18992328577189,8.57077018273803,LAYING
-15.874837355097826,7.834342914719019,LAYING
-16.45785056163211,9.03034191190309,LAYING
-16.85763337814194,9.742627239679395,LAYING
-16.737928692943953,8.248941415443028,LAYING
-11.288733543228574,-0.02639996801019082,LAYING
7.457844392593855,-5.264790702290194,WALKING
8.39622644194567,-2.20136628655763,WALKING
9.682726187533227,1.0959002152545514,WALKING
8.577349088355849,-0.6692805982729861,WALKING
7.525358279749338,-4.092587986715137,WALKING
6.148011549156465,-5.950828677224889,WALKING
5.018068888129369,-5.245508269892492,WALKING
4.851027549837196,-4.061767693104594,WALKING
5.194567941517294,-4.260280003363771,WALKING
4.137600515989626,-4.597962185595886,WALKING
3.2342320012599313,-5.784728578567054,WALKING
3.7164080748041477,-6.193672133688085,WALKING
4.336430014633339,-2.9255743036313246,WALKING
4.320747236314503,-3.151770212336851,WALKING
4.874332108190685,-2.5851194310245806,WALKING
4.675092320636889,-2.7542887316004707,WALKING
5.818312373766004,-6.969368352385127,WALKING
5.603788019642648,-5.647236043139602,WALKING
7.514881379369325,-3.611193563783024,WALKING
6.603815771052082,-2.4949725149211366,WALKING
5.457339921730334,-3.551637903004725,WALKING
5.65999919143132,-3.612670619692099,WALKING
5.06233143711194,-5.648907633432378,WALKING
4.4956308321033935,-4.285909377410705,WALKING
4.906170697478445,-2.626415432964634,WALKING
7.559824273510568,-5.7541809241927275,WALKING
4.6862957322460925,-4.2775422072099065,WALKING
4.709370620271081,-5.005196109253884,WALKING
5.356172135582619,-4.313871211785017,WALKING
15.248850345331169,-4.457757542449521,WALKING_DOWNSTAIRS
13.667381980207914,-4.708478242727598,WALKING_DOWNSTAIRS
15.92325622000031,-7.124030205395705,WALKING_DOWNSTAIRS
17.664881812269055,-5.973849023982629,WALKING_DOWNSTAIRS
17.613596184349564,-5.052476197078942,WALKING_DOWNSTAIRS
19.41621174948867,-3.4831714411335706,WALKING_DOWNSTAIRS
16.380883141666747,-2.60106059936691,WALKING_DOWNSTAIRS
19.50006892067234,-4.508951601544052,WALKING_DOWNSTAIRS
20.332756855211017,-1.8406375569009161,WALKING_DOWNSTAIRS
21.546448646101254,-2.8633407714869414,WALKING_DOWNSTAIRS
20.564304024928067,-4.846446480886304,WALKING_DOWNSTAIRS
18.905209682140793,-3.5210830369279655,WALKING_DOWNSTAIRS
18.345787258947773,-4.685834461097831,WALKING_DOWNSTAIRS
13.393107470534478,-5.7474546772925015,WALKING_DOWNSTAIRS
14.672243629460876,-1.270439151324014,WALKING_DOWNSTAIRS
12.58018127469949,-3.37276020700615,WALKING_DOWNSTAIRS
15.48466324179568,-5.1817918293477705,WALKING_DOWNSTAIRS
18.17852393259457,-6.3357513550534375,WALKING_DOWNSTAIRS
18.638618325860737,-3.906041796583553,WALKING_DOWNSTAIRS
19.22228224519289,-3.210036109430781,WALKING_DOWNSTAIRS
16.749518072552505,-3.896519742363641,WALKING_DOWNSTAIRS
21.45266967032715,-4.887116017454102,WALKING_DOWNSTAIRS
7.730372031815111,-14.081019185702836,WALKING_UPSTAIRS
5.916670790838203,-12.133586021422605,WALKING_UPSTAIRS
5.17863770821928,-10.175079003174623,WALKING_UPSTAIRS
6.66009218763092,-8.738958998957626,WALKING_UPSTAIRS
10.239497815110028,-7.721501785147776,WALKING_UPSTAIRS
8.821160744819109,-10.45716631743046,WALKING_UPSTAIRS
8.69300688907858,-10.653688719501865,WALKING_UPSTAIRS
8.078344510001864,-9.972877436733759,WALKING_UPSTAIRS
5.806672993281631,-9.320609153311352,WALKING_UPSTAIRS
6.285634648191865,-10.083062161605246,WALKING_UPSTAIRS
6.986218639965904,-10.512079152036113,WALKING_UPSTAIRS
5.436287052436437,-12.369507031108544,WALKING_UPSTAIRS
4.908481805531693,-12.305656967737155,WALKING_UPSTAIRS
5.984298447387218,-11.866068937712445,WALKING_UPSTAIRS
7.68173473362608,-12.080271157132914,WALKING_UPSTAIRS
6.429364493246522,-9.816036040443162,WALKING_UPSTAIRS
5.062484172936528,-8.773936045423428,WALKING_UPSTAIRS
8.950172641788923,-12.216684241901604,WALKING_UPSTAIRS
7.298798971454112,-10.039986913828267,WALKING_UPSTAIRS
7.00632668872531,-10.762435990875787,WALKING_UPSTAIRS
7.969580217111231,-6.781984251741394,WALKING_UPSTAIRS
8.843786259053978,-6.96109970761056,WALKING_UPSTAIRS
6.712676229510675,-12.176539859995847,WALKING_UPSTAIRS
6.959123803515768,-12.956559663462174,WALKING_UPSTAIRS
7.127077645483876,-11.865487849423955,WALKING_UPSTAIRS
5.689242411676667,-11.061036422167332,WALKING_UPSTAIRS
-15.017731503274032,0.20698289317938082,STANDING
-14.76131692621953,-0.8689271665894926,STANDING
-15.053025367110521,3.766756123804879,STANDING
-15.180398744157607,6.037650016842777,STANDING
-14.868426710256909,4.2073745767816355,STANDING
-15.225869245262352,5.958169387671128,STANDING
-15.146612912697181,7.691028901751521,STANDING
-15.138608196051786,8.109256242822056,STANDING
-15.09384503765656,9.21065830642671,STANDING
-15.38025635110279,9.236887875435,STANDING
-15.022620654782937,7.006941272642906,STANDING
-14.831359676687804,5.935310161085163,STANDING
-15.285526652311948,8.620699429557884,STANDING
-14.578594410939814,5.713339418363416,STANDING
-11.883201813400635,-5.684619294747861,STANDING
-15.378637911623432,0.4330673040157058,STANDING
-14.629610034016498,1.3062079309274768,STANDING
-14.871677696475503,2.4087418529281077,STANDING
-14.975019457433568,4.161285960450584,STANDING
-15.155275558270441,5.959107850912098,STANDING
-15.591646987209925,6.141705959479454,STANDING
-15.598669803585796,5.010052830409254,STANDING
-14.88275987591646,4.248450250102609,STANDING
-14.973087230878676,4.994192074305461,STANDING
-15.396997955312703,4.7715929187653545,STANDING
-13.05772022840692,0.024349246128752024,STANDING
-12.534565769366397,-6.09137877210392,SITTING
-14.0609180260738,-3.9495328579017963,SITTING
-15.577177774088543,1.2784838166264574,SITTING
-15.434910349980115,4.185436523364614,SITTING
-16.27901021659394,8.176431699606013,SITTING
-12.280486140256107,3.543958953751786,SITTING
-12.196138971061705,2.8269068626783693,SITTING
-14.170954967524471,4.435844944602871,SITTING
-14.32921274714976,4.060763775241986,SITTING
-16.810522516461965,6.3357207081745335,SITTING
-14.277965032306895,2.8929264924416045,SITTING
-13.942071133562449,3.272051988244124,SITTING
-11.549778202319274,-0.24160878329461252,SITTING
-11.058955280186998,0.6365796833250545,SITTING
-12.408284460306628,1.0211745316020182,SITTING
-10.321630539116846,-7.756937544730249,SITTING
-12.359477507145588,-3.3698407770370045,SITTING
-12.868086055328924,-1.5505424503232126,SITTING
-14.492032830575429,-0.0858695193412263,SITTING
-15.36375373631343,4.534564429404449,SITTING
-13.181990236525323,1.6267849812194057,SITTING
-12.134495996515671,0.06562553522981832,SITTING
-12.80327051807123,1.2224340613312523,SITTING
-12.830550424060124,2.8157625003827897,SITTING
-11.998031657695135,3.0402389538591827,SITTING
-11.772326139283237,2.8393106535036146,SITTING
-12.011367680979951,0.3314979285377062,SITTING
-8.930053770269055,1.9216764763635958,LAYING
-13.542003342252398,7.407764502043063,LAYING
-13.642425801337847,-0.3900911942604347,LAYING
-15.704801066141645,4.535846012710422,LAYING
-15.800244014863772,6.566619154302249,LAYING
-16.194378276396378,7.312019726304535,LAYING
-14.738526071092457,1.9365433409446797,LAYING
-14.832396689439786,3.0389263102628674,LAYING
-16.31130743173094,8.817140094398992,LAYING
-15.82813103956504,7.117309665627021,LAYING
-14.910766203919048,2.6915024437620407,LAYING
-15.316155647088701,3.855071630707424,LAYING
-13.71899310961179,0.34411351246990196,LAYING
-12.15529965164671,2.7710431930802897,LAYING
-11.040032240191316,2.4560208693420185,LAYING
-8.445975964077988,-5.280333728270035,LAYING
-12.292023621858943,-5.346657534322814,LAYING
-13.26695642259929,-3.8271082106863004,LAYING
-14.787601467374923,1.3043970111860899,LAYING
-15.626901347275165,2.834733898890082,LAYING
-16.301715997928266,4.196780300214893,LAYING
-16.495719053093293,6.5603982046046045,LAYING
-16.550962483439655,6.0323370341115075,LAYING
-16.01745017221557,6.42191614444714,LAYING
-16.117457273418314,6.358550175202293,LAYING
-16.46944535685514,6.627592136157834,LAYING
-16.775050543546623,7.419408955452124,LAYING
6.541917428489239,-4.880377635954581,WALKING
7.40594133808549,-3.5206860669431306,WALKING
9.400355937391744,-2.8324886827582874,WALKING
11.312868221501406,-1.9740190043533674,WALKING
10.10578664436196,-1.1545783352822414,WALKING
9.598165199612811,-2.165937900768063,WALKING
9.50234922712699,-4.89723113587035,WALKING
9.058752630532224,-2.8976762526126407,WALKING
7.598273676522073,-2.252788847916013,WALKING
7.546506639043778,-3.0576567270811945,WALKING
10.037475498772947,-3.542469052319762,WALKING
10.979282956466387,-2.5067760452351036,WALKING
8.890107596482743,-2.766675959147321,WALKING
9.214962340212825,-3.4738788446423547,WALKING
7.869826815153971,-3.293374688595384,WALKING
5.65186223866011,-7.307017354077445,WALKING
9.375442192407057,-4.528610651429459,WALKING
11.764986794365992,-3.0152998580037753,WALKING
9.761551241119191,-2.7693547356271146,WALKING
10.299185946704897,-2.151003249457756,WALKING
8.94353111958409,-4.605610975074736,WALKING
7.2522512277210796,-4.808488965465854,WALKING
9.408187735468887,-1.3381328297701698,WALKING
10.596266876585233,0.3283941815791048,WALKING
8.470929569105294,-2.7779621406685324,WALKING
10.34848692497606,-1.4815554486148914,WALKING
10.033691235549334,-2.222580037906582,WALKING
9.369956511279963,-0.24588506910166874,WALKING
8.590621061583514,0.049158968599014634,WALKING
7.011593508881278,-1.8598946655855364,WALKING
12.225309368291112,-3.1160303850412907,WALKING_DOWNSTAIRS
10.613895662119658,-4.429356625989282,WALKING_DOWNSTAIRS
15.342470115247387,-5.160471875278181,WALKING_DOWNSTAIRS
17.67738376095504,-5.769194135260696,WALKING_DOWNSTAIRS
18.68478820645114,-3.0906504104449746,WALKING_DOWNSTAIRS
18.344466234337844,-3.60456567585701,WALKING_DOWNSTAIRS
16.159866307700348,-3.7978263486102737,WALKING_DOWNSTAIRS
14.533648594118949,-3.712009336332621,WALKING_DOWNSTAIRS
15.711196991277122,-7.9726359108203235,WALKING_DOWNSTAIRS
16.42412581160846,-4.353521654363628,WALKING_DOWNSTAIRS
18.975587447679864,-4.268239292469747,WALKING_DOWNSTAIRS
20.950050244949892,-3.640554674217933,WALKING_DOWNSTAIRS
21.701639074630275,-2.5978809768730056,WALKING_DOWNSTAIRS
22.275859341162946,-2.6766142191166487,WALKING_DOWNSTAIRS
17.16573651730775,-3.7110583740520564,WALKING_DOWNSTAIRS
17.21302137335926,-5.007867134028531,WALKING_DOWNSTAIRS
12.633763132969984,-7.479813753158111,WALKING_DOWNSTAIRS
12.360644044574016,-4.184867162673789,WALKING_DOWNSTAIRS
13.395128724997106,-5.33493675976266,WALKING_DOWNSTAIRS
16.47818543592776,-5.266844339581838,WALKING_DOWNSTAIRS
17.649842939557644,-3.566017798567721,WALKING_DOWNSTAIRS
17.55635784860088,-4.203051509715951,WALKING_DOWNSTAIRS
15.316329169114214,-5.078823651177486,WALKING_DOWNSTAIRS
16.84074367477067,-4.161788123169684,WALKING_DOWNSTAIRS
7.896942517990642,-10.91380422413556,WALKING_UPSTAIRS
7.546518951328289,-7.576552998149501,WALKING_UPSTAIRS
7.0367782718674174,-8.539677700491442,WALKING_UPSTAIRS
7.829667730153512,-12.567295799540886,WALKING_UPSTAIRS
7.9001092316167805,-12.47791614246888,WALKING_UPSTAIRS
7.76211481971009,-13.185293549665948,WALKING_UPSTAIRS
7.845747278460143,-13.423194271947484,WALKING_UPSTAIRS
6.7546502014720415,-11.594029078604983,WALKING_UPSTAIRS
5.114758485508035,-11.669659293354803,WALKING_UPSTAIRS
7.785082552597602,-10.389496221985674,WALKING_UPSTAIRS
8.55102202363876,-8.197091068222184,WALKING_UPSTAIRS
8.929907983680703,-8.47158148082935,WALKING_UPSTAIRS
8.332347718095837,-11.215192060292356,WALKING_UPSTAIRS
7.571411632570712,-11.86807928116982,WALKING_UPSTAIRS
7.494570508259439,-13.07464469198256,WALKING_UPSTAIRS
8.424537458002886,-13.056275663473723,WALKING_UPSTAIRS
5.696369754584814,-11.91246344196742,WALKING_UPSTAIRS
5.890208635001382,-11.490411144266245,WALKING_UPSTAIRS
6.759885865051475,-12.719432199150166,WALKING_UPSTAIRS
5.85995650400802,-9.804719182658046,WALKING_UPSTAIRS
5.323611074026368,-8.555485888804391,WALKING_UPSTAIRS
6.469186371079808,-12.06028925571351,WALKING_UPSTAIRS
5.864980503554411,-9.494161968289951,WALKING_UPSTAIRS
7.475762243161665,-10.02212498094533,WALKING_UPSTAIRS
7.255490637160885,-11.998599240938738,WALKING_UPSTAIRS
6.284172862183703,-11.021485558927592,WALKING_UPSTAIRS
5.2656710847782495,-9.75203476687884,WALKING_UPSTAIRS
7.071726178671538,-9.737509035330465,WALKING_UPSTAIRS
-7.344785311943889,-6.4559770825652985,STANDING
-9.86850806858077,-5.102411154817334,STANDING
-7.789131815674374,-0.8871144714567779,STANDING
-8.148940411453491,-1.034129140902901,STANDING
-13.561948102965207,0.5843243376490399,STANDING
-12.755379184997652,-4.495040832794239,STANDING
-13.082288309486742,-2.9589399273611843,STANDING
-12.93492865054285,-2.3019756440491257,STANDING
-14.022473731978327,0.10680836438655908,STANDING
-15.165684616607548,3.580067292532131,STANDING
-15.658297813303873,1.334652450529546,STANDING
-15.441034694741955,0.9917771920879633,STANDING
-15.08671686997483,2.6796660651306663,STANDING
-15.583879056394712,5.044911909093559,STANDING
-15.52055608945578,3.252664425128325,STANDING
-15.122286534294235,1.6490899420915353,STANDING
-15.247908140756309,1.860629006820007,STANDING
-11.193621672594638,-6.938261151318806,STANDING
-12.395971155036731,-6.940238129854478,STANDING
-13.88755364627158,-2.5747668653551106,STANDING
-14.26545229936314,-0.431716309752056,STANDING
-14.727221909149094,0.44792292114452376,STANDING
-15.457096818857188,1.579213221702993,STANDING
-15.575845826837872,2.250301333876883,STANDING
-15.127494676546073,1.1610061268345981,STANDING
-14.080466173535015,-4.540288819684609,STANDING
-13.813719413280152,-4.480280945929751,STANDING
-14.7612682167344,0.16758828323175454,STANDING
-14.493811203246032,-1.3655103731580818,STANDING
-14.610629911255185,-0.9787943060915345,STANDING
-11.229950400081409,-6.588940454374173,SITTING
-14.271284841665954,-4.67140254943422,SITTING
-14.136600672876575,-3.6998791996460083,SITTING
-14.040883710840458,-3.4384796770428143,SITTING
-14.027944308225843,-1.2452226855296256,SITTING
-13.449072608304665,-1.4814978285790132,SITTING
-13.485408407746462,-2.134165589210307,SITTING
-13.67589534299912,-1.035005243153768,SITTING
-13.740824227084513,0.39690001413822024,SITTING
-14.430354311457755,2.30753107204683,SITTING
-15.354326343879107,4.0494900047847056,SITTING
-14.51589254042187,1.418161215138193,SITTING
-9.709475506495771,-9.672791564794188,SITTING
-12.346987804386309,-4.245259288569693,SITTING
-13.95345913510355,-1.9620046822686392,SITTING
-13.822380427578782,-1.440133024584095,SITTING
-14.303059585660758,-0.033773506051846126,SITTING
-14.725930994040022,1.3760386395200643,SITTING
-13.71864955475298,-0.944827615953887,SITTING
-13.587276543886988,-1.5190870461008146,SITTING
-14.381752477501514,-0.4414058899108597,SITTING
-15.00488495014452,1.8010927399152088,SITTING
-14.689122246789768,0.8209235735107723,SITTING
-15.44791563707297,3.208720949316753,SITTING
-15.950051855399678,5.577305036242166,SITTING
-14.07208632831578,1.2225252287564816,SITTING
-6.29760113048221,-10.831833862925874,LAYING
-9.987295768772254,-8.947972036889405,LAYING
-13.105938644141332,-3.369341574529182,LAYING
-14.992119154929384,0.47376154676486704,LAYING
-15.550622834402873,1.7419846255396763,LAYING
-15.222614652963372,2.3592316229302863,LAYING
-15.09726698717703,1.9465671868882828,LAYING
-15.44759130186714,2.5824733413661156,LAYING
-16.048873291567162,2.6387669297077956,LAYING
-16.279526766002963,4.710447480278401,LAYING
-16.073893698315633,3.2423328287984567,LAYING
-15.740552673134397,0.5854734228785334,LAYING
-10.38950114936089,-8.382943147747815,LAYING
-13.809018636136955,-4.390798030658285,LAYING
-14.816492839209054,-1.1019791131218946,LAYING
-15.280176739718453,1.9560439354178365,LAYING
-15.109811012266753,2.8662684723348453,LAYING
-15.154850763034112,2.105245786242664,LAYING
-15.44304505338615,1.543105464349819,LAYING
-14.919892170597546,-0.43279426061577486,LAYING
-14.741934910780298,-1.4394185183519632,LAYING
-15.23883360019788,-1.2173759945356466,LAYING
-15.362267849597025,-2.173151593368011,LAYING
-12.451828605360667,-5.313264048487289,LAYING
-9.963365714850024,-5.799993882136296,LAYING
7.367486566555396,-8.400790351733889,WALKING
9.972051709066653,-6.840696019770743,WALKING
11.804005866987097,-5.667151164357615,WALKING
12.239695789571256,-5.546304444360728,WALKING
12.104392631276871,-5.609269336348744,WALKING
12.54034401019048,-6.269420448440449,WALKING
11.674803115045652,-6.890688271784532,WALKING
10.850942592418837,-5.857594637659143,WALKING
11.407091344637129,-5.261591573005649,WALKING
8.501002668099893,-6.976743198855708,WALKING
8.093990194207839,-6.873356405660374,WALKING
9.591491622793862,-6.1801898539490665,WALKING
9.964774776856153,-3.3132254331331166,WALKING
8.977929202472042,-2.8555868235452673,WALKING
8.15010059963346,-5.720631617112285,WALKING
8.609524568675793,-6.7689042637238135,WALKING
13.947305930688474,-5.374328423307523,WALKING
15.793700818972749,-2.84962260702332,WALKING
13.688659275671403,-3.7607670768731034,WALKING
13.407385705311405,-4.908669551072288,WALKING
13.005584595493799,-4.134283669195728,WALKING
12.962588326272325,-3.954364165556739,WALKING
12.10090319240045,-5.004343540864379,WALKING
10.017216510044804,-4.49704008217051,WALKING
11.70967517869215,-3.0485318207195244,WALKING
10.87483631758827,-4.842084429523888,WALKING
11.13153607341387,-6.23737697904443,WALKING
11.103695026263889,-5.569895787861577,WALKING
11.271062254441519,-5.670740808233716,WALKING
11.256431476036369,-4.8254478687733995,WALKING
18.884754383793318,-3.1342728405812945,WALKING_DOWNSTAIRS
24.186840692453075,-2.9461740461189194,WALKING_DOWNSTAIRS
33.723824713267696,1.6857891296717926,WALKING_DOWNSTAIRS
32.881949357952564,3.180652991669632,WALKING_DOWNSTAIRS
27.786184499212236,1.8724665507082283,WALKING_DOWNSTAIRS
25.471704845822508,-2.6782789972403616,WALKING_DOWNSTAIRS
25.012250584160142,-1.9909411760461988,WALKING_DOWNSTAIRS
20.424090326233383,-1.6892670156598553,WALKING_DOWNSTAIRS
24.56721965745837,-3.500312676296817,WALKING_DOWNSTAIRS
32.15949398850661,1.3427469547799162,WALKING_DOWNSTAIRS
33.00574598774694,1.7865020428633511,WALKING_DOWNSTAIRS
29.649189055486588,1.4526464190595345,WALKING_DOWNSTAIRS
36.08582479088749,3.920471515376614,WALKING_DOWNSTAIRS
37.11517882738438,3.138611174341041,WALKING_DOWNSTAIRS
24.556906878687048,-0.5889811412740711,WALKING_DOWNSTAIRS
21.427105373312834,-0.4912237693973516,WALKING_DOWNSTAIRS
26.257901467952454,0.0062175309028573945,WALKING_DOWNSTAIRS
29.617417840071724,4.508902883388787,WALKING_DOWNSTAIRS
39.326363296845756,6.720902458887707,WALKING_DOWNSTAIRS
36.81308856575836,4.1903717232219595,WALKING_DOWNSTAIRS
27.344033166860477,-2.7339785850154907,WALKING_DOWNSTAIRS
40.25733963841951,5.473139428156163,WALKING_DOWNSTAIRS
35.20383559080613,6.754296994194511,WALKING_DOWNSTAIRS
27.548759201652445,6.335368718415459,WALKING_DOWNSTAIRS
18.4950485784148,-12.072121144812726,WALKING_UPSTAIRS
20.979889193264786,-8.987789074137533,WALKING_UPSTAIRS
23.640517646926835,-9.833480122492947,WALKING_UPSTAIRS
21.846337112309385,-10.905150878876354,WALKING_UPSTAIRS
20.442672341300575,-12.328471204481675,WALKING_UPSTAIRS
22.301662011969967,-10.93666168582144,WALKING_UPSTAIRS
20.018571336497185,-11.632765485377542,WALKING_UPSTAIRS
17.517783933294734,-12.054975619757945,WALKING_UPSTAIRS
16.08274252267689,-12.550428585177304,WALKING_UPSTAIRS
19.113888257329023,-12.791112780601974,WALKING_UPSTAIRS
22.06712976822586,-10.12717252053919,WALKING_UPSTAIRS
28.236372422223276,-11.29504857426997,WALKING_UPSTAIRS
26.753935143994944,-14.229658030698445,WALKING_UPSTAIRS
23.74272462336245,-10.368582180636686,WALKING_UPSTAIRS
24.134563298886583,-9.781543950970502,WALKING_UPSTAIRS
22.879177464728457,-9.417553363524975,WALKING_UPSTAIRS
19.628007269698315,-9.797055944094039,WALKING_UPSTAIRS
17.759314286193614,-9.455072982172991,WALKING_UPSTAIRS
21.81489811008049,-11.880320899207737,WALKING_UPSTAIRS
27.79623746687727,-7.71521757325903,WALKING_UPSTAIRS
31.402325272867515,-7.456400903757799,WALKING_UPSTAIRS
29.745938111646865,-9.27736601387074,WALKING_UPSTAIRS
23.09248721057733,-7.599497211305425,WALKING_UPSTAIRS
23.843795081218428,-8.175015620851827,WALKING_UPSTAIRS
24.22782038488735,-7.84346404028128,WALKING_UPSTAIRS
23.558843566863388,-4.649118775035726,WALKING_UPSTAIRS
20.362208448043482,-6.5076411149957325,WALKING_UPSTAIRS
-9.30164127220617,-4.334576958025891,STANDING
-9.056885969223247,-9.84091894940798,STANDING
-10.54492566440469,-9.509506116404944,STANDING
-13.972537475615882,-3.7168795889394315,STANDING
-14.65970923342701,0.5549671423015998,STANDING
-14.731190994112005,3.388640128873011,STANDING
-14.734027373855255,4.10059249843187,STANDING
-14.725108656474386,2.626856068548287,STANDING
-11.55305716474348,-1.2164343191414564,STANDING
-11.385590937340858,-1.3944155703106866,STANDING
-11.62377192563763,-3.894442104058114,STANDING
-12.41515483577604,-2.9478638049837285,STANDING
-13.374884583409768,-1.286191755399214,STANDING
-14.284573347948943,0.7854769089433267,STANDING
-14.906423900977412,3.3554529847481436,STANDING
-9.17454504870805,-10.812974937591685,STANDING
-12.067029065269331,-8.024271176619639,STANDING
-9.661545308283511,-6.49419464138821,STANDING
-9.42491923176686,-6.894866720038998,STANDING
-10.712968139070894,-5.90298569503403,STANDING
-11.287611493195719,-4.7684580225325135,STANDING
-9.567726804659415,-4.183305807358101,STANDING
-9.578028315750146,-3.462009116971312,STANDING
-11.678871360385635,-1.6382366115646856,STANDING
-14.371143448905322,0.4545545603596317,STANDING
-10.156433862353461,-2.210244483530257,STANDING
-9.026227252944784,-2.775820183071912,STANDING
-10.0425308334835,-2.6272108425642045,STANDING
-13.35935329920442,-2.353297198197888,STANDING
-13.562461494122353,-2.3617974824321992,STANDING
-1.6120881703224228,-18.42196475643395,SITTING
-11.340345206438954,-6.455228629173892,SITTING
-13.749689636865957,-3.355892311321052,SITTING
-14.403304658076106,-0.2712849879736916,SITTING
-14.46111295376128,2.1406199216295874,SITTING
-15.435336153346757,3.998821479986048,SITTING
-16.222025187757126,7.400278154000319,SITTING
-15.72910830981413,5.7116897845097885,SITTING
-15.2997741986302,3.8371053641474857,SITTING
-15.15108553176054,6.401281314659405,SITTING
-13.671208261297782,3.279941599923086,SITTING
-12.683723357601345,1.1804699793259372,SITTING
-11.468232373568275,-0.06056661258809819,SITTING
-11.951766172018843,-0.5347878239577977,SITTING
-7.441553693954461,-11.362861175321015,SITTING
-8.315187452337039,-9.637676820622724,SITTING
-10.239636566605858,-9.671109111427652,SITTING
-12.01957764857097,-4.700128079531916,SITTING
-12.463128875487495,-3.1472104719998804,SITTING
-12.788325074925941,-2.310911597258966,SITTING
-13.152942026658046,-1.2106602750990436,SITTING
-8.482734980925587,-9.421890842098794,SITTING
-8.498234795069097,-7.697825897864215,SITTING
-11.17007452988085,-3.9683364021219854,SITTING
-13.747687279993803,-2.8711223889220223,SITTING
-15.33335370073206,3.221008130454622,SITTING
-15.899611752216373,3.5157599048557855,SITTING
-14.833204049520647,4.007335461648017,SITTING
5.883984587169502,-19.92701573148611,LAYING
-10.948710827808096,-7.473252535609587,LAYING
-13.594001192868623,-4.145372804208765,LAYING
-14.324847315265524,-4.123453932903622,LAYING
-14.86442901385756,-3.134135810042124,LAYING
-14.921617723121646,-1.3074279516614875,LAYING
-14.749048087357837,-1.3533439973085046,LAYING
-14.35606331618121,-5.554578395692019,LAYING
-14.726042264068104,-3.837349387428861,LAYING
-15.220574087188991,-2.6521503117169467,LAYING
-15.447441629435065,-2.040091590551077,LAYING
7.260755946888489,-18.089169930636206,LAYING
-9.79586136741358,-9.160793123727014,LAYING
-12.452863389258814,-6.744800677338077,LAYING
-13.360757901714692,-4.1709646446218756,LAYING
-10.966969571111633,-4.049705072730079,LAYING
-11.553012046083278,-0.4030487327549483,LAYING
-11.447777496054862,0.7582452448032446,LAYING
-11.131886223063145,-0.07987450099339655,LAYING
-12.819084430591582,2.6085541890798067,LAYING
-11.919699498826796,-1.9487970790043732,LAYING
-11.898868770446171,-2.1212885694426005,LAYING
-13.838839141287687,-0.20355564477551005,LAYING
-12.25669341524657,-3.181290776784441,LAYING
-12.045858714260891,-3.36132439365882,LAYING
-11.81901536302569,-3.932449818213638,LAYING
14.99655088111047,-5.411663580421991,WALKING
14.52877534418626,-5.010295444454872,WALKING
15.982521701942975,-2.8738140269398262,WALKING
17.66395432750137,-2.9453332375325822,WALKING
16.436210686157985,-3.627658444069199,WALKING
15.627775374598325,-5.075935466187495,WALKING
15.746921597422409,-4.506256567853459,WALKING
14.475395611685373,-3.3121787123536235,WALKING
14.094798503819156,-2.5937466277310026,WALKING
13.747356783620871,-3.8423124870730527,WALKING
15.48298091588023,-3.419627642436431,WALKING
15.140901969985876,-2.277358479752063,WALKING
13.558501054457166,-3.408251710460071,WALKING
12.582995238116522,-4.811519129255407,WALKING
10.670695767383952,-3.497488994068297,WALKING
13.492959439286519,-7.179594805438714,WALKING
15.163375548093093,-4.240685470520342,WALKING
15.45892302219476,-3.8093803900553684,WALKING
14.79873515946285,-4.331847540189056,WALKING
16.435098841971097,-4.014082173017292,WALKING
17.52533891807689,-1.8725980394578712,WALKING
16.0583166680073,-0.12785014482089527,WALKING
14.67182709517148,-1.8244439455398003,WALKING
14.722735715172679,-3.2806087171560643,WALKING
14.772801132007134,-2.5323095234006217,WALKING
14.398281987016455,-2.4913599315773034,WALKING
16.59702330811295,-1.4240805341989886,WALKING
17.08808340278861,-1.4621396350380618,WALKING
14.411016523647216,-3.277071459477888,WALKING
25.85110680200378,-2.51558435747773,WALKING_DOWNSTAIRS
36.99382398025354,5.6373079134658095,WALKING_DOWNSTAIRS
38.83610776010957,4.04861422638028,WALKING_DOWNSTAIRS
35.935465574162684,4.596481744690929,WALKING_DOWNSTAIRS
38.3378546521775,3.0743107059748818,WALKING_DOWNSTAIRS
39.145442099854236,2.7600008214986147,WALKING_DOWNSTAIRS
31.19037337965812,3.4752952042872467,WALKING_DOWNSTAIRS
27.14544219832195,-1.3066123142200095,WALKING_DOWNSTAIRS
36.6835156582548,4.57382487054824,WALKING_DOWNSTAIRS
54.985175100394635,13.267730251207256,WALKING_DOWNSTAIRS
52.07553770516505,9.853312794828174,WALKING_DOWNSTAIRS
41.882548384329915,6.946131154680877,WALKING_DOWNSTAIRS
39.49365008525988,5.667185996298398,WALKING_DOWNSTAIRS
34.703241000923605,5.515521115947994,WALKING_DOWNSTAIRS
39.339680431617204,3.516123661501446,WALKING_DOWNSTAIRS
51.49740364383041,11.640880146724985,WALKING_DOWNSTAIRS
59.79059420734504,17.993163119247622,WALKING_DOWNSTAIRS
47.41446740815955,10.304289711423257,WALKING_DOWNSTAIRS
46.28840426090658,7.414176755205741,WALKING_DOWNSTAIRS
48.31238397493467,5.388557312076178,WALKING_DOWNSTAIRS
37.9521637793983,6.349740175057911,WALKING_DOWNSTAIRS
23.7156472631618,-11.401606582199747,WALKING_UPSTAIRS
28.527523773250373,-8.010657484826686,WALKING_UPSTAIRS
33.73944335043804,-6.181915283755259,WALKING_UPSTAIRS
29.475451006001716,-9.462220937753406,WALKING_UPSTAIRS
26.13521384107121,-8.384314796394419,WALKING_UPSTAIRS
25.112892498528968,-10.132954424287005,WALKING_UPSTAIRS
24.35069429839796,-10.267772988374709,WALKING_UPSTAIRS
23.407631159538273,-6.55182468109012,WALKING_UPSTAIRS
19.648768196267408,-6.706755347137653,WALKING_UPSTAIRS
16.039764831509345,-9.395260619152431,WALKING_UPSTAIRS
25.116379101316184,-10.381127009697705,WALKING_UPSTAIRS
25.821515669072426,-6.891660200683485,WALKING_UPSTAIRS
28.198960787348742,-8.450761786599989,WALKING_UPSTAIRS
28.80656405159304,-8.771717027813931,WALKING_UPSTAIRS
25.162396166772773,-7.487886025033263,WALKING_UPSTAIRS
39.29033839423522,0.9921749761501699,WALKING_UPSTAIRS
42.63120478590587,2.242222827201477,WALKING_UPSTAIRS
26.67343678887766,-7.443529139235177,WALKING_UPSTAIRS
24.543982195929395,-7.739348075355043,WALKING_UPSTAIRS
29.318453670504216,-8.568039047128782,WALKING_UPSTAIRS
29.016411206589616,-7.621943698563319,WALKING_UPSTAIRS
25.805092187632113,-7.2295171517878645,WALKING_UPSTAIRS
22.449651065672146,-9.38080214757396,WALKING_UPSTAIRS
25.662326208212846,-7.740223163706114,WALKING_UPSTAIRS
24.247326765093522,-10.927994676390398,WALKING_UPSTAIRS
22.992273126411124,-10.781577394547119,WALKING_UPSTAIRS
19.80777214645724,-10.684469493390582,WALKING_UPSTAIRS
-12.407696224714758,2.1240931110759367,STANDING
-14.332128341089085,-1.5406236304778758,STANDING
-15.282424556035581,2.730852336909019,STANDING
-15.509655032749269,4.538372876932284,STANDING
-14.257614454648222,1.061709030432038,STANDING
-13.171426236482933,-2.7194078764043583,STANDING
-13.852420453330446,-1.1360594423006338,STANDING
-14.820692777518953,1.866594678177218,STANDING
-15.432572401415474,5.56862658613082,STANDING
-15.016266647941041,4.683553099325351,STANDING
-14.474582392729943,2.512847676932023,STANDING
-15.10400694643154,1.9327333775650322,STANDING
-15.832534630216827,4.482804069381001,STANDING
-10.05758235194309,-9.477947248565833,STANDING
-14.027442735231269,-4.581628572491975,STANDING
-14.36139654819489,-1.6570595371300414,STANDING
-13.50378165764433,-0.6556706486321442,STANDING
-11.508227917790697,-6.130766493599301,STANDING
-10.674566172478775,-8.242267984363222,STANDING
-11.835919378977385,-4.335774079661609,STANDING
-13.285424025285444,-1.9536933017421574,STANDING
-13.490536830871791,-2.0886248903086297,STANDING
-13.836074737753778,-0.7953867124897886,STANDING
-15.14650589060573,0.8899994823380427,STANDING
-15.903966380732497,4.239701941039582,STANDING
-16.51506346536249,7.1325614117756,STANDING
-14.732191026430453,1.69496464063193,STANDING
-2.3237502326987434,-14.317409806619128,SITTING
-13.787305939230384,-6.33359736558201,SITTING
-14.928719110784268,-1.9640742286066484,SITTING
-15.94251774574641,2.4689093523547196,SITTING
-16.32526337531415,5.9456176135715975,SITTING
-16.003601556857895,4.488545146663447,SITTING
-15.668811385111631,4.985429144755277,SITTING
-16.11964081858234,7.324522579029717,SITTING
-16.167432795487443,7.868895740699018,SITTING
-15.636798674549008,5.758808174941961,SITTING
-14.563776327763108,-1.4687226361501753,SITTING
-14.649004086985496,1.9838845680142694,SITTING
-8.925405912739475,-11.44673133326281,SITTING
-11.839381380289165,-7.121331121459571,SITTING
-14.36866646399998,-4.337813789327328,SITTING
-13.107375588707367,-2.5908373853453255,SITTING
-12.595993613607899,-3.4877496857655714,SITTING
-13.378078520840957,-1.276117506308029,SITTING
-14.471270168627214,2.86027372871652,SITTING
-15.73571599857231,5.949022611725545,SITTING
-15.770861441720918,4.0626133946251795,SITTING
-15.623925204510229,4.728619026557292,SITTING
-16.024291205546664,7.6890920912784155,SITTING
-15.956081446915642,6.722994480887062,SITTING
-16.0052690874853,5.399489859973328,SITTING
-14.75207629780913,1.0720543164107224,SITTING
-13.568082058875122,1.1541071361964774,SITTING
-5.1446619262279665,-10.500886047153081,LAYING
-11.82564225116921,-5.426957796643926,LAYING
-15.41855357054008,-0.7475226645005824,LAYING
-15.942572863605104,4.72702222318482,LAYING
-16.52400572902064,8.197142171640591,LAYING
-16.956513878355963,10.212455104552301,LAYING
-13.546010513978048,1.0330319598570852,LAYING
-13.618595407444188,1.194546604105787,LAYING
-16.54258080406192,6.717850594969259,LAYING
-16.491165063688744,8.35170757155425,LAYING
-16.25339100485701,7.560888037356461,LAYING
-16.20407062141921,6.736511396250666,LAYING
-16.576069442915728,8.016677738055675,LAYING
-10.016105656570497,-7.1018019923321365,LAYING
-6.192021076832416,-9.01692963682977,LAYING
-4.289145008966649,-11.075987415660727,LAYING
-6.706642290465654,-8.910024678828966,LAYING
-12.270633693620356,-5.505582851700487,LAYING
-14.409492992023353,-1.4630230965274622,LAYING
-14.811472519928992,1.2811119046645947,LAYING
-15.56691022063244,4.024116265055981,LAYING
-11.504265958960014,2.0736413361272352,LAYING
-11.61317910953749,1.1235452280734535,LAYING
-16.04769002153528,2.4703554034478437,LAYING
-15.601872036151292,2.7598262076707614,LAYING
-14.968621684151161,4.004770745615977,LAYING
-15.32099216769425,3.4456964971655206,LAYING
-15.625704615207926,3.234767597692006,LAYING
-15.793680585483559,2.9635606396645775,LAYING
-15.653503625951231,5.107685528721378,LAYING
-14.037740100491611,-1.1664220693067748,LAYING
-13.99541956824479,-1.2122976295612777,LAYING
-15.963441670177854,4.919351942327269,LAYING
-16.104316832364702,6.730213755058347,LAYING
8.635852694632577,-4.891690556344937,WALKING
10.423762600905315,-4.733092794348528,WALKING
11.956856404276275,-3.9062297982970837,WALKING
12.310289929579566,-4.207631224519828,WALKING
12.662371269198243,-1.2663302598461146,WALKING
14.103943696276202,0.7266051523846518,WALKING
12.958297809705204,-1.3116751176502912,WALKING
10.59838825995305,-4.035284882426003,WALKING
8.541359662552361,-2.3651202579945307,WALKING
9.151826090278908,0.7422260662968483,WALKING
11.28444468732098,-1.0155024478821353,WALKING
13.099202474079247,-3.003782524675283,WALKING
11.578613072183506,-3.1158956044127533,WALKING
9.52124577623373,-2.5606282770329236,WALKING
7.502830900275484,-5.784028280370827,WALKING
8.886903298513314,-5.248325198298687,WALKING
9.952448559832083,-4.026875043940309,WALKING
9.541875730502065,-3.2950422528156125,WALKING
9.651945698893531,-3.254506996516036,WALKING
8.863204107988818,-4.541492356642644,WALKING
8.249779309852226,-5.8049376385636915,WALKING
8.630471650648564,-4.919412561959504,WALKING
10.154733099287078,-3.547235833869427,WALKING
11.873464925913257,-2.7488039495530785,WALKING
10.043075892834212,-4.12707982631011,WALKING
8.68121638972995,-4.2822670658486786,WALKING
7.26052979011523,-4.6997905769764765,WALKING
7.305645817438724,-4.496316569452053,WALKING
20.783949672359565,-0.04080028778766074,WALKING_DOWNSTAIRS
18.944938862321028,0.6442031629520587,WALKING_DOWNSTAIRS
20.867002810041356,-0.33245335873784126,WALKING_DOWNSTAIRS
19.718667449746956,-1.3478056723134622,WALKING_DOWNSTAIRS
23.415650978117714,-0.6184987270765158,WALKING_DOWNSTAIRS
26.081516041108863,0.4623825277025661,WALKING_DOWNSTAIRS
21.27749976334686,0.8417976786506269,WALKING_DOWNSTAIRS
18.97468767181338,-3.798168471113067,WALKING_DOWNSTAIRS
19.096106429786595,-0.07807620494254489,WALKING_DOWNSTAIRS
21.039235628599208,-3.8745662716786744,WALKING_DOWNSTAIRS
21.044127684526906,-4.856246656266931,WALKING_DOWNSTAIRS
19.327415933401323,-1.3773289524766568,WALKING_DOWNSTAIRS
20.563488688031068,-2.2209801223094168,WALKING_DOWNSTAIRS
19.80792762048464,-1.4309496349060773,WALKING_DOWNSTAIRS
19.303455289374824,-2.59714479672477,WALKING_DOWNSTAIRS
22.79451469348343,-5.033431539096592,WALKING_DOWNSTAIRS
23.5792345990752,-5.963586813635699,WALKING_DOWNSTAIRS
23.314738672427396,-2.3580862990070734,WALKING_DOWNSTAIRS
22.503339901748372,-2.2997712166592232,WALKING_DOWNSTAIRS
21.85121210211315,-4.719425150539532,WALKING_DOWNSTAIRS
20.184499522087602,-3.7863432824765306,WALKING_DOWNSTAIRS
9.828173052054687,-9.137232524454227,WALKING_UPSTAIRS
8.711993534728652,-10.935061903040713,WALKING_UPSTAIRS
10.10760547752886,-9.467967406008515,WALKING_UPSTAIRS
10.561881975767308,-9.342767115263339,WALKING_UPSTAIRS
8.655457538505434,-8.884651809672185,WALKING_UPSTAIRS
9.837587713508523,-9.044456148545851,WALKING_UPSTAIRS
9.558899810886478,-6.997885147532037,WALKING_UPSTAIRS
10.745548992521,-4.845091920629016,WALKING_UPSTAIRS
7.843576771238926,-7.832447885390281,WALKING_UPSTAIRS
8.865631081443127,-7.302641426135018,WALKING_UPSTAIRS
9.769824916501733,-7.315890036233318,WALKING_UPSTAIRS
9.447909933314268,-7.47186534390636,WALKING_UPSTAIRS
8.724474756805831,-7.11272983206642,WALKING_UPSTAIRS
8.987973841678247,-8.908868091699853,WALKING_UPSTAIRS
8.929252942517683,-7.666190627670245,WALKING_UPSTAIRS
7.251572488498884,-8.01387705341452,WALKING_UPSTAIRS
9.954128111362666,-10.180393576611822,WALKING_UPSTAIRS
9.034795605309396,-8.25779020087231,WALKING_UPSTAIRS
8.479188039832454,-7.488866290020104,WALKING_UPSTAIRS
11.975110041247023,-8.084871896881184,WALKING_UPSTAIRS
10.902018462720235,-6.768548132691093,WALKING_UPSTAIRS
11.632919080448708,-5.618303104350566,WALKING_UPSTAIRS
11.400509066757074,-5.587123184028636,WALKING_UPSTAIRS
8.369030834727386,-5.78130740425776,WALKING_UPSTAIRS
-10.244801103680038,-3.535736820794668,STANDING
-10.580556464113698,-1.2616595606788952,STANDING
-11.279773496808339,-2.872598934102112,STANDING
-11.014231069179246,-7.5125477925399125,STANDING
-12.575339746979555,-3.926962258753564,STANDING
-13.839362737969875,1.64335362091937,STANDING
-14.684290887943074,2.673500821288607,STANDING
-15.348244326801002,4.43306915656661,STANDING
-15.042061054161877,5.189100754603062,STANDING
-15.299119729870366,6.897185378044215,STANDING
-15.654157055280422,8.252215926413552,STANDING
-15.454584248192832,7.20271555137278,STANDING
-15.216377134075342,4.803610033828907,STANDING
-15.181386964724132,4.453263475669624,STANDING
-15.008790188440848,4.1861947275896725,STANDING
-9.75163708083714,-6.801580523860323,STANDING
-10.081396273030226,-7.192926261102914,STANDING
-10.845817543884733,-5.404017777902446,STANDING
-13.751727844876442,-2.8331300910971864,STANDING
-14.950030461198143,2.00799090194182,STANDING
-15.093849672735033,3.929250430387049,STANDING
-13.792878493198371,0.468134236570414,STANDING
-13.678532174568748,0.03104415574755717,STANDING
-14.046633087623164,-0.23210153229157035,STANDING
-14.62466150178698,1.622585628049916,STANDING
-15.743964876712724,5.3405091407625065,STANDING
-11.00187497942616,-8.411581913699719,SITTING
-14.197941058027052,-3.818934823387991,SITTING
-14.093418350900604,-2.0476954229606306,SITTING
-14.35202500557249,2.053164524340517,SITTING
-13.585562138568337,-0.45491767544409695,SITTING
-12.882535889703725,-1.0195740923889556,SITTING
-13.439476345310222,1.621082413031919,SITTING
-15.476744361813816,4.614733853653213,SITTING
-15.368348238368846,4.795245753744353,SITTING
-15.804644529079315,6.233005236652112,SITTING
-15.714437328499347,6.922717018463829,SITTING
-15.628891660904218,6.516455272531504,SITTING
-16.121712081373165,6.629048823515188,SITTING
-15.719115345385728,7.200452972430744,SITTING
-15.338913747880753,8.275699922345655,SITTING
-8.351388538679858,-10.423790980595193,SITTING
-12.548584814500169,-6.2189900012466754,SITTING
-11.079754589248905,-6.235248007872142,SITTING
-10.880330124647084,-6.9570855879411635,SITTING
-13.245766487172032,-1.322546494433061,SITTING
-14.171854285709465,1.9641076187805413,SITTING
-14.623018106492857,2.5827305067519792,SITTING
-16.042007602517124,6.204117474054157,SITTING
-15.907063697755728,7.912458286231024,SITTING
-15.833366934751961,7.336828723055944,SITTING
-15.830106651976468,8.161919080816702,SITTING
-16.12203011010995,9.409894800456634,SITTING
-15.848759873210978,7.756385437152051,SITTING
-14.954268577302004,3.0082937343927805,SITTING
-15.520935523135474,4.422080815061561,SITTING
-16.459940948286313,8.937925335532363,SITTING
-16.228659222469542,6.677670260332944,SITTING
-9.631502179305182,-7.749817546191452,LAYING
-11.648445718594965,-6.671044595678774,LAYING
-15.263913213597057,0.6976456828872589,LAYING
-16.15393123461893,3.3148379791220446,LAYING
-14.222977712494556,-0.5431205357485148,LAYING
-14.169193300501684,0.6890247428224402,LAYING
-15.087199025014588,5.212694507882131,LAYING
-15.755721413483343,6.373529352757663,LAYING
-15.545996870439758,4.636306222798102,LAYING
-15.368979447874716,4.335983742919025,LAYING
-15.308090709946372,3.08699920782926,LAYING
-15.309325915475975,0.7121875294918801,LAYING
-15.719443157448412,2.8338258401301424,LAYING
-16.120518860041138,3.3455623162672277,LAYING
-16.169896310233366,4.748385896917634,LAYING
-16.454292126997952,6.841735574579603,LAYING
-15.565291159352777,7.141207207679891,LAYING
-11.275384194445248,-7.4909214843403875,LAYING
-13.392692112958969,-4.030847071516519,LAYING
-14.468897315183291,-1.0476081961676733,LAYING
-15.875456584133168,3.619949370844325,LAYING
-16.38325324529719,6.591204917159816,LAYING
-15.973267090640967,6.944532502756443,LAYING
-15.655309823082257,5.162121128712588,LAYING
-10.246198569371234,-6.715959119351459,LAYING
-10.099201238244015,-7.84253568975723,LAYING
-12.174696022692187,-4.011190930571736,LAYING
-13.414982755218377,-2.139878501862438,LAYING
-14.79146102362538,0.9904355633511088,LAYING
-16.57611685901836,6.277338353944864,LAYING
-16.693674096205203,8.033777923912005,LAYING
-16.493407232099894,7.769113007319498,LAYING
-16.646410337801246,7.631622906273278,LAYING
-16.41505724957577,8.439066439267847,LAYING
-16.172283973022246,9.026811674444687,LAYING
-13.511591903805325,-1.9832085526762597,LAYING
-12.476833569921638,-6.979841963045463,LAYING
-11.680708527633623,-3.730157169108142,LAYING
14.12304804970904,-2.6621061531732853,WALKING
16.035791188277475,-2.2831279712671426,WALKING
17.138991938202768,-1.7612675550546217,WALKING
15.528845429820638,-1.1973704126406643,WALKING
15.22586136909114,-0.34643740597744543,WALKING
17.61165751839412,-0.008110100207141663,WALKING
14.654678979982974,-1.1815884499543479,WALKING
14.305341138551425,-0.6309271748604266,WALKING
13.775535308240176,-2.1099874104888072,WALKING
16.441137756518724,-0.8701295857062505,WALKING
16.42437366401124,-0.272532671227583,WALKING
15.526417413605772,-0.061557661536449544,WALKING
13.742638279786766,-2.6942152153510106,WALKING
12.38178877770498,-2.818175746548739,WALKING
14.096957521250754,-2.305857591458204,WALKING
15.541969070848626,-0.06826678439890918,WALKING
16.563207814971634,0.890456998391596,WALKING
12.688155650178171,-1.440184025397679,WALKING
11.713834147545471,-1.089011123021868,WALKING
13.636983228332367,-0.021227317261698606,WALKING
13.440884782067066,-1.815759099546494,WALKING
13.087052684045387,-1.3534001802588598,WALKING
11.790513825651573,-1.7983000764731951,WALKING
13.934302882463157,-1.9195075853770949,WALKING
15.296152617688453,0.19989225558177054,WALKING
13.507661257115963,-0.4993250322175917,WALKING
27.376828307751865,2.1825490850325466,WALKING_DOWNSTAIRS
29.270387674644823,2.837881447332369,WALKING_DOWNSTAIRS
26.080805368363208,2.925622701270514,WALKING_DOWNSTAIRS
24.258520329895756,4.981533494512485,WALKING_DOWNSTAIRS
30.311566498190768,5.686560091529666,WALKING_DOWNSTAIRS
34.64927779933318,9.737691127471335,WALKING_DOWNSTAIRS
29.954800602422317,10.725422322992936,WALKING_DOWNSTAIRS
23.167242794257497,1.1348916029274658,WALKING_DOWNSTAIRS
23.306415323282824,0.23696897045970136,WALKING_DOWNSTAIRS
23.406927002752372,-0.31031696766714545,WALKING_DOWNSTAIRS
24.887276830463055,2.2455316452679033,WALKING_DOWNSTAIRS
31.940467068706262,7.8169068677650175,WALKING_DOWNSTAIRS
34.53141947476004,8.080388879897669,WALKING_DOWNSTAIRS
27.25992179280971,0.6948038924361484,WALKING_DOWNSTAIRS
20.982166408525917,-0.8463833139086148,WALKING_DOWNSTAIRS
25.916840968712048,0.039752235479324556,WALKING_DOWNSTAIRS
25.79942263721781,0.481962049466312,WALKING_DOWNSTAIRS
26.314942272368224,4.4516340990870145,WALKING_DOWNSTAIRS
25.702550181765872,2.7220898785626786,WALKING_DOWNSTAIRS
31.833759715695393,6.181047864063324,WALKING_DOWNSTAIRS
27.737544113755025,7.3463022762972034,WALKING_DOWNSTAIRS
13.01456552194893,-8.886791704617465,WALKING_UPSTAIRS
14.46898399724755,-7.768158057723909,WALKING_UPSTAIRS
12.140354944286686,-9.062553325744815,WALKING_UPSTAIRS
13.180388773915908,-7.205493729222791,WALKING_UPSTAIRS
15.80609346006341,-7.697660374210289,WALKING_UPSTAIRS
15.906870323735662,-7.191343288638771,WALKING_UPSTAIRS
11.236987612844391,-6.300699327122485,WALKING_UPSTAIRS
9.62627934444096,-6.240192518613741,WALKING_UPSTAIRS
15.156882748917116,-7.6088462994362835,WALKING_UPSTAIRS
14.65493333981168,-5.47696653662763,WALKING_UPSTAIRS
14.768055278260997,-5.515593378915017,WALKING_UPSTAIRS
13.75979538379692,-7.372354791304801,WALKING_UPSTAIRS
14.036285419200045,-6.063503367732037,WALKING_UPSTAIRS
14.927063236331424,-5.121664103021552,WALKING_UPSTAIRS
14.010991830179618,-3.3829476022113285,WALKING_UPSTAIRS
10.25799373981292,-5.051389118332783,WALKING_UPSTAIRS
12.044832470608279,-9.71063282984457,WALKING_UPSTAIRS
15.751622334178313,-4.892123280270568,WALKING_UPSTAIRS
14.142160533900903,-5.410416183488194,WALKING_UPSTAIRS
12.965795701465026,-6.506132058577304,WALKING_UPSTAIRS
12.168702630539423,-8.335574913934844,WALKING_UPSTAIRS
12.991984206573541,-6.521760923830712,WALKING_UPSTAIRS
15.545740553047242,-2.838753682480121,WALKING_UPSTAIRS
12.682436917916643,-5.645517399549893,WALKING_UPSTAIRS
-14.792203810931824,0.7451663897163033,STANDING
-15.407000770878465,-1.4077470673599628,STANDING
-15.261472419278611,1.178946906452119,STANDING
-15.438793935038776,1.5833577829614423,STANDING
-15.608109666332691,6.444254835818849,STANDING
-15.789087588590153,7.587353063215749,STANDING
-16.2718331811072,8.199128640746334,STANDING
-15.889909030173502,6.6225857567382,STANDING
-15.440127170254108,3.5370870113957116,STANDING
-15.289524619580408,5.102345499348407,STANDING
-15.80578997764244,8.80165456015708,STANDING
-15.52706655977889,7.493637210101481,STANDING
-15.445827679411286,6.15402334301814,STANDING
-15.737731645146123,6.120248938370287,STANDING
-15.660208773697263,6.820297584610204,STANDING
-15.520933235643685,6.072764698200219,STANDING
-15.69003178093798,7.241160606551114,STANDING
-15.695405670857028,8.367049090191145,STANDING
-15.908699868745208,8.377171402894296,STANDING
-15.492147879868087,4.280435400571298,STANDING
-7.340975466009875,-14.290127116552231,STANDING
-12.216407388586237,-7.879494906973902,STANDING
-15.008189411601927,-0.5860408364673841,STANDING
-15.234907711238456,3.1268125941429505,STANDING
-15.738273368768668,8.608994827001933,STANDING
-15.581123579064524,6.704505880272001,STANDING
-15.290475179045284,5.91147775050617,STANDING
-15.353273216820071,7.227635182336351,STANDING
-15.313650841627275,6.168229053293213,STANDING
-15.640431762298832,4.4828197651987685,STANDING
-15.441982785431795,3.8088086943967965,STANDING
-15.537963191121586,3.8743654672948096,STANDING
-16.223937539305822,5.496145638705683,STANDING
-15.520134837269003,7.8598267479803114,STANDING
-15.399355127352612,8.150137730705765,STANDING
-14.909166845237097,3.469798774514365,STANDING
-4.537858706729297,-14.774712657473385,SITTING
-14.246737240948912,-5.421946940790642,SITTING
-14.800463083702244,-0.9768622924646522,SITTING
-11.407078428329363,-5.603529533724839,SITTING
-4.487719649370371,-14.946826071750117,SITTING
-3.2009403840858677,-14.496832071073843,SITTING
-6.046024195498744,-8.303478886379386,SITTING
-14.53061185292399,-1.913502469060902,SITTING
-15.580574601889811,2.7474070633358387,SITTING
-15.722632638744496,4.633754928402173,SITTING
-15.678424080879873,6.295640394171926,SITTING
-15.771707907929942,8.133077867557514,SITTING
-16.390188759823243,7.95256622715265,SITTING
-16.612066147205226,9.81163134075139,SITTING
-16.15016914340885,8.457143149598162,SITTING
-9.406028167105875,-11.903903998393954,SITTING
-12.360037824167199,-5.976045281034345,SITTING
-14.200961938345035,-1.7982217345231195,SITTING
-15.164072375410449,2.6347165718344625,SITTING
-15.11664578221708,3.6489835951948155,SITTING
-15.37309060505181,3.676182521210394,SITTING
-16.260629047543123,6.622513315187714,SITTING
-15.031806199279975,5.316805142342852,SITTING
-15.120205773117696,5.695344951342928,SITTING
-15.393369265512472,7.3477896121441795,SITTING
-15.98909100350527,8.377415196306753,SITTING
-15.976212304747367,8.762661040758116,SITTING
-15.609765447954532,8.6524743861697,SITTING
-15.969227755789685,8.884270509363319,SITTING
-15.64941318068705,6.887509880944927,SITTING
-3.9814557162522792,-11.332991465950567,SITTING
-11.548326328357103,-9.160604403379624,LAYING
-14.042207471086348,-5.680034213275772,LAYING
-15.1777714485634,-0.3144723240921851,LAYING
-15.573099971823003,4.358463277253853,LAYING
-15.616676168252223,6.06099725171872,LAYING
-15.555687383763747,2.5231997480772206,LAYING
-14.951901682689721,1.1537772032164362,LAYING
-14.950754775479199,1.6624228525689413,LAYING
-16.07268739833564,3.003357485751394,LAYING
-15.948107875988208,2.5074973839669443,LAYING
-15.809801120436685,4.916721030272101,LAYING
-15.375845045577023,2.6942494077775465,LAYING
-15.241421088355231,0.683480879274748,LAYING
-15.680403674347247,2.1037844430501655,LAYING
-15.647543920152179,0.5643926585472974,LAYING
-15.055375047074973,-0.41080633200148625,LAYING
-15.203428973819443,-0.33111731771443625,LAYING
-9.266049151896087,-11.813934193451693,LAYING
-13.018728422141455,-6.327783561975257,LAYING
-14.67385787916073,-2.3705731298171266,LAYING
-15.487956031299932,-0.13273584285698123,LAYING
-15.331791823224556,0.15332296925594335,LAYING
-15.632471282301399,0.6275327137292828,LAYING
-15.747180246378628,0.8550051454091683,LAYING
-16.134106296805488,1.6078171975262285,LAYING
-15.922208255456317,0.06687674651978917,LAYING
-15.341371252736215,-0.7636513171315472,LAYING
-15.19203030523915,-0.8732972175898588,LAYING
-15.433035901539741,0.06075597887915892,LAYING
-15.73917895649795,1.6691698724987727,LAYING
-15.719122846579804,2.3465075753979674,LAYING
-15.721769807136656,4.568451980588053,LAYING
-15.99163406053997,4.396279730509714,LAYING
-15.74568845532934,1.6805418948956072,LAYING
-14.012189730916782,-0.04856111087710655,LAYING
7.225198218260605,-4.704032790856163,WALKING
9.119017755694673,-1.044839465193351,WALKING
10.92549948971746,0.6125124399856563,WALKING
10.642026894158935,-1.3752820933954346,WALKING
8.874729227819811,-3.1949240627075466,WALKING
9.527115576513728,-2.4500258313564833,WALKING
10.7052350052341,-1.687329210929689,WALKING
9.725597377254275,-0.10343967767423037,WALKING
9.019462272097227,-0.6208437762069964,WALKING
9.255319937172027,-1.5525257302529585,WALKING
9.061328640538612,-0.7111734529473035,WALKING
6.943854117506561,-1.329267466571881,WALKING
1.502248271165089,-4.7441451971471515,WALKING
4.912930422759121,-2.185446875550725,WALKING
7.024624544152537,-1.7203755000955396,WALKING
7.337555258713067,-1.0984437233891178,WALKING
7.698386157255363,-2.1392929452776155,WALKING
9.179131880501055,-2.0448431637193996,WALKING
10.133915520889245,-0.22111592759859436,WALKING
9.156048824009444,-0.8219075322209302,WALKING
9.115787902469277,-1.595577722821033,WALKING
10.705307508573918,-0.0777418394338811,WALKING
8.51707114065273,-0.10817896619382976,WALKING
8.129307463820439,-2.4182111673363362,WALKING
7.760779185278038,-0.11951754037880442,WALKING
5.645289437634653,-0.23812677355684042,WALKING
12.984981159309843,-2.4052864163137313,WALKING_DOWNSTAIRS
13.00587062601518,-3.820541227911802,WALKING_DOWNSTAIRS
12.898631927536814,-4.5028045305935995,WALKING_DOWNSTAIRS
13.302675805949129,-3.924301991138563,WALKING_DOWNSTAIRS
20.910664262188796,1.7329764178942195,WALKING_DOWNSTAIRS
23.07064308100692,3.7225804072531004,WALKING_DOWNSTAIRS
14.468849858177336,0.5634437656004028,WALKING_DOWNSTAIRS
12.595082607874193,-1.2319320014170867,WALKING_DOWNSTAIRS
12.876828512257038,-3.331233452642351,WALKING_DOWNSTAIRS
13.046309797958571,-3.555094542808779,WALKING_DOWNSTAIRS
15.881319429978248,-4.356281871368588,WALKING_DOWNSTAIRS
18.789621739728187,-3.475664588720496,WALKING_DOWNSTAIRS
19.513957119373305,-4.354239905273735,WALKING_DOWNSTAIRS
20.496777698739916,-1.634691703715201,WALKING_DOWNSTAIRS
15.976879473583846,1.2946992528301662,WALKING_DOWNSTAIRS
15.937496352462126,0.7019420561458123,WALKING_DOWNSTAIRS
14.921514540039299,-4.528779472627485,WALKING_DOWNSTAIRS
16.44091157059215,-1.2865666838920442,WALKING_DOWNSTAIRS
16.175837907918847,-1.5994096111758167,WALKING_DOWNSTAIRS
19.561108810577007,-0.33048427878442366,WALKING_DOWNSTAIRS
21.970717255454133,-0.1989951617562615,WALKING_DOWNSTAIRS
21.53762641261995,0.7702428438971358,WALKING_DOWNSTAIRS
17.85117428313635,3.6848509271016794,WALKING_DOWNSTAIRS
16.80404494307698,1.3006328804446767,WALKING_DOWNSTAIRS
6.495581683876426,-12.268466300442231,WALKING_UPSTAIRS
5.720290708897482,-10.311633313495285,WALKING_UPSTAIRS
6.9368655115293745,-9.215448074578314,WALKING_UPSTAIRS
6.759665511629352,-10.470076017858656,WALKING_UPSTAIRS
5.924139488216275,-9.026184499232057,WALKING_UPSTAIRS
9.011218824977794,-8.142932833796475,WALKING_UPSTAIRS
9.040437127779958,-9.835258555649183,WALKING_UPSTAIRS
6.7041530190420175,-10.527788462991435,WALKING_UPSTAIRS
5.406173768575568,-8.79087344103814,WALKING_UPSTAIRS
6.885767309961401,-11.420510842983063,WALKING_UPSTAIRS
5.8614538303183155,-9.888653127766501,WALKING_UPSTAIRS
8.581586878883185,-8.463004472304307,WALKING_UPSTAIRS
8.933180404718128,-7.570010672143551,WALKING_UPSTAIRS
4.422229110145401,-8.427160523644165,WALKING_UPSTAIRS
4.4424612944165425,-6.971121625481509,WALKING_UPSTAIRS
4.572121105011827,-8.493791055883976,WALKING_UPSTAIRS
3.5027501347280916,-11.969377426579472,WALKING_UPSTAIRS
3.0167664372969734,-9.661912821726263,WALKING_UPSTAIRS
5.752968091190484,-11.286066556220762,WALKING_UPSTAIRS
6.839948002608981,-9.277353067733657,WALKING_UPSTAIRS
6.711003475980491,-8.69006793890628,WALKING_UPSTAIRS
6.7916322826919835,-8.883112331047894,WALKING_UPSTAIRS
6.340178012922653,-8.753157966533747,WALKING_UPSTAIRS
5.436431617749957,-9.4043512490947,WALKING_UPSTAIRS
6.168411427801946,-9.29491322374829,WALKING_UPSTAIRS
5.314213746561382,-9.00584117355572,WALKING_UPSTAIRS
4.071772232750165,-7.211223585379323,WALKING_UPSTAIRS
-13.435879336975926,-1.4613693032324235,STANDING
-14.632954857668244,0.2952368325128319,STANDING
-15.416992546769137,2.702187336213177,STANDING
-14.88580118651281,-0.7463417006026504,STANDING
-14.970677279450515,0.29914238967462436,STANDING
-15.000281626563217,0.18482007574974738,STANDING
-14.567388838822486,0.25246843937193725,STANDING
-15.264517901776415,4.2375577952690575,STANDING
-15.920989225997136,6.988889494481977,STANDING
-15.503162408396868,3.044086072845091,STANDING
-11.656824928051808,-6.053033627717301,STANDING
-11.226730569166422,-6.519579410912182,STANDING
-13.021488351190296,-1.4398329848953284,STANDING
-15.572661952332647,2.8518892509413876,STANDING
-14.891886727639612,3.77915525376497,STANDING
-14.518608740267975,0.9207526512185857,STANDING
-14.119560564716773,-2.2581498726400646,STANDING
-13.973103147014395,-2.8029846853615616,STANDING
-14.22841899838837,-0.5073123358632723,STANDING
-14.678639737375564,0.07049659603463088,STANDING
-14.422558191137178,1.6741094436028245,STANDING
-14.209245076910351,0.1364048847939706,STANDING
-14.105881384218598,-0.13184511401468493,STANDING
-13.904794745878394,-0.3856827805918419,STANDING
-11.621730214642207,-10.012188800995547,STANDING
-13.360883410187835,-3.270187966111155,STANDING
-14.52630223868982,-0.16763419541477784,STANDING
-13.326620035034631,-3.1872386015960155,STANDING
-10.079634983046315,-6.457247859742137,STANDING
-10.383344010691694,-5.563693935381903,STANDING
-14.920348878656949,0.4901209915353104,STANDING
-14.881354768741707,1.8663693916927484,STANDING
-15.095115413707635,2.551954988378414,STANDING
-14.702045723887469,0.11384472033396492,STANDING
-11.976658212336279,-5.786129465927083,STANDING
-9.917532960454595,-9.317287825101493,STANDING
-10.268652209185213,-9.637194838022179,STANDING
-14.759403034514222,-2.222692436118005,STANDING
-14.652054571552936,-1.2957544823010287,STANDING
-13.960218265733346,-3.6433425405394617,STANDING
-14.47643496180629,-2.228153118941538,STANDING
-11.951135633360197,-3.1769067811381144,STANDING
-14.604086123053715,-3.0722737884888467,SITTING
-15.106266173453378,-0.03632931314674057,SITTING
-15.752272795462833,4.7904139677558835,SITTING
-15.955618215115711,6.718295598698378,SITTING
-15.725844544809211,8.047369982911313,SITTING
-15.716012347252684,6.990061806182841,SITTING
-15.781505041518523,6.168596687283672,SITTING
-15.482862426208065,5.105260990580344,SITTING
-15.651522986415667,2.950641170587888,SITTING
-15.22605786636667,2.542046974789384,SITTING
-14.900886873510455,1.5101140258649,SITTING
-15.13896085894985,2.7747493586626715,SITTING
-15.58094285160966,4.637749053837779,SITTING
-15.557470560912147,6.724582871256564,SITTING
-15.206146538967694,5.780814740999284,SITTING
-15.180902826836626,4.986701242540113,SITTING
-15.27942589476483,3.3194957508024845,SITTING
-15.530535060269044,3.5983158343793384,SITTING
-15.866925958529114,4.609642433129732,SITTING
-15.756556253057306,6.2812631707546265,SITTING
-15.824865329553749,6.978820621287965,SITTING
-13.122813470265072,1.3759805592389889,SITTING
-11.249233318530004,-7.668209877475173,SITTING
-12.383578706736888,-4.348110296434632,SITTING
-12.78574618571438,-1.9718381204340247,SITTING
-13.616554967688817,-0.6872080883022385,SITTING
-14.842862445913225,1.0695344833018097,SITTING
-15.100902008690632,3.9214877053757493,SITTING
-15.318035506531194,4.315928614240221,SITTING
-15.704781018595057,6.463656309008385,SITTING
-15.526686238587777,5.159042233341459,SITTING
-15.560391367740399,5.227596240474107,SITTING
-15.895191008380923,7.77588154159314,SITTING
-15.834090655929382,5.552449386239965,SITTING
-15.416915113006523,4.391109302135766,SITTING
-15.571825340686397,4.801707623104773,SITTING
-15.877036680520286,5.6931331475178535,SITTING
-12.511145562482518,-0.6817337703265689,SITTING
-12.144349257214138,-6.752720294487119,LAYING
-13.92781809776642,-3.3005720412372463,LAYING
-14.970483699907588,1.2062914785951333,LAYING
-15.260265331431501,3.171470230842615,LAYING
-14.559363954739705,-0.1939601880705588,LAYING
-14.65884598699224,0.1120060364591711,LAYING
-15.14232896604913,1.7488210601462488,LAYING
-14.59191328641179,-1.7158198670534386,LAYING
-13.895599124294584,-2.0683197372035496,LAYING
-14.416611828394332,-0.2452309054987575,LAYING
-15.121554413233895,0.4110017174566158,LAYING
-14.764279111536025,-0.7671227194256427,LAYING
-14.450827518253343,-1.425019836861403,LAYING
-14.10262046809677,-2.1810209176988584,LAYING
-14.738745377379121,-0.267795640563562,LAYING
-15.208790686476846,0.9520577417641791,LAYING
-14.957036698157772,-0.35433875562816136,LAYING
-15.097084242964097,-1.0660639788228252,LAYING
-14.643289900840376,-1.3171724267627123,LAYING
-9.32648649902166,-7.818080269730726,LAYING
-12.49354101043108,-3.3743635899731075,LAYING
-13.462837183745124,-2.0298866432991267,LAYING
-13.119909933824415,-4.246627980389557,LAYING
-13.25315662796931,-3.581405153129423,LAYING
-13.628219498097538,-4.002427251194124,LAYING
-13.678645763453071,-2.806151844694532,LAYING
-15.08223847326577,3.672830360726957,LAYING
-15.331653030459492,3.30337313435677,LAYING
-14.52147776380831,1.1228613620258294,LAYING
-11.250895629453147,-4.345953179395753,LAYING
-11.405569733512957,-4.048420984028965,LAYING
-13.758204224063073,-4.2726083018652865,LAYING
-14.926240349823864,2.4238146190318757,LAYING
-15.155826570303685,4.383707186548997,LAYING
-14.821935126598609,-0.2070532404384788,LAYING
5.109799462342571,-5.676440483948348,WALKING
7.881995831994541,-4.325210037449882,WALKING
9.618088841202152,-1.698272649076508,WALKING
9.442635984645838,-2.979734983800896,WALKING
8.113279701334255,-4.801496907910242,WALKING
8.143019646359543,-3.7301552991328255,WALKING
7.95320022211093,-3.0870391343394696,WALKING
7.370066471274432,-4.516066418269258,WALKING
8.175935141382865,-2.871261650963201,WALKING
7.70480066974856,-0.985348670696182,WALKING
7.16806631230043,-1.7345767792996776,WALKING
7.503670524838186,-3.327663251543703,WALKING
5.592066279000854,-6.104087398146108,WALKING
7.491739427660674,-4.209932655294708,WALKING
7.527395298906251,-5.347674801134959,WALKING
7.470468867288716,-3.3046252552802313,WALKING
10.30414590816388,-1.9275596709814973,WALKING
10.020353432005022,-1.3887685291538643,WALKING
7.213356451653446,-2.1371066697675456,WALKING
7.705735586454716,-3.0784400551627717,WALKING
7.7072267544498745,-4.0244323701487765,WALKING
7.74024848878781,-5.074157349259529,WALKING
8.727357448893438,-3.9425900749526344,WALKING
7.537960300292428,-2.9631627121975965,WALKING
6.948015518692959,-0.04894733589264375,WALKING
18.074518284934356,-1.4411011202163215,WALKING_DOWNSTAIRS
20.39639045692609,-1.6583669061926054,WALKING_DOWNSTAIRS
18.92736549011779,-3.2921627445976296,WALKING_DOWNSTAIRS
17.619053515503605,-3.9660476646951803,WALKING_DOWNSTAIRS
22.099364055175613,1.4832722559212215,WALKING_DOWNSTAIRS
22.818395207679718,3.2109788052023296,WALKING_DOWNSTAIRS
17.706247535600976,1.7456849187746348,WALKING_DOWNSTAIRS
18.75465698889562,-3.233677050398173,WALKING_DOWNSTAIRS
19.14067303866785,-0.9339963635065811,WALKING_DOWNSTAIRS
24.409808586689827,-0.20461036576061,WALKING_DOWNSTAIRS
23.937249777561355,-1.8050244382647924,WALKING_DOWNSTAIRS
19.321096972068982,-1.5528366878794941,WALKING_DOWNSTAIRS
16.5058285194179,-3.7196400449013924,WALKING_DOWNSTAIRS
18.215562601600933,-2.6695901145310916,WALKING_DOWNSTAIRS
19.430131953670095,1.595495104102611,WALKING_DOWNSTAIRS
19.149820332759102,-2.9305339497518537,WALKING_DOWNSTAIRS
20.570967012552913,-1.2779387345297455,WALKING_DOWNSTAIRS
22.347122371005447,0.30531273257979297,WALKING_DOWNSTAIRS
23.027705860904923,0.07082675674819264,WALKING_DOWNSTAIRS
20.88923272708674,-0.5413229001445945,WALKING_DOWNSTAIRS
18.06610663015439,-0.808197222972166,WALKING_DOWNSTAIRS
17.405097383769093,-1.2233507972440836,WALKING_DOWNSTAIRS
18.65175790037876,-0.5739312571347969,WALKING_DOWNSTAIRS
7.582641974355597,-13.142947326308438,WALKING_UPSTAIRS
7.790115906803027,-8.458841426553477,WALKING_UPSTAIRS
8.450343430731968,-7.406969234618549,WALKING_UPSTAIRS
8.43498309451789,-8.358689087986143,WALKING_UPSTAIRS
10.254359314046937,-7.106753956971892,WALKING_UPSTAIRS
10.825412509842561,-7.030234907129835,WALKING_UPSTAIRS
8.267147131907091,-5.692641765428746,WALKING_UPSTAIRS
6.572430421596048,-7.54192925318295,WALKING_UPSTAIRS
6.455265854199395,-11.149880120518715,WALKING_UPSTAIRS
5.923155993748726,-8.479619445283413,WALKING_UPSTAIRS
6.49921513966909,-7.715444732453282,WALKING_UPSTAIRS
7.570135088912328,-9.560992907513722,WALKING_UPSTAIRS
6.939654283713528,-8.888882243310393,WALKING_UPSTAIRS
10.706635098123334,-6.971939240701934,WALKING_UPSTAIRS
11.720769131145943,-7.028060875055705,WALKING_UPSTAIRS
8.147280788139803,-8.506827256776035,WALKING_UPSTAIRS
7.630204322674564,-9.988175236470791,WALKING_UPSTAIRS
10.14322556045863,-6.594972232972435,WALKING_UPSTAIRS
11.77654088502657,-4.89804118910856,WALKING_UPSTAIRS
9.638903731829698,-6.343051134676433,WALKING_UPSTAIRS
8.767385051308947,-6.554516545011841,WALKING_UPSTAIRS
9.884569933427763,-7.2133191275862725,WALKING_UPSTAIRS
8.692181535563575,-7.8520327432168555,WALKING_UPSTAIRS
6.664031580534454,-9.279188624097209,WALKING_UPSTAIRS
-11.388490565812019,-3.0527782260433893,STANDING
-15.410828472165853,3.0491727176087435,STANDING
-13.987581579199517,-2.2506577064265336,STANDING
-14.117496008247794,-1.5715274035217623,STANDING
-14.406449560754533,-1.3339044891523035,STANDING
-14.833550357443716,-2.111059774910649,STANDING
-14.406962039883313,-2.0009611857436203,STANDING
-14.879666193236066,2.2549138315788078,STANDING
-15.295173511078138,2.5691129398181065,STANDING
-16.081098032716195,4.783133809957415,STANDING
-15.77422071943068,5.840282721676382,STANDING
-15.0631123032773,3.560500819181046,STANDING
-15.047026702092511,1.7385230048955076,STANDING
-15.087862114252264,1.9665752951650428,STANDING
-15.606744787207468,3.82007707786354,STANDING
-15.911935578121968,6.524505906434168,STANDING
-15.287721759873248,5.966919156409593,STANDING
-15.219966873835943,3.343175922553643,STANDING
-15.314604629405894,4.1783387728128,STANDING
-15.62271409450815,7.7286025934515985,STANDING
-15.917166635556931,7.433621368014768,STANDING
-15.80436701302866,5.393509332465572,STANDING
-15.486403073457062,4.7937798335737005,STANDING
-15.896025420631004,6.095908447842691,STANDING
-15.813289011343425,5.350773018994617,STANDING
-15.525297237001071,4.506997660678468,STANDING
-16.059101262042457,6.776830149168872,STANDING
-16.09373677964085,8.183293520071242,STANDING
-15.57566544913062,3.02469666845743,STANDING
-11.095961872286697,-6.871217120773643,STANDING
-14.313017718126838,-0.7614195578259946,STANDING
-14.79808820602263,-0.2737399436399982,STANDING
-15.001282856271974,-0.13981689409119366,STANDING
-14.94074113833284,1.0076969602658632,STANDING
-15.246994880949835,1.9868647755004563,STANDING
-15.5260623402264,3.8966476910022556,STANDING
-15.897531128757342,4.07176525592888,STANDING
-15.957212867332277,5.680160487593225,STANDING
-15.490063071480291,6.532269464533746,STANDING
-15.637234780231353,2.6282171638355165,STANDING
-15.261951198072273,2.541957498962299,STANDING
-15.335188022061445,5.698257542249295,STANDING
-15.616829577704747,5.26597374909801,STANDING
-9.441175532355274,-8.10196093581138,SITTING
-14.369542400454549,-4.14720302727038,SITTING
-15.543728127651685,1.2707907479692047,SITTING
-15.937752621598857,4.352451150832786,SITTING
-16.15044380450622,4.923716765818042,SITTING
-15.707357040505244,5.743799581256817,SITTING
-15.816208641032015,6.918805567339698,SITTING
-15.980179339855106,6.758125316947835,SITTING
-16.28166190193807,8.355411866588371,SITTING
-16.214136965403036,9.125419186098826,SITTING
-15.955072364744208,9.221223120130071,SITTING
-16.071276498256495,9.772334821865027,SITTING
-16.26648957979351,8.621140585808979,SITTING
-16.168517911129086,6.972675598490172,SITTING
-16.12285448475183,7.490679943377209,SITTING
-16.294574473647604,8.258441022966528,SITTING
-11.557045369948318,-5.104421677698533,SITTING
-14.38175922744227,-2.4323526069349506,SITTING
-14.965606040299557,0.030214292661273314,SITTING
-13.571860802303181,-3.7375456488622643,SITTING
-13.093884239930867,-6.082087135378535,SITTING
-14.052148719999527,-2.617793035326187,SITTING
-15.646912002613197,3.838323377389787,SITTING
-16.047709622702154,7.230211633383862,SITTING
-15.840687273087983,7.663127075661389,SITTING
-15.882437343125023,4.402595477840885,SITTING
-15.475679168272586,4.52212809710531,SITTING
-15.519834220657511,5.244683416784126,SITTING
-15.84232405380795,5.399743258241343,SITTING
-16.085809871500945,6.667459618098008,SITTING
-15.836895125714218,6.134751602838443,SITTING
-15.958586801597408,6.6134931345420265,SITTING
-15.49935121210064,6.262408876827917,SITTING
-7.858000397952161,-7.673747312959809,LAYING
-11.579173978135996,-7.05147274510842,LAYING
-15.00183582648619,-3.2625769517400287,LAYING
-16.080194768914104,1.8723286935248236,LAYING
-16.150370960405397,5.105560950112083,LAYING
-16.455198965735793,7.069127908028021,LAYING
-16.37737157331713,2.7255832391381367,LAYING
-16.030974090392167,3.8867483944814083,LAYING
-15.570178129586132,5.538978122816127,LAYING
-15.652758731266575,3.0875484218933256,LAYING
-16.04144431150527,3.6081948081658863,LAYING
-15.965230365585946,3.914614644939029,LAYING
-15.939560607699029,4.392532549518574,LAYING
-12.533406387404934,-1.3625969925229553,LAYING
-8.527383633426574,-6.277915435358102,LAYING
-9.983618929964251,-3.5848606211772918,LAYING
-12.578603490702907,-0.9745923446951849,LAYING
-15.689159725565272,0.3595156526213519,LAYING
-16.051207302552207,3.2860823494937614,LAYING
-16.44880215909437,4.488627642335223,LAYING
-15.850001469701557,1.5699456617209306,LAYING
-15.797930587340408,2.1581485317455558,LAYING
-16.2474554495356,4.543544352529839,LAYING
-16.603908360502004,6.247499055879786,LAYING
-16.883863752339188,6.287331611048716,LAYING
-16.183671842561857,1.8593654747046744,LAYING
-15.47133219812881,1.1211085959363825,LAYING
-15.91789800011416,3.8393212948120747,LAYING
-16.543535316840156,4.921897982499853,LAYING
-16.496192630747473,4.378912387817831,LAYING
-16.46561621765017,2.873974231556988,LAYING
-16.21238046855827,3.1237266750399657,LAYING
-16.01634549963399,4.177318911494394,LAYING
-16.256977126698892,4.887850538607331,LAYING
-13.46713969252154,-0.8600138212746464,LAYING
8.120027798407575,-2.959800176196314,WALKING
10.71685994902079,-0.1132855455228019,WALKING
11.444869180365455,-0.39006560248380107,WALKING
12.271917337967993,-1.240112030735994,WALKING
10.75582580777036,-2.749334334013284,WALKING
11.769976006464738,-1.0176456855418015,WALKING
12.549921562171015,-0.6315926042220816,WALKING
13.145505821815023,-0.7176529077405922,WALKING
12.086964404844693,-0.36759916075622434,WALKING
11.694969447820421,-1.362968432048405,WALKING
11.700459572450578,-1.0648493158377423,WALKING
11.471838606565532,-0.6453430512263376,WALKING
12.711119209210167,-0.5620739671746454,WALKING
13.788949784647903,1.0429048947361572,WALKING
14.064291556255045,1.2858895822316847,WALKING
12.94409448327464,-1.1572607392846406,WALKING
12.4151646142263,-1.7364914730782255,WALKING
9.647198080272378,-1.7469675944001173,WALKING
11.748905519635496,-0.46555182472200274,WALKING
10.5906562601551,-1.5666786893506057,WALKING
11.136787039200993,-1.0515558859753096,WALKING
10.69366577275134,-2.2631919273022034,WALKING
11.337053841932144,-1.0394450969993705,WALKING
13.653716981074515,1.958795786856578,WALKING
12.951178204942181,1.7041597997681603,WALKING
13.195891628575994,1.8886355128694845,WALKING
13.149368835539098,2.901511446172802,WALKING
12.360624016038505,0.8174464166232187,WALKING
13.74128205851584,-0.26781934217901915,WALKING
13.105751292038503,0.09262359689947511,WALKING
13.175751326636274,0.4065807969584222,WALKING
13.009338244240553,-0.14493964778283577,WALKING
10.992606500320985,-3.4534114292922338,WALKING_DOWNSTAIRS
10.178925473475148,-2.1189181974504736,WALKING_DOWNSTAIRS
10.55353805921379,-4.36675836276108,WALKING_DOWNSTAIRS
12.304340906596329,-5.807550721490305,WALKING_DOWNSTAIRS
14.012566860208096,-4.646842046024181,WALKING_DOWNSTAIRS
14.036649590120115,-6.408419025630242,WALKING_DOWNSTAIRS
11.651651796079367,-5.422289221933905,WALKING_DOWNSTAIRS
14.229195934091805,-3.183834439795597,WALKING_DOWNSTAIRS
10.32719359528458,-8.058780729934528,WALKING_UPSTAIRS
9.31826573277027,-8.47279369032478,WALKING_UPSTAIRS
11.280745824040206,-9.574098500302958,WALKING_UPSTAIRS
14.060951470043834,-7.503292956239872,WALKING_UPSTAIRS
12.351278290462428,-7.9739490883698645,WALKING_UPSTAIRS
11.70076366225867,-5.2548293006483915,WALKING_UPSTAIRS
7.875928474218194,-6.6889193258944575,WALKING_UPSTAIRS
9.640818693323174,-9.278014031899659,WALKING_UPSTAIRS
17.65991062381696,-4.121630439950382,WALKING_DOWNSTAIRS
14.765177354640022,-4.809227063123085,WALKING_DOWNSTAIRS
16.206051351104,-6.283724507664609,WALKING_DOWNSTAIRS
16.838706401542606,-5.657781323747365,WALKING_DOWNSTAIRS
17.88152764550346,-3.9613990456446633,WALKING_DOWNSTAIRS
20.2745468287605,-5.139673815996249,WALKING_DOWNSTAIRS
16.901182368795233,-4.4481833759044305,WALKING_DOWNSTAIRS
16.203699354277997,-2.618466742778715,WALKING_DOWNSTAIRS
14.184213277310764,-9.318361955762823,WALKING_UPSTAIRS
12.777039599113662,-9.786947886408859,WALKING_UPSTAIRS
16.064819113969197,-9.657463492166912,WALKING_UPSTAIRS
16.931366778732986,-7.3493952296881195,WALKING_UPSTAIRS
14.029459787492758,-7.8394517679507665,WALKING_UPSTAIRS
14.071248969806213,-8.018373322531055,WALKING_UPSTAIRS
12.176659369496315,-6.459078579145264,WALKING_UPSTAIRS
10.394872251020564,-8.312283930173209,WALKING_UPSTAIRS
21.88155943475053,-4.823739481846602,WALKING_DOWNSTAIRS
24.380221181137777,-3.924060764796696,WALKING_DOWNSTAIRS
23.27990997860022,-2.2049398995647453,WALKING_DOWNSTAIRS
25.519746431358826,0.21424745786467983,WALKING_DOWNSTAIRS
22.47393874422327,-2.8004743560492944,WALKING_DOWNSTAIRS
22.832607940214697,-3.435840421747732,WALKING_DOWNSTAIRS
21.694464708898252,-2.621503129823078,WALKING_DOWNSTAIRS
14.918861617642413,-5.985537701562192,WALKING_UPSTAIRS
17.311417774962326,-5.158336615087628,WALKING_UPSTAIRS
18.682841860028518,-5.338191055438933,WALKING_UPSTAIRS
15.94270728525175,-5.726811403026304,WALKING_UPSTAIRS
16.66990311775476,-4.820720140490298,WALKING_UPSTAIRS
16.876532107310858,-5.044777893022248,WALKING_UPSTAIRS
13.52334820300129,-7.795871277484749,WALKING_UPSTAIRS
14.298088224390751,-7.749286554716899,WALKING_UPSTAIRS
-10.412204957796275,1.3259930680194525,STANDING
-10.941974467066983,-5.371085361063752,STANDING
-13.537604756665036,-3.3881416602529253,STANDING
-14.919128939980737,-1.1882550184857184,STANDING
-15.634443018220658,2.1629025254369827,STANDING
-16.092451582649346,5.2613361387142925,STANDING
-15.503357348202776,3.6886598915126925,STANDING
-14.734357735152141,-0.7634149581266125,STANDING
-15.10099972095794,0.9438787368090935,STANDING
-15.63681325780194,2.036623495906247,STANDING
-15.626433765819009,1.8975200011299334,STANDING
-15.56168349120388,2.98051144347304,STANDING
-15.658323858327627,3.968113640233271,STANDING
-15.694612575450382,4.089171672539806,STANDING
-15.571004394445394,3.2911139997142986,STANDING
-15.766224049548669,3.4528366404152964,STANDING
-15.800201961825728,3.9679342716617776,STANDING
-8.48621724794317,-11.008936350996557,STANDING
-13.649976527108278,-6.7330675214842834,STANDING
-15.043877326168403,-1.3288210668609755,STANDING
-15.24284068590479,-0.22630851664691684,STANDING
-15.25634642829596,0.3016544160829523,STANDING
-15.102874187515585,1.9224153986484729,STANDING
-15.189808063718557,3.1681387267632606,STANDING
-15.24058738819825,3.3209710735253677,STANDING
-15.78189190551801,3.53857140691552,STANDING
-15.674489898436,3.2362220765916163,STANDING
-15.445765821022484,1.4927707176788627,STANDING
-15.595977360813642,0.5460228756563861,STANDING
-15.463830169346593,2.8743306322898747,STANDING
-15.148434620644574,2.6425569730319456,STANDING
-14.990718844590202,2.092314301581154,STANDING
-15.436640196234986,2.310183513022272,STANDING
-15.461022157737554,2.689305134174969,STANDING
-13.308043220778321,0.5570022198652975,STANDING
-10.583910681508966,-6.26255431896659,SITTING
-14.506471455964142,-4.105779126602567,SITTING
-15.109848165861486,0.34963906443970183,SITTING
-13.488388711405204,-1.147058130336196,SITTING
-13.341117530883343,-1.556711036942701,SITTING
-14.077224608473085,-2.437270924659045,SITTING
-14.743806570401956,-1.7528706741699573,SITTING
-15.818537754730468,0.8566759550488987,SITTING
-15.813677590012189,2.730151340773514,SITTING
-16.02287235220991,6.655896867217025,SITTING
-16.610247752814416,8.445683020471389,SITTING
-16.694277763316364,5.861488596308689,SITTING
-15.838729710229135,2.9495382262243726,SITTING
-15.945302870463951,4.542630567188125,SITTING
-16.002507087725828,5.771447901769108,SITTING
-14.551783259654156,4.780867705689244,SITTING
-8.71389125518329,-10.77501417322871,SITTING
-13.64362270156006,-5.145039234027479,SITTING
-14.681436902944897,-2.5541238183280277,SITTING
-14.684008501332732,0.4673228957022387,SITTING
-15.290279436517123,1.2212292877492361,SITTING
-16.023151471397252,4.108753913684778,SITTING
-15.879067035979496,1.5106465154660784,SITTING
-15.489676208653485,1.009754713375151,SITTING
-16.157013750552384,3.267206215635878,SITTING
-15.521885501993252,4.55608190251921,SITTING
-15.60295990650898,3.4735024185316385,SITTING
-15.647390556763291,5.139074380198426,SITTING
-15.525643859996872,5.846717727167366,SITTING
-15.700717589526569,4.464044194419657,SITTING
-16.066627415591892,4.381404934081453,SITTING
-5.329492412995942,-7.006048430799132,LAYING
-8.658719495156205,-6.782299226717436,LAYING
-10.022232956640545,-8.045883574398228,LAYING
-13.316627205665869,-0.25781534309290743,LAYING
-14.664861459784596,5.180753588961961,LAYING
-15.837481897616051,3.877342123463465,LAYING
-16.280385215308133,2.5606442490407617,LAYING
-16.346938137037483,4.271969027393012,LAYING
-16.472920580498535,7.844336566543836,LAYING
-16.39124532929177,6.219293544015911,LAYING
-15.815694557356299,1.5540521887287873,LAYING
-16.22954718477746,1.125799588449782,LAYING
-16.434820242851842,3.135057768976946,LAYING
-15.953055533449552,2.3253471914567183,LAYING
-15.353973070651298,-0.21930379799880803,LAYING
-10.832013344077938,-6.817891950238704,LAYING
-11.977023079738784,-4.491367675926646,LAYING
-13.838268170673192,-2.6987700931516008,LAYING
-16.238130171340018,6.505129555263017,LAYING
-16.48632895740607,7.159052628780894,LAYING
-16.410507418237312,3.528939661156863,LAYING
-16.65838411280017,4.672657033709528,LAYING
-16.59249338758922,5.714779513166197,LAYING
-16.432757256429944,4.076206666427996,LAYING
-16.545024043101243,3.4281782514810404,LAYING
-16.891030020740242,4.880589921872726,LAYING
-16.94791721065815,4.536488394977084,LAYING
-16.890704018126126,2.2861354625807606,LAYING
-17.235127543990345,4.66086864263811,LAYING
-16.852915082006753,5.114226883953006,LAYING
-16.602420875355556,6.346168194833932,LAYING
-16.24514895819601,3.6861895172452677,LAYING
-16.494173782090535,2.2569029317759597,LAYING
-16.455637014134044,2.8322539896635583,LAYING
-16.422388605764336,4.488948045053666,LAYING
-14.847836476064534,1.7902382803498622,LAYING
11.91656466206044,-6.144519171057965,WALKING
13.48160388948605,-5.808664215005376,WALKING
14.731251480977207,-2.2217439582622496,WALKING
12.190213930096917,-2.037974851540941,WALKING
11.600890514820032,-2.9098306233245452,WALKING
13.291661973716298,-3.2438285717387347,WALKING
11.994324792997919,-4.057342682942681,WALKING
11.380489290700186,-4.183503682698121,WALKING
10.323729855707908,-5.3059030285575,WALKING
9.930473105723353,-5.61495574424482,WALKING
11.515849961389808,-5.604166575726919,WALKING
12.895985407866368,-3.805612374925228,WALKING
12.957897971623932,-0.9693350167510203,WALKING
12.365687633512422,-2.194665446067333,WALKING
12.129084921450904,-2.73736016717637,WALKING
12.533118404292336,-6.040591361178442,WALKING
14.24998075349258,-3.8207733124293064,WALKING
15.26976885664106,-2.205606368310976,WALKING
13.221564683765095,-3.824556170545347,WALKING
14.263598618595545,-3.57673438266565,WALKING
13.784144312700622,-2.7470104219946516,WALKING
13.710923729686405,-1.749860991346885,WALKING
15.763460988532865,-0.4546886401985667,WALKING
16.028760511986132,-0.32220855852258884,WALKING
14.668811994637434,-1.3014519664089041,WALKING
14.166524084752911,-2.5316171823227585,WALKING
15.643079702833296,-1.4049397091343212,WALKING
14.207139570261889,-3.2716284554205166,WALKING
13.309337494274438,-2.2748098421619716,WALKING
10.32367672746476,-6.840662026427441,WALKING_DOWNSTAIRS
12.047082941589174,-6.1713741733323975,WALKING_DOWNSTAIRS
14.431978986763756,-5.373290323554115,WALKING_DOWNSTAIRS
17.293500686358012,-2.955673654020999,WALKING_DOWNSTAIRS
15.185568507813791,-6.777493162798335,WALKING_DOWNSTAIRS
13.15276816962248,-7.0273223031466365,WALKING_DOWNSTAIRS
12.4266208325298,-6.377531493706155,WALKING_DOWNSTAIRS
12.114751173160217,-6.22541149240556,WALKING_DOWNSTAIRS
14.878338687617518,-9.573960781415428,WALKING_DOWNSTAIRS
17.344672271680793,-6.6551060024901965,WALKING_DOWNSTAIRS
18.28339464078884,-6.690123403021591,WALKING_DOWNSTAIRS
18.097760504899107,-5.275252182770742,WALKING_DOWNSTAIRS
15.937139523098569,-7.356096248214,WALKING_DOWNSTAIRS
17.345927604634273,-4.5144488883959735,WALKING_DOWNSTAIRS
15.307552673293346,-5.961141840783589,WALKING_DOWNSTAIRS
9.589631909946691,-8.891953832937736,WALKING_UPSTAIRS
8.321310529415989,-8.058659964567479,WALKING_UPSTAIRS
11.698939293961569,-7.700680906600089,WALKING_UPSTAIRS
11.332178972056361,-9.708840297495763,WALKING_UPSTAIRS
8.568358226306112,-9.041822796585693,WALKING_UPSTAIRS
7.921475208525401,-11.731425592963554,WALKING_UPSTAIRS
8.979994770987224,-11.20078301605992,WALKING_UPSTAIRS
7.586417798922919,-10.933655835054438,WALKING_UPSTAIRS
12.568315654437383,-8.940913814480952,WALKING_UPSTAIRS
10.73735940185159,-8.151305076641053,WALKING_UPSTAIRS
14.099948071886903,-8.654092233099814,WALKING_UPSTAIRS
12.427096032898145,-8.755808167365636,WALKING_UPSTAIRS
10.851590938644462,-6.4570850542463365,WALKING_UPSTAIRS
12.425053089447848,-6.2028933683424965,WALKING_UPSTAIRS
10.956699724736074,-7.329142407206582,WALKING_UPSTAIRS
8.440526036370656,-8.818953449626205,WALKING_UPSTAIRS
14.453846087891232,-7.213927549721561,WALKING_UPSTAIRS
11.559891163759053,-7.583228016276502,WALKING_UPSTAIRS
13.722702813863366,-8.429119416117434,WALKING_UPSTAIRS
13.027842038493093,-5.7135698872982825,WALKING_UPSTAIRS
11.116140453548782,-4.991527354102129,WALKING_UPSTAIRS
12.623356713672251,-9.355198825156656,WALKING_UPSTAIRS
12.812746007948794,-6.477205299090432,WALKING_UPSTAIRS
10.564937279931144,-7.612192937446999,WALKING_UPSTAIRS
13.148657595726785,-8.603337815571921,WALKING_DOWNSTAIRS
14.153196246962205,-8.872906317927397,WALKING_DOWNSTAIRS
17.645910158565325,-7.241785368037929,WALKING_DOWNSTAIRS
19.109176379289774,-4.542798481971129,WALKING_DOWNSTAIRS
17.12560783094427,-1.618720852689378,WALKING_DOWNSTAIRS
16.486591939716472,-6.173540802581483,WALKING_DOWNSTAIRS
17.26857102262434,-5.273344358909686,WALKING_DOWNSTAIRS
15.41789919191704,-3.770026335408611,WALKING_DOWNSTAIRS
-12.284393162023974,-1.4061769488207352,STANDING
-13.116287374238787,-4.779904569089861,STANDING
-13.183716761738497,-4.2949750783813245,STANDING
-12.343682216025092,-4.015226218603282,STANDING
-13.226285731166861,-2.026602930280981,STANDING
-14.725508902109528,1.8481265324644056,STANDING
-14.935967296147322,0.1416759611577453,STANDING
-14.920855907898027,0.883520278781663,STANDING
-14.624802013090575,-0.06960700108833953,STANDING
-14.03482676671269,0.1986005365220557,STANDING
-14.963092961570377,2.169623511147506,STANDING
-15.738366998458057,5.506366520126107,STANDING
-15.028627611035976,2.806632861408298,STANDING
-15.206807525733435,4.038764512132259,STANDING
-15.705286568529049,4.542850777853017,STANDING
-15.087563730807108,1.3707719821411484,STANDING
-13.66198169285528,-2.1827446122473475,STANDING
-12.347693072847019,-3.850478026057333,STANDING
-13.070067172649763,-0.418923808608224,STANDING
-14.720266657004892,1.0732632512315554,STANDING
-8.330008749246513,-6.818342974683088,STANDING
-9.37596823691556,-1.8082211922306104,STANDING
-13.129298031298159,0.5262440745003654,STANDING
-15.113786714807858,0.07604593654366512,STANDING
-12.796348021469662,-1.0037829829446656,STANDING
-12.954703306427742,-0.6964330538196739,STANDING
-14.56063509273932,1.0185987216575791,STANDING
-15.345500545250172,1.6417464996633346,STANDING
-15.808797997859138,2.9732535163259994,STANDING
-16.026768113723396,5.277795020436177,STANDING
-15.832760209129045,5.295685680209467,STANDING
-15.847021378331679,4.5924774048828265,STANDING
-15.895298411004742,4.398962350046561,STANDING
-14.91117272531353,2.1242244586139307,STANDING
-14.828143366044321,1.5579991354807357,STANDING
-15.382940312035963,2.0086887939278095,STANDING
-15.716935981177098,2.2612807161558144,STANDING
-15.81726000885227,2.5163542681615714,STANDING
-15.512843629136846,4.289503881127031,STANDING
-15.188153256693344,0.5058714172408476,STANDING
-15.091517524891039,-0.03516194576966717,STANDING
-12.100723729143931,-6.970744804030325,SITTING
-13.811732427440345,-4.895382460245502,SITTING
-14.468785708302548,-3.4237783758715143,SITTING
-13.962241246164718,-2.5948702921430646,SITTING
-14.098435196607628,-0.9844083656807323,SITTING
-14.532489599889322,1.4525448961328897,SITTING
-14.653824423038696,2.3884080352959374,SITTING
-14.624973202166032,3.905144077888978,SITTING
-15.202371250135606,4.077387840809266,SITTING
-15.654019035293194,3.1886751918415213,SITTING
-16.529576057460677,5.251648089199641,SITTING
-16.15107533734547,3.7186407069259695,SITTING
-15.591754005517924,2.1878705188957066,SITTING
-15.969929120757694,3.7916038264126692,SITTING
-16.246330195645918,4.786606823177285,SITTING
-16.124704836831818,5.416988694624003,SITTING
-16.079779688134835,4.210881157261896,SITTING
-16.32714536841536,5.034467945587217,SITTING
-15.931192157724258,4.360948700733985,SITTING
-10.284929800442676,-10.975143835129971,SITTING
-13.535551828076596,-3.7684223543828503,SITTING
-12.923422981086484,-3.5118177458397355,SITTING
-12.439171452978599,-6.298128891004091,SITTING
-12.006581121833145,-4.657669445629812,SITTING
-12.709238351456094,-3.9613320912384538,SITTING
-12.848709478679266,-5.822573103537789,SITTING
-13.079751457305195,-3.56253881088239,SITTING
-13.729055404196359,-3.81227621434196,SITTING
-15.138704282805111,-0.21428346070447943,SITTING
-14.249556536202064,-0.07332074904580216,SITTING
-14.144496437060644,0.05513546818225442,SITTING
-15.560268632950574,2.0041914673872934,SITTING
-15.525052914621497,1.9404256395009396,SITTING
-15.162773744614782,1.2236958795072093,SITTING
-14.470839123227416,-1.199360057251718,SITTING
-14.572558329765101,-0.41035102219451136,SITTING
-14.982756319898225,0.2011154176324015,SITTING
-14.063485935334109,0.3603641657668768,LAYING
-15.476865887867955,1.2449569559763694,LAYING
-15.939641056503392,5.578002183077267,LAYING
-15.77663453298482,6.76326722004037,LAYING
-16.11535775619787,4.56640120238881,LAYING
-14.9340832243755,0.28222055971903,LAYING
-14.50707042516455,-0.909832349720218,LAYING
-14.506111952535033,2.309164457830229,LAYING
-15.374138736842879,5.071029975069535,LAYING
-16.524282208139514,7.59632988356341,LAYING
-15.708749899952892,4.610137282410963,LAYING
-15.39781493764577,6.792154002092318,LAYING
-15.171189139636297,8.188663704922766,LAYING
-15.60138612313469,8.338375437617197,LAYING
-16.01676043069688,7.2730078279040935,LAYING
-16.23393218831212,6.688784358814777,LAYING
-16.2517816138283,6.431260133167297,LAYING
-16.227615543652945,6.615292489086135,LAYING
-16.49635420714334,7.555214257546307,LAYING
-16.56740432821123,7.799732131853502,LAYING
-16.869677450447696,8.195319997115856,LAYING
-11.772020453322206,-3.697365977973649,LAYING
-14.580415285226726,-0.4145956895475139,LAYING
-15.628174338676985,3.424452760200387,LAYING
-15.676977775799832,3.9918053056971874,LAYING
-16.204274297211686,6.122103644922578,LAYING
-15.93397615941688,7.965750730542019,LAYING
-16.310449931616873,9.708667297274143,LAYING
-16.365655644904994,10.828643569817398,LAYING
-16.34432117030274,7.800654521815652,LAYING
-16.21927038581596,7.408109740308781,LAYING
-15.82935054199496,6.463777253086964,LAYING
-16.199633616637616,7.015180606120751,LAYING
-16.491284235219545,8.684700634262313,LAYING
-16.059298677934553,8.885149769671122,LAYING
-16.31564202137585,10.03759808219662,LAYING
-16.42100113630582,9.037852202536337,LAYING
-16.075588247431885,8.330445003829306,LAYING
-16.13675378411221,10.182082004766572,LAYING
-16.144037339742802,10.675529762425885,LAYING
-14.732868680560388,7.367122713525707,LAYING
22.260661055103057,1.163220055088078,WALKING
25.7730427464423,4.171367168410148,WALKING
28.08827351106675,4.674694613831538,WALKING
25.082774705943148,2.862170421436637,WALKING
25.595322429530114,4.472444141976158,WALKING
26.09079745418017,5.532368777652015,WALKING
24.944193969167326,5.097178411230335,WALKING
23.245659999821044,3.356321646041802,WALKING
27.696361629374863,7.192137075609322,WALKING
27.97849198042625,7.243749184330367,WALKING
24.151259470384833,5.9130051381157935,WALKING
17.06711334656641,1.705603921417108,WALKING
16.9647104900761,1.1656756500929288,WALKING
19.338536153643563,2.32976630321237,WALKING
19.976963633241475,-1.2898646053946368,WALKING
29.109698887543026,4.859536677266825,WALKING
25.778868641711906,3.0090730155315395,WALKING
24.61414846190461,3.724298636793061,WALKING
21.323091245188568,1.5992432431936021,WALKING
26.6587860041212,3.893442482654047,WALKING
27.804418224401484,4.844969404606324,WALKING
25.912661045453966,4.249273059870273,WALKING
24.686116377573025,3.0342686907792915,WALKING
29.99973552561414,7.609062596103575,WALKING
30.691572684524814,11.010865454938108,WALKING
29.671618289609114,10.86483156048455,WALKING
33.017416578321644,10.373744863847632,WALKING
35.426511480555355,5.400232942021158,WALKING_DOWNSTAIRS
37.462856857876424,6.051462759384345,WALKING_DOWNSTAIRS
32.30782153355349,3.169814680825935,WALKING_DOWNSTAIRS
26.910809301238544,4.217266013359454,WALKING_DOWNSTAIRS
28.938558801863596,2.073808924606074,WALKING_DOWNSTAIRS
26.90567152366624,-0.088086325936825,WALKING_DOWNSTAIRS
24.2357094998574,1.5661101291970738,WALKING_DOWNSTAIRS
35.13798546573817,3.850642972859132,WALKING_DOWNSTAIRS
41.43144264712838,7.4425774648475365,WALKING_DOWNSTAIRS
49.089441839674066,10.648112045570247,WALKING_DOWNSTAIRS
39.121089413715,8.013480309710056,WALKING_DOWNSTAIRS
37.13076306795778,6.742320428205842,WALKING_DOWNSTAIRS
48.55292509979805,12.130951039178768,WALKING_DOWNSTAIRS
55.64872597969522,13.956900405666333,WALKING_DOWNSTAIRS
13.146217048849886,-5.594279033733429,WALKING_UPSTAIRS
11.048493766806153,-5.76918771086149,WALKING_UPSTAIRS
15.763228956716219,-2.287159108160887,WALKING_UPSTAIRS
16.039502868672354,-0.9275517820635606,WALKING_UPSTAIRS
12.129736453981188,-2.800528546033078,WALKING_UPSTAIRS
12.166913439755586,-2.8409980290653403,WALKING_UPSTAIRS
10.560134768664179,-1.931433683226371,WALKING_UPSTAIRS
22.08484081017875,-5.014411086361413,WALKING_UPSTAIRS
15.147148606503102,-1.4682289107438755,WALKING_UPSTAIRS
15.638089523027249,-3.247509598450991,WALKING_UPSTAIRS
16.163904380862796,-3.7237285836550553,WALKING_UPSTAIRS
16.332956048691518,0.21388072133349592,WALKING_UPSTAIRS
17.973832075657622,-0.3265676042895343,WALKING_UPSTAIRS
14.934500947639961,-0.836518484197138,WALKING_UPSTAIRS
33.39360701973871,6.025046641055904,WALKING_DOWNSTAIRS
39.25601897416074,6.608700509604606,WALKING_DOWNSTAIRS
41.06616824574804,6.670401095562913,WALKING_DOWNSTAIRS
43.262588728850936,6.978625782890842,WALKING_DOWNSTAIRS
44.60846396127813,8.740448708321622,WALKING_DOWNSTAIRS
36.393768215531104,8.711380409981038,WALKING_DOWNSTAIRS
39.87636286185395,4.539247879130365,WALKING_DOWNSTAIRS
15.929624555680467,-3.268851673449796,WALKING_UPSTAIRS
16.7961696386244,-3.3417363605615575,WALKING_UPSTAIRS
20.01341288785649,-1.8429962355092049,WALKING_UPSTAIRS
19.158706041183013,-3.635721063482014,WALKING_UPSTAIRS
22.063558536689836,0.5291817138645172,WALKING_UPSTAIRS
19.573470410808582,0.758118538749786,WALKING_UPSTAIRS
20.124853019171518,0.3138110230517577,WALKING_UPSTAIRS
-12.16010007781333,2.068027308724074,STANDING
-12.36096934223788,-1.0476462303602592,STANDING
-13.739238240000484,-2.4233669919743805,STANDING
-15.511800580746915,2.060841049200818,STANDING
-15.309305585006046,3.4131040780063358,STANDING
-15.919020238637932,8.121196375978178,STANDING
-16.252734894862385,8.0787129357624,STANDING
-15.152283643801283,3.9869976661612587,STANDING
-14.717039675623193,3.010357626448999,STANDING
-15.132760227018053,4.018870306174793,STANDING
-12.513841123204855,0.9586009482560798,STANDING
-13.108283758595539,-0.7414281334978456,STANDING
-14.527705174877594,1.3653208089708087,STANDING
-14.27203076082862,2.9758751880383327,STANDING
-13.041566293226785,-0.5722364037265307,STANDING
-13.105298448800315,-3.037327058231909,STANDING
-13.021013658584101,-2.0269968086695793,STANDING
-12.68233863999304,-2.80293708856562,STANDING
-13.821678301811476,-3.3888451767602654,STANDING
-14.169102509997716,-2.642651492193472,STANDING
-14.691730117526731,-0.4541410161815968,STANDING
-13.161908846879108,-2.936803568742709,STANDING
-12.551631299908035,-6.4308886301390515,STANDING
-11.917662031255487,-4.790296591917562,STANDING
-11.083002702869022,-6.878656950525437,STANDING
-10.677531797936926,-7.820558969535956,STANDING
-12.268359349666463,-5.923245836575572,STANDING
-12.809459342619444,-5.039923907408873,STANDING
-11.701465039081537,-8.675955278309933,STANDING
-10.330375976516752,-10.57796561667605,STANDING
-11.234734067059174,-7.807617681266158,STANDING
-12.656718607786917,-6.004273682677522,STANDING
-12.366177150985205,-8.772333680883754,SITTING
-14.576970850040595,-3.847623164363619,SITTING
-15.27102380120544,-1.1092512175084748,SITTING
-15.808869241668933,2.5252749315672416,SITTING
-13.458540242473608,-1.0634038832939765,SITTING
-13.439899912370269,-1.360161599933202,SITTING
-15.763639179851404,2.9742188900741895,SITTING
-16.17041701107604,3.8266763868700076,SITTING
-16.02376478259943,3.0764524069876464,SITTING
-15.74761494101245,2.5191830382656217,SITTING
-15.179118803221474,0.7281217913026232,SITTING
-15.34328583257155,1.4899389430309868,SITTING
-15.819097329835028,2.90396258099268,SITTING
-15.742367595272594,2.5923778114228138,SITTING
-15.719056087699915,1.8637096747543627,SITTING
-7.583768462094833,-11.843451495858275,SITTING
-13.09262582162029,-6.535478292215392,SITTING
-13.876604150119276,-3.5919713018170607,SITTING
-14.484318251986549,-1.1670960720996209,SITTING
-15.597969315468452,1.9379910615297893,SITTING
-14.73060716338416,-0.7796718223702019,SITTING
-14.447057241608768,-0.9431342888003221,SITTING
-11.498980249994146,-4.812852580745128,SITTING
-10.62877736919808,-6.625057419698001,SITTING
-11.852341511846973,-5.589061803448169,SITTING
-13.702012281150408,-3.7784334445146777,SITTING
-13.17806450479447,-4.964446027288693,SITTING
-12.858895207874664,-5.382580376907162,SITTING
-14.057715993033458,-0.6740909023676798,SITTING
-15.446857376409353,2.5616315023116583,SITTING
-12.384571903272212,-2.219398468759369,SITTING
-12.461115716917874,-1.7641414497798982,SITTING
-14.179254849863192,1.05715408607526,SITTING
-13.05152811504939,-2.4184914268499864,SITTING
-13.158198444026908,-4.257924060855919,SITTING
-11.292186741296522,-7.058792449651598,SITTING
-12.04361019654279,-3.1801438770580037,LAYING
-15.283915831842933,1.6753287427422712,LAYING
-13.580104150663681,-0.4773842136090609,LAYING
-13.207806827583333,-2.3527830118565607,LAYING
-14.653678431800808,0.4587939925609432,LAYING
-14.621156785631262,1.840007624318419,LAYING
-15.684869608217678,5.181731483960006,LAYING
-16.049091078276675,7.633241749868808,LAYING
-15.534584390232794,2.485724025408982,LAYING
-14.684847657083266,3.0242379598889113,LAYING
-14.86727142245797,3.572922697710045,LAYING
-14.871043113733355,1.0262799412994752,LAYING
-14.462441161981467,0.4129970661898674,LAYING
-14.332085579463008,-2.692771603591939,LAYING
-13.578028070297055,-1.9960041747271229,LAYING
-13.702356714721384,-0.21219186549554256,LAYING
-14.108235153979098,-1.2295089606595453,LAYING
-14.081528528973033,-2.0546254237533743,LAYING
-14.476331157610534,-1.0593644530412099,LAYING
-14.488896518577745,0.8592409797911352,LAYING
-14.09308832263896,0.7964266674012918,LAYING
-14.093090305009481,-0.41636906721522615,LAYING
-14.401047584700212,-0.4860639243954987,LAYING
-11.971145364038817,-2.596748485056651,LAYING
-13.50040674447126,1.635293809698041,LAYING
-14.832662492584788,5.341396152676071,LAYING
-14.588627927638072,7.353924827823324,LAYING
-14.853969357812492,4.49041900528834,LAYING
-15.022983428534694,6.779536367191945,LAYING
-14.686907969073243,3.561553160104012,LAYING
-14.805989910545142,6.8660763334836625,LAYING
-14.776893468189725,7.968219458981657,LAYING
-14.078312705309981,1.2970788198752814,LAYING
-13.08631794497426,-0.882623691079093,LAYING
-11.578256829198345,-3.303911325853792,LAYING
-12.09679084289006,-1.241264850286283,LAYING
-13.540506517999546,2.3816165908826283,LAYING
-14.045111922427719,2.9649995514588365,LAYING
-13.845168265738971,5.394549122864275,LAYING
-13.767607238975963,7.51271131387207,LAYING
-14.979585226745836,4.586643551771748,LAYING
-14.555125635823899,3.8089767503958663,LAYING
23.90959448447966,2.966713194205446,WALKING
31.993763287228962,10.047756330599238,WALKING
35.4090800663668,11.201478918532265,WALKING
34.966103802141916,10.565087124585308,WALKING
41.604430203698215,14.174028566829929,WALKING
41.409450749639575,14.035943470000273,WALKING
37.29942936900859,12.561543907839546,WALKING
40.843170402501826,15.869701848961768,WALKING
40.43562589764911,16.468553821218023,WALKING
34.253461977756885,12.402469010087668,WALKING
28.786386098830004,8.931891381617843,WALKING
33.9651700652854,13.502268509953517,WALKING
53.496562726163404,23.063524654821034,WALKING
27.6619166057646,5.414089043514428,WALKING
36.24415629872654,10.535393079487465,WALKING
33.409814891492594,8.297350912436205,WALKING
33.78939554967542,9.192589714800608,WALKING
35.95562172743816,12.800027634159122,WALKING
33.580056566560096,10.143071592892067,WALKING
37.975765184791065,9.496880413181216,WALKING
41.28266589860466,14.674629400854016,WALKING
36.829621413976085,14.909228586250798,WALKING
37.86218891967623,17.18711567788636,WALKING
44.27180310166184,23.353512381995685,WALKING
37.70611911003466,15.100666740614358,WALKING
63.83023874173333,31.547421040992607,WALKING_DOWNSTAIRS
68.10898578387311,30.245013433802495,WALKING_DOWNSTAIRS
69.87662744533368,31.610863550256457,WALKING_DOWNSTAIRS
54.417041689770755,23.553880961410837,WALKING_DOWNSTAIRS
59.16894897463382,26.45603595870651,WALKING_DOWNSTAIRS
56.28214675946797,24.66772827019435,WALKING_DOWNSTAIRS
94.31638674340599,55.19471458948948,WALKING_DOWNSTAIRS
95.46214283855006,58.69744046473355,WALKING_DOWNSTAIRS
71.10675519901359,39.162914698040716,WALKING_DOWNSTAIRS
62.80070959551299,27.758088286453997,WALKING_DOWNSTAIRS
64.58086189902227,21.95027980935594,WALKING_DOWNSTAIRS
75.45685115360682,35.09257136450957,WALKING_DOWNSTAIRS
25.079308691283337,0.344758649653484,WALKING_UPSTAIRS
22.65392513161818,2.5955991553186983,WALKING_UPSTAIRS
22.982198304789183,-0.3194932357679796,WALKING_UPSTAIRS
25.488174287723066,2.651013800859123,WALKING_UPSTAIRS
25.226221189563656,3.1365452614532527,WALKING_UPSTAIRS
26.05119789026046,5.894297516283554,WALKING_UPSTAIRS
27.29723277980269,9.797765147149448,WALKING_UPSTAIRS
26.300896353537055,2.7089465571977156,WALKING_UPSTAIRS
34.05619140211106,7.958158489366078,WALKING_UPSTAIRS
29.623365444202356,8.132854016081957,WALKING_UPSTAIRS
22.226160885305163,4.144109158061591,WALKING_UPSTAIRS
20.919307354371675,2.8865212574401564,WALKING_UPSTAIRS
17.303842202740295,4.746407294288104,WALKING_UPSTAIRS
49.24800340819367,13.889504291813846,WALKING_DOWNSTAIRS
61.28498572723186,20.098540057311503,WALKING_DOWNSTAIRS
65.53261218828794,27.521438452442283,WALKING_DOWNSTAIRS
53.50421130710659,20.140549247092032,WALKING_DOWNSTAIRS
57.88599773381322,21.402414049425346,WALKING_DOWNSTAIRS
61.549299688495346,23.43533959943125,WALKING_DOWNSTAIRS
28.537328425199135,0.6343023793692562,WALKING_UPSTAIRS
33.57231665578476,3.75305316053419,WALKING_UPSTAIRS
32.51724843369051,5.036210781377616,WALKING_UPSTAIRS
26.2039438244082,4.2990075241352645,WALKING_UPSTAIRS
25.679112690724466,4.513699550330404,WALKING_UPSTAIRS
22.496780788976622,2.568200479740154,WALKING_UPSTAIRS
-5.951954115466355,1.9108059569866818,STANDING
-10.646381808285351,-1.929554756542727,STANDING
-9.312496435299089,-10.724004556314497,STANDING
-9.581494936279936,-6.689812054649016,STANDING
-11.692931946876177,-1.5812071170535322,STANDING
-12.108762935941398,-3.2369639026382795,STANDING
-12.0934889227794,-2.8974652019161447,STANDING
-15.079534868840085,4.49176299891136,STANDING
-15.365035760710375,4.12735265850273,STANDING
-15.681156583905537,5.561157200226678,STANDING
-15.466615505273799,4.911407036515248,STANDING
-15.132773338318316,2.8472156474073227,STANDING
-15.085905607314238,2.046996938562108,STANDING
-14.677803056867218,2.3601951026050343,STANDING
-15.093778214676718,3.1214860432820113,STANDING
-15.702204988943059,4.410165588425976,STANDING
-16.072919118742796,5.211957270877352,STANDING
-16.247441412278967,6.967589925931188,STANDING
-15.878267540359271,7.814593836332354,STANDING
-15.017833315743413,7.075192427806028,STANDING
-14.87456684281047,6.986292906896244,STANDING
-14.43381532585925,5.94133931502385,STANDING
-14.133279365133237,5.330027492792403,STANDING
-12.324031698267829,-5.47806270611067,STANDING
-14.402270862068006,0.07635161775432811,STANDING
-13.812278896497887,-0.50544751730279,STANDING
-13.045414478204542,-2.164293566889485,STANDING
-12.615775647368228,-5.75532862534789,STANDING
-12.545032139118348,-5.030281114264438,STANDING
-13.151386841883415,-4.809236931333975,STANDING
-13.778065615255292,-3.150297342848002,STANDING
-14.19054232311417,-0.8344905800560843,STANDING
-14.422355795180952,2.4109476403443217,STANDING
-15.350941625841866,5.0646404491353,STANDING
-15.246261172428818,3.94306484929587,STANDING
-14.462856121354704,1.7988318240834271,STANDING
-14.636773558669395,2.6616143877247476,STANDING
-14.501015531075142,3.4026420058373796,STANDING
-14.895332507513478,4.0967086571461,STANDING
-15.307676895165914,7.587826106258547,STANDING
-15.64235022667403,8.439356354103944,STANDING
-15.148463551982516,6.357658430140187,STANDING
-15.397919310402836,7.97703437480359,STANDING
-15.73656187043202,6.879207372493002,STANDING
-15.80191233078706,5.51106314987116,STANDING
-12.949108859109714,-3.843242408865021,SITTING
-13.705635228418984,-3.381448005031019,SITTING
-14.695292955234194,2.073997283678273,SITTING
-15.094173948994158,6.011409908499144,SITTING
-15.258740630364082,5.557961387555433,SITTING
-14.824419388160695,4.332494379809163,SITTING
-15.346688187052003,8.229532902044452,SITTING
-15.522699519187569,9.061212048279867,SITTING
-15.518675029636444,8.120829862996759,SITTING
-14.991543466970668,6.454153359084913,SITTING
-14.798975454213403,4.306134445070919,SITTING
-14.510570592330254,4.631093914153259,SITTING
-15.003413906210621,4.865502160755653,SITTING
-14.787198564853655,3.9563136879955785,SITTING
-14.305263306910991,2.800363246859561,SITTING
-14.199900925410077,2.0101853869340527,SITTING
-14.942182685654895,4.685844924145737,SITTING
-14.88811091740197,6.094599259538166,SITTING
-15.023856389556439,7.018519364614142,SITTING
-15.202478529033005,5.879965574496028,SITTING
-15.285302805199082,6.127636324128038,SITTING
-15.2864326627785,4.353186568615146,SITTING
-15.431080186499281,5.164869353062267,SITTING
-9.130960418553194,-8.499983691527138,SITTING
-13.065430501365556,-6.286292611401903,SITTING
-13.924629079938082,-1.7578665019471063,SITTING
-14.368698043354076,1.7628936985386463,SITTING
-13.386430714871285,0.44492329228285554,SITTING
-13.846109490593166,1.0884495438326613,SITTING
-14.682688832490953,0.8739574064902678,SITTING
-15.074589402390657,1.2919963489572763,SITTING
-15.253919510311349,5.182184874463507,SITTING
-15.379712630840144,4.317835347700148,SITTING
-15.602247283092689,4.4500207411578305,SITTING
-15.338451208264615,4.648213698165286,SITTING
-15.080136395075467,5.393991241314055,SITTING
-14.804815913563267,6.267102152496694,SITTING
-14.688653884279853,5.5679265703232925,SITTING
-15.132215091081786,4.789654539564116,SITTING
-15.023931751261356,5.7682496422140925,SITTING
-15.026210834600887,5.232477189287948,SITTING
-15.311831521248369,5.434074794095893,SITTING
-15.62492127013225,8.199334964654357,SITTING
-15.343687892289807,5.981282398601546,SITTING
-14.746778944963996,3.127707378222244,SITTING
-14.798338386968187,3.959005221325194,SITTING
-14.704430308512027,4.219304998244941,SITTING
-5.561876550768359,-9.826637022748526,LAYING
-13.42454596496858,-4.3922154875627815,LAYING
-14.144118921287202,-3.5654768668007417,LAYING
-15.252996870784726,-0.8220238089060589,LAYING
-15.536023415983916,-0.8000522786900561,LAYING
-15.778999535593137,0.6463393627980545,LAYING
-15.435892138440334,0.46971276756769315,LAYING
-15.888221337064149,2.7154517731851384,LAYING
-15.841948240963227,0.55158409969595,LAYING
-15.589954745310934,0.3044803642793007,LAYING
-16.00231350833177,1.3612982418167152,LAYING
-15.808753501000664,-0.4667573141007558,LAYING
-15.687041028591274,-0.4241489295927353,LAYING
-15.46553501278009,-2.16218699101422,LAYING
-15.215072982203656,-0.11785169501899925,LAYING
-15.326957836528361,0.47480174882579945,LAYING
-15.530851753194701,-1.8907126929045512,LAYING
-15.692066560188332,-1.4019922192871035,LAYING
-15.376137540767044,-0.8626346314838543,LAYING
-4.496045317667901,-6.595578652271964,LAYING
-12.065013678696307,-5.712570978551568,LAYING
-12.822905497994917,-1.1075520333276527,LAYING
-14.371755707634023,0.5241084365341088,LAYING
-14.904561585549555,-0.8190253204713737,LAYING
-15.877846303535316,2.212996533680216,LAYING
-16.071492219032496,2.7143262169255675,LAYING
-16.29913706121839,3.2280223772695833,LAYING
-15.736570501626751,0.8600533996149274,LAYING
-15.772044493679093,1.0335275718022836,LAYING
-15.894172898626215,1.5530858201950695,LAYING
-15.546255309928494,0.20147455839026476,LAYING
-15.834570858906218,4.301132251542564,LAYING
-15.695367626912146,9.291118075079961,LAYING
-15.282166708361387,6.014460920465239,LAYING
-15.75016967665473,2.190171198704297,LAYING
-15.74359144511666,0.8350119123769316,LAYING
-15.657536704723489,3.29732737124463,LAYING
-16.0843723459149,8.019319285299645,LAYING
-16.255637353886613,6.966182390806012,LAYING
-15.854100826622297,1.8905995429921767,LAYING
-16.024713712666237,2.644029387262254,LAYING
-16.235843309054093,3.0961241389122565,LAYING
-16.153390054151508,2.7972057890895643,LAYING
-16.2015383444802,3.9330754519810256,LAYING
15.218661700662336,-0.2179983003173301,WALKING
17.004726377278,0.1996166516141881,WALKING
15.57539540520967,0.49982288130387253,WALKING
16.812775050399623,1.8437207290513289,WALKING
16.512428091884612,1.5508753477153596,WALKING
17.276363932054185,2.284854734846333,WALKING
15.405483888774471,3.912602752356081,WALKING
12.285016033727965,0.14366521055552914,WALKING
14.861601428305438,-1.0616346254182691,WALKING
15.936615910022292,-0.3537469348925021,WALKING
18.07204872102557,-0.8411244791761374,WALKING
16.81013571714437,-1.2278356508629156,WALKING
12.18193251408011,-3.353706005735175,WALKING
12.2339139694191,-1.6787831258417332,WALKING
11.973557685850421,-3.707800859234403,WALKING
15.581096421913506,-1.9147532257707414,WALKING
18.28995084279331,3.6732697427592433,WALKING
16.450418380441032,2.9442503482361464,WALKING
17.08888991734816,-0.417638840246482,WALKING
18.824824772034155,0.965258922322472,WALKING
19.38364913348922,1.0981014151180744,WALKING
20.731810686049894,1.7943347454148812,WALKING
20.50707755888062,0.8376313547527776,WALKING
19.748059087626345,1.1879014508315786,WALKING
20.992826266134525,3.7497378470957896,WALKING
17.73232274075494,2.0302676751003874,WALKING
17.089111908618356,1.124018466027035,WALKING
27.953733894592794,4.921037555052912,WALKING_DOWNSTAIRS
24.609514584484973,2.41933409950811,WALKING_DOWNSTAIRS
24.517980437775485,4.638397096703721,WALKING_DOWNSTAIRS
24.78750991786747,5.690019702310293,WALKING_DOWNSTAIRS
25.475609642699357,3.7938149063156237,WALKING_DOWNSTAIRS
26.60069965204836,3.867433160756749,WALKING_DOWNSTAIRS
23.445622359002243,1.469994775291756,WALKING_DOWNSTAIRS
17.60061709384295,-0.2010817994456877,WALKING_DOWNSTAIRS
16.149051141664597,-0.1745432134780864,WALKING_DOWNSTAIRS
20.430983688858856,1.5388636336694088,WALKING_DOWNSTAIRS
21.74028674988439,-0.5200711680309915,WALKING_DOWNSTAIRS
26.46330480504998,2.2087729600692616,WALKING_DOWNSTAIRS
26.492278734251393,-0.02170572625753395,WALKING_DOWNSTAIRS
21.88199339274804,-1.8615969938961396,WALKING_DOWNSTAIRS
15.25012525019388,-3.5378125007267696,WALKING_DOWNSTAIRS
10.432356902806287,-6.372696098449872,WALKING_UPSTAIRS
9.397892740366883,-5.521747023330116,WALKING_UPSTAIRS
12.074301811755426,-5.515899252705212,WALKING_UPSTAIRS
12.285947794871102,-6.304257914987869,WALKING_UPSTAIRS
9.493099784712653,-4.790317990747631,WALKING_UPSTAIRS
10.451800148798817,-4.75534355728762,WALKING_UPSTAIRS
9.309972060834722,-6.213722452573687,WALKING_UPSTAIRS
8.27920639624291,-7.792810788420901,WALKING_UPSTAIRS
8.792160987737878,-6.821505647083754,WALKING_UPSTAIRS
10.128737827566622,-7.480307683242573,WALKING_UPSTAIRS
10.881990262523423,-6.185998674339663,WALKING_UPSTAIRS
11.86979835828296,-5.15745030090708,WALKING_UPSTAIRS
13.411459852416522,-3.9022920177069205,WALKING_UPSTAIRS
10.921772926471707,-5.384631526344822,WALKING_UPSTAIRS
10.738740638174974,-6.191787939781311,WALKING_UPSTAIRS
11.904995460662425,-4.668420212224072,WALKING_UPSTAIRS
10.800175565190752,-6.288137350696506,WALKING_UPSTAIRS
19.907046378733884,-2.763221149998176,WALKING_DOWNSTAIRS
19.67115331661668,-1.3793307150149958,WALKING_DOWNSTAIRS
22.076635053121894,-2.5857042034520097,WALKING_DOWNSTAIRS
22.119133975238768,-2.4586868146138974,WALKING_DOWNSTAIRS
19.858516205523856,-1.172362338904117,WALKING_DOWNSTAIRS
19.991336446927065,-0.5497780193374975,WALKING_DOWNSTAIRS
22.766617371724326,0.9866264748188802,WALKING_DOWNSTAIRS
22.343342170199037,1.618677909537922,WALKING_DOWNSTAIRS
12.544151238719945,-7.589333643549264,WALKING_UPSTAIRS
12.135025902003646,-6.163291693298385,WALKING_UPSTAIRS
11.067031983980856,-7.597133361361163,WALKING_UPSTAIRS
9.929309416427236,-7.258705888212217,WALKING_UPSTAIRS
14.403414092688966,-2.5457992805089193,WALKING_UPSTAIRS
16.581836892187727,-3.800046824649547,WALKING_UPSTAIRS
16.544305947604876,-3.9532341522505905,WALKING_UPSTAIRS
13.23077668229825,-4.266638928189735,WALKING_UPSTAIRS
-5.268394157185917,-4.592452818950068,STANDING
-8.13605978392491,-2.222855544738562,STANDING
-9.458919188087243,-5.098846470778092,STANDING
-7.618759855701265,-5.8280565007776115,STANDING
-8.011992322687309,-4.182226653644644,STANDING
-9.652284287832675,-3.7627889293106174,STANDING
-10.54162444588231,-4.480720456112908,STANDING
-10.248462000010086,-5.422217064631194,STANDING
-10.935683103297512,-4.82121044778696,STANDING
-13.016444687056142,-1.8128858686682743,STANDING
-13.905377315140237,2.7675340664786576,STANDING
-13.764573836040178,3.646586684360916,STANDING
-13.76965189746797,0.5244098215168792,STANDING
-12.048186486894586,-2.946843138758022,STANDING
-11.96083787185191,-2.1338134323245193,STANDING
-12.234129908230333,-4.0944460703406005,STANDING
-12.446556286648729,-3.500213898785062,STANDING
-13.664427435888882,-1.1166033245921936,STANDING
-13.20248015320806,-1.7758984437912861,STANDING
-13.179093827976548,-1.7039991075008896,STANDING
-14.530467260262595,1.2320351304730113,STANDING
-14.200133736454836,0.9438268398793019,STANDING
-14.210672498362436,1.1875329805295205,STANDING
-8.576098296480037,-9.189747025520674,STANDING
-10.945551868851972,-7.228006379258433,STANDING
-11.278614505756693,-4.776627427712461,STANDING
-11.870194264306184,-3.321006335984293,STANDING
-12.364705669495848,-3.361315571874258,STANDING
-12.722459255859398,-3.6279359542651464,STANDING
-13.531475179806382,-1.3888735229318905,STANDING
-13.279758561737466,-3.9817406958608927,STANDING
-12.775300071616373,-4.686932533545014,STANDING
-13.24458908648656,-0.783120330838007,STANDING
-14.178604237982258,1.7491012119180702,STANDING
-15.300298105887258,3.732296491227593,STANDING
-14.376754301017487,-0.07156048955899394,STANDING
-13.40215925635093,-1.0501830292503,STANDING
-13.604726877190535,0.3844941496218601,STANDING
-14.687882818022814,3.436479473802713,STANDING
-13.84892050134752,1.8341382394773291,STANDING
-12.519088240424466,1.704335566442185,STANDING
-13.070634236537497,2.6112549046940745,STANDING
-13.628980693646563,-0.5432915737226395,STANDING
-14.12740149498993,1.2578923126030508,STANDING
-11.167688749523888,-7.672366407852799,SITTING
-13.622502842409705,-2.6585933845316565,SITTING
-15.090900611712586,2.3921128546232904,SITTING
-14.983693674313827,5.148513940793407,SITTING
-15.111237003721698,5.716762360284233,SITTING
-15.786850544454483,7.596111765605371,SITTING
-15.742243355871178,7.720923570847789,SITTING
-15.57478402076806,7.728784405210369,SITTING
-15.61971606994165,7.238571394015684,SITTING
-16.13024585917527,8.812183051055365,SITTING
-16.173057861963304,7.193698070351489,SITTING
-15.809135174221993,5.501375890307507,SITTING
-15.305316713416044,4.3297400263889765,SITTING
-15.408610231765628,4.571482272258102,SITTING
-15.433955089876552,5.946583110531552,SITTING
-15.13691830439611,6.486433207027656,SITTING
-15.661987284297398,6.224673230482125,SITTING
-15.993495652782428,6.300397107309374,SITTING
-7.178338727921357,-13.245058496072778,SITTING
-10.367579900809861,-6.614493870562386,SITTING
-11.331238684597352,-3.5944372887384284,SITTING
-12.692351836704828,-0.9504269377657356,SITTING
-12.990377988734581,-0.6960225549538855,SITTING
-12.32576451366221,-2.7370416098789203,SITTING
-12.364252371086394,-1.6527767674801086,SITTING
-13.101098137486312,0.7020835467045572,SITTING
-13.43424876283151,-0.6118881743097517,SITTING
-13.641830396302352,-2.939718902699706,SITTING
-13.971755509662163,-3.0393545744583266,SITTING
-13.289488981408567,-1.3434651279965673,SITTING
-13.867027085819798,0.7521803368671872,SITTING
-14.76768142746432,2.582515912184494,SITTING
-14.466704413177116,2.398268245354417,SITTING
-14.307744083736477,0.5443306150442866,SITTING
-14.483902491675765,2.0333222412996395,SITTING
-15.063066861469416,4.050877900906801,SITTING
-14.754795111933038,2.2278305156906906,SITTING
-14.376309891654362,2.4827562607649742,SITTING
-6.985507779112065,-7.004381506494136,LAYING
-9.820510496756173,-6.570129006458833,LAYING
-12.624303499499451,-5.381919549559958,LAYING
-13.594729722771346,-4.629336457388306,LAYING
-14.967218666664879,-0.21959986851770968,LAYING
-15.591190176323805,4.326397141418833,LAYING
-14.543535074024879,0.4245623108118734,LAYING
-13.42012070380862,-0.7399699833644614,LAYING
-13.418461470222105,1.081459708306369,LAYING
-14.03806958894419,1.1890604188299265,LAYING
-14.903192005898797,3.891660571720969,LAYING
-15.443112669239515,5.499331595095494,LAYING
-15.243415264017335,3.848704802290834,LAYING
-14.102177871860393,1.3704558071172013,LAYING
-13.808371163536664,1.0625951524276005,LAYING
-14.306923284176014,0.9878070490903965,LAYING
-14.451336090329574,-1.303139731475944,LAYING
-14.113555801444827,-2.987257733882091,LAYING
-13.246691346232241,-4.175732849862098,LAYING
-13.119531207189608,-2.8375301839765754,LAYING
-13.827101947690299,-1.513194124633893,LAYING
-13.75682938470999,-1.7733169508223807,LAYING
-13.76161130530956,-0.9375962972254175,LAYING
-9.163956772721482,2.312177735303636,LAYING
-7.4342973001379455,-6.985368022747652,LAYING
-13.08276128117858,-3.7852779267399406,LAYING
-15.214891351428998,-1.445919998886633,LAYING
-15.446814023568875,1.7604423325382832,LAYING
-15.816028006490475,3.322371424531914,LAYING
-15.215831923707864,-0.031234177520672177,LAYING
-15.218958442773248,-1.005432487408738,LAYING
-15.564601188712377,1.975155658963613,LAYING
-15.48313952203378,0.14845150183945824,LAYING
-14.976649835351962,-2.2469014073388824,LAYING
-14.883278028184336,-2.1384776414924316,LAYING
-14.714248392253515,-2.781121780430055,LAYING
-14.660980790046553,-3.4605782517708015,LAYING
-15.180878297927963,-1.4210632615326644,LAYING
-15.078856357233601,-0.3844888657614389,LAYING
-14.887213121880162,-1.261274861400854,LAYING
-15.099405169238505,-1.1809903230581535,LAYING
-15.307840358967765,-0.3501554340677133,LAYING
-15.11065652919146,-1.119969243876522,LAYING
-15.596578615153536,-0.022171714899446446,LAYING
-15.7638205190434,-0.11122902589277103,LAYING
-15.38650057704249,-0.8161460648630667,LAYING
19.246631686559635,-0.20215300403189426,WALKING
22.92965829570357,3.1536243842882765,WALKING
23.37367805146656,1.9944636091758712,WALKING
24.712956225533574,3.609171360228622,WALKING
21.53076962558271,3.4716993901446216,WALKING
20.78097628608981,3.5667412770021367,WALKING
18.330374849853275,0.5521551458589017,WALKING
19.714874855955948,1.8066627084839804,WALKING
18.72710789829571,1.189229499544878,WALKING
19.1456713646497,1.3244360612835107,WALKING
21.40927587307326,3.2803178500139634,WALKING
22.176699330939574,3.6850451850917545,WALKING
17.943253619771575,-1.5419276635496528,WALKING
18.368687834350354,0.4578804741211503,WALKING
18.56941110396156,1.065202960090091,WALKING
18.639819926862803,0.5474897334100113,WALKING
21.394968443807578,3.357370705097661,WALKING
21.516081015607924,3.2272545110006012,WALKING
19.93694347421998,1.7696423936161798,WALKING
21.073307397957443,3.1689997296894075,WALKING
21.140467320204237,3.135978672591156,WALKING
17.88307096923861,2.555245193683367,WALKING
15.381910757881453,1.8772769048803788,WALKING
15.420619849900401,-0.4889845887884795,WALKING
14.930091999207402,-1.3234412919171015,WALKING
18.529119536119747,-3.4979706044042103,WALKING_DOWNSTAIRS
22.436642827464823,0.6694538377697521,WALKING_DOWNSTAIRS
24.421551059490795,3.3192369391909633,WALKING_DOWNSTAIRS
22.107779277887182,4.415283722390112,WALKING_DOWNSTAIRS
25.446327911812023,6.541689076848893,WALKING_DOWNSTAIRS
25.67267140009287,3.3498311550823847,WALKING_DOWNSTAIRS
23.291151111057445,1.3315552916996967,WALKING_DOWNSTAIRS
23.88884170903446,2.824519627221246,WALKING_DOWNSTAIRS
22.56325452408799,-3.317111847782537,WALKING_DOWNSTAIRS
23.308167947124346,0.21490698909691133,WALKING_DOWNSTAIRS
27.35642639038681,4.687502229574125,WALKING_DOWNSTAIRS
29.361243421261705,6.22107400303985,WALKING_DOWNSTAIRS
31.370953086814406,5.740101198288953,WALKING_DOWNSTAIRS
29.680560190584487,5.053599062424479,WALKING_DOWNSTAIRS
24.117584649374546,-0.32081374473806656,WALKING_DOWNSTAIRS
15.363480630413308,-6.145703206336709,WALKING_UPSTAIRS
15.136546408538214,-4.917335257716097,WALKING_UPSTAIRS
18.348680738028197,-4.506981587010829,WALKING_UPSTAIRS
18.935013345485938,-5.444671775235369,WALKING_UPSTAIRS
14.555154044774259,-3.2376697106888983,WALKING_UPSTAIRS
12.97890684132381,-3.544639458944894,WALKING_UPSTAIRS
12.468968399550644,-4.6512640533904746,WALKING_UPSTAIRS
11.649481141546008,-6.4280545840267225,WALKING_UPSTAIRS
15.073789822091204,-5.734049405690418,WALKING_UPSTAIRS
17.703414636685892,-2.9507267467691882,WALKING_UPSTAIRS
19.1311072362154,-1.2154073639269605,WALKING_UPSTAIRS
16.92931116305486,-4.44006447804277,WALKING_UPSTAIRS
18.089469562845,-3.8057241768269288,WALKING_UPSTAIRS
17.15801894216293,-3.9470301707878317,WALKING_UPSTAIRS
12.151631167287265,-4.516083634477125,WALKING_UPSTAIRS
23.315221502648544,0.3163415973936241,WALKING_DOWNSTAIRS
22.8812215407015,-0.5281844315950551,WALKING_DOWNSTAIRS
23.82494680788792,-1.4686261591296674,WALKING_DOWNSTAIRS
27.218229053007086,0.1791785496273687,WALKING_DOWNSTAIRS
28.125589981237997,2.570147168014831,WALKING_DOWNSTAIRS
26.28374493370645,4.373034316241283,WALKING_DOWNSTAIRS
26.654287084858048,4.685594646520045,WALKING_DOWNSTAIRS
12.425456930475704,-7.191465260972916,WALKING_UPSTAIRS
20.425297403826622,-0.9439481992815816,WALKING_UPSTAIRS
23.52420040506194,4.30894659452614,WALKING_UPSTAIRS
19.654841020759985,-0.5380679656517553,WALKING_UPSTAIRS
16.219814161194964,-3.0794751395936766,WALKING_UPSTAIRS
15.709274834585212,-2.8427348511238417,WALKING_UPSTAIRS
15.107784524450622,-3.3623505122583603,WALKING_UPSTAIRS
-8.557121697427162,-5.74279463888227,STANDING
-11.457223771800043,-6.950602997460742,STANDING
-14.333131853739683,-1.2242561078725271,STANDING
-14.325840354496584,-0.37196470040336316,STANDING
-13.135574856731287,-2.6842003458454586,STANDING
-13.03098875776967,-2.8068654319113566,STANDING
-13.632045195365677,-1.6500288833628503,STANDING
-14.230013023285684,-1.166064162907013,STANDING
-13.268177083430164,-4.252995879111876,STANDING
-13.24095413451662,-3.3782544431732986,STANDING
-15.451683708488098,2.2773870957510214,STANDING
-15.281985250946256,3.518335501463126,STANDING
-13.791089107861852,-1.5539161024489159,STANDING
-14.215949337094104,-1.6956299440091334,STANDING
-14.097839638098181,0.7566377584400454,STANDING
-11.200788712954704,-9.178869962121583,STANDING
-12.846009323631186,-4.826445210973564,STANDING
-13.823787272763692,-2.4394139928785084,STANDING
-12.535750205865723,-4.330221593005645,STANDING
-11.028500908539192,-1.6965535307639121,STANDING
-11.672181794633614,0.49771449256897404,STANDING
-13.600062371544457,-1.278536095936031,STANDING
-12.230713647477103,-2.975587963940499,STANDING
-12.851018828579805,-1.2122128532553642,STANDING
-11.372019974792359,-8.700488495187304,STANDING
-11.586367279294077,-7.713382622913835,STANDING
-15.03516990863082,-0.14802106761295183,STANDING
-14.72414464431709,1.6526169414803245,STANDING
-13.052824546640622,-4.259754400487783,STANDING
-13.538918436749345,-3.0504696293281244,STANDING
-13.096185507839863,-1.6466516468525954,SITTING
-14.714322956977863,4.327827522174224,SITTING
-15.015983025309218,0.20140351433965933,SITTING
-15.024747078916658,2.427397924698774,SITTING
-14.918495828009574,0.16462984072541945,SITTING
-15.231001836281735,0.0215735124171513,SITTING
-16.13886724274842,4.756272868911216,SITTING
-13.930563087362977,1.1421268338935247,SITTING
-13.92537052553089,-0.43932550875533394,SITTING
-15.911813785537364,0.9830183272760382,SITTING
-15.689681968209719,4.264298144124372,SITTING
-15.598020297536909,4.429111803343467,SITTING
-15.287927831274757,3.672246197775097,SITTING
-15.368761769270357,3.7555710316541693,SITTING
-15.454515323146246,3.651906739458231,SITTING
-10.99325264399912,-7.623610799501735,SITTING
-14.21041873231608,-3.8239156098320333,SITTING
-15.024558245846126,-1.7063512147989581,SITTING
-14.88246331240434,-1.463361653995064,SITTING
-14.593080334051601,-0.9843803395022322,SITTING
-14.801424044782706,0.6328430579740442,SITTING
-15.521798511987624,3.5692167039218723,SITTING
-15.731240207424364,1.379899137382825,SITTING
-15.251484119949565,0.1090592418781309,SITTING
-14.271288137326898,-3.3301661435686434,SITTING
-14.337773119798666,-2.3614946974441633,SITTING
-14.679019247388366,-1.7938099448075038,SITTING
-15.296168673323384,1.5307042092125143,SITTING
-15.781201254201992,2.7388433557260723,SITTING
-15.371252400962431,4.234711649322808,SITTING
-14.71389843449765,-1.004236500298003,SITTING
-14.68893963053264,-2.047195311490051,SITTING
-11.49312374669937,-7.014659583904031,LAYING
-13.663056943971414,-5.0571553757751255,LAYING
-15.15108867659752,-1.2705459488069395,LAYING
-16.340059230043224,4.722715638236018,LAYING
-16.493998443807428,4.607408129632985,LAYING
-16.521455122855038,3.376664310346583,LAYING
-16.268655502002325,4.304638096397829,LAYING
-16.181781580810288,7.0007261491431025,LAYING
-16.396155878311287,7.682933729598932,LAYING
-16.37710831270608,6.817253326591762,LAYING
-16.65659945619862,8.23728627873446,LAYING
-17.266360963440405,9.800359953752588,LAYING
-16.916370514293646,8.075993406108749,LAYING
-16.68356775145688,8.354767417126904,LAYING
-16.86478597043006,8.217060474241169,LAYING
-8.165570648399232,-9.991743242173964,LAYING
-11.63830111075598,-7.804014776880153,LAYING
-12.358240340777462,-6.6848721202036785,LAYING
-15.355271455018945,0.354787959388346,LAYING
-15.53590176002316,2.5652426084411992,LAYING
-15.420758015057586,3.821569602603664,LAYING
-15.304500392435914,3.449888017974259,LAYING
-15.05733154244645,3.6944197748634515,LAYING
-16.878718424239466,9.064880904759546,LAYING
-16.798908999978405,9.181221393529743,LAYING
-15.694473304811265,7.078536036734988,LAYING
-15.493416659834173,2.68218789572065,LAYING
-16.078340827454088,4.36210814855147,LAYING
-17.114124439676335,9.226011832731933,LAYING
-16.348147028111697,7.190979295319327,LAYING
-15.519091806570255,5.0524270739473875,LAYING
-14.785196875119171,4.9250021094592284,LAYING
-15.127724080972728,4.8351797837935235,LAYING
-16.229045976270196,5.034440050064398,LAYING
-15.80465400720968,4.886057968640902,LAYING
-15.849814683033722,7.036202700459159,LAYING
-15.782756405136947,5.841248813270431,LAYING
26.5826104510779,6.334880858960473,WALKING
30.550120626656117,11.068991960896458,WALKING
23.096636846799726,4.436717090618011,WALKING
23.899412648373257,5.540534877437743,WALKING
23.937494171564293,7.122891325627981,WALKING
22.098005080628838,4.682784105446496,WALKING
21.16421386666789,3.7670650894523865,WALKING
21.12288987693934,5.009505097695683,WALKING
20.989552823361613,5.17195761213493,WALKING
22.884550634462183,11.12755704408396,WALKING
23.927438165415396,10.742864077172378,WALKING
20.56528961066053,4.035309374343237,WALKING
27.461744277196182,8.970590402930968,WALKING
29.72126861785164,11.573551006776562,WALKING
27.786450928818496,9.078686230789765,WALKING
28.124948434786567,8.871453742101169,WALKING
26.123494092166048,9.248371304850728,WALKING
22.859247935587952,5.384945329387238,WALKING
24.0189696464462,4.009031122135891,WALKING
28.586074560775227,6.587277166332651,WALKING
27.608056549224244,8.896800675795935,WALKING
23.404701327987528,7.670851073178762,WALKING
21.554375838523328,5.56313910567233,WALKING
20.48041459969455,1.304624232438262,WALKING_DOWNSTAIRS
24.845552728880378,3.0292819183687008,WALKING_DOWNSTAIRS
23.038505195039026,0.6778040046466142,WALKING_DOWNSTAIRS
23.753057777329992,2.1178355156249467,WALKING_DOWNSTAIRS
25.53397571997073,0.08876570275717685,WALKING_DOWNSTAIRS
20.64474649195271,-2.204791010757421,WALKING_DOWNSTAIRS
22.216315549433926,2.088877591283251,WALKING_DOWNSTAIRS
22.916129933178638,0.8141004240726734,WALKING_DOWNSTAIRS
25.092509057706167,-0.16223776892122319,WALKING_DOWNSTAIRS
24.439084186063845,1.5322573298266537,WALKING_DOWNSTAIRS
26.442149747327953,2.465951550963646,WALKING_DOWNSTAIRS
24.177319083592714,1.9466029028672938,WALKING_DOWNSTAIRS
18.562905812894204,-5.594675992421303,WALKING_UPSTAIRS
20.5251266732214,-2.391024478546033,WALKING_UPSTAIRS
20.850954997105035,-3.2972207522913357,WALKING_UPSTAIRS
16.187791575001274,-5.34887739970216,WALKING_UPSTAIRS
18.628418616313155,-1.906188346938811,WALKING_UPSTAIRS
20.38798423888007,-0.48124398083907954,WALKING_UPSTAIRS
16.989979258452582,-1.3502324920442157,WALKING_UPSTAIRS
22.001006862636658,-1.8532437567409137,WALKING_UPSTAIRS
18.99371248799546,-1.8882814830144588,WALKING_UPSTAIRS
16.69150744865442,-3.130956817867084,WALKING_UPSTAIRS
14.858748390785763,-3.108658864494275,WALKING_UPSTAIRS
16.42737767709319,-2.7133706496668686,WALKING_UPSTAIRS
17.40937342225868,-2.3098090478576294,WALKING_UPSTAIRS
17.6563281797318,-1.8686226443612586,WALKING_UPSTAIRS
24.144098365638015,0.3797150197897021,WALKING_DOWNSTAIRS
20.526235339492363,0.3249119946344373,WALKING_DOWNSTAIRS
21.75665498503528,-2.1268912280720675,WALKING_DOWNSTAIRS
22.0427008603393,-2.283359407020349,WALKING_DOWNSTAIRS
22.74454368846954,-1.206039927629713,WALKING_DOWNSTAIRS
23.364127001278778,1.8326904513449378,WALKING_DOWNSTAIRS
19.95328571693229,-3.533794202930163,WALKING_UPSTAIRS
23.29408314260854,-2.591853241680677,WALKING_UPSTAIRS
21.307506467549295,-3.7141477858012406,WALKING_UPSTAIRS
21.587175110829083,-1.0603487234882194,WALKING_UPSTAIRS
24.43582655591176,1.4843473289051548,WALKING_UPSTAIRS
24.234371572473375,0.22592192274950018,WALKING_UPSTAIRS
19.830532162304475,-2.556072630241173,WALKING_UPSTAIRS
-9.888909747015079,1.985065242720882,STANDING
-10.726926783750299,-0.40412241131356796,STANDING
-12.372413612236446,-2.8979039016049515,STANDING
-7.078753426089442,-1.8814968545896058,STANDING
-6.565308231768346,-0.8591264275444311,STANDING
-10.71235850415107,3.731995256170602,STANDING
-13.790604622838103,-1.1841555742020795,STANDING
-12.725465495419606,-1.6457604722322952,STANDING
-11.965767939458477,-2.902321243153839,STANDING
-12.51360511519293,-0.2798230181519509,STANDING
-13.361305732057806,1.736269549717488,STANDING
-13.986136458185833,-1.2897821659405722,STANDING
-13.121265584429803,-4.833383293628543,STANDING
-13.883364317472045,-3.0264516247707496,STANDING
-14.656338439842532,-0.8774606494939228,STANDING
-15.646899341595592,3.829773666182681,STANDING
-15.781997985032321,4.8294664005214525,STANDING
-14.774307233596598,1.170685411087918,STANDING
-10.302012511211325,-8.446393547710098,STANDING
-13.625565763713116,-4.136270705675168,STANDING
-14.319487185414246,-1.9508268258593477,STANDING
-14.214348103724621,-0.9970582493891279,STANDING
-14.216866678750035,0.5955055312179163,STANDING
-14.940654829430668,1.9147898543864734,STANDING
-15.727371134709987,4.842225482784056,STANDING
-15.156635652005903,3.467657031804544,STANDING
-14.11042756768356,-0.8345367500196835,STANDING
-13.680693363236054,-2.983662909621258,STANDING
-13.7695613515168,-1.4493518778809427,STANDING
-10.948585557331342,-9.214389030417461,STANDING
-10.335139916209167,-9.3324327032785,STANDING
-12.61017520495235,-4.5271052390902415,STANDING
-11.479177659633006,-4.272950862791392,STANDING
-4.0851344060463655,-9.94447045204906,SITTING
-11.343812486004746,-3.623522025181323,SITTING
-13.98938294528745,-1.4708327824947087,SITTING
-14.587349940976296,0.9271926936308991,SITTING
-12.319465953466969,-3.612529364040082,SITTING
-10.126458836016587,-0.5715526595958061,SITTING
-9.948090060311705,-0.284401882770554,SITTING
-13.157881896975177,-1.6085887033814918,SITTING
-15.608226169666683,4.914021605280965,SITTING
-15.446617167986002,6.256723515890034,SITTING
-15.345547402081252,1.8731922379522674,SITTING
-15.4474113526968,1.0639187410804767,SITTING
-15.905911807282706,3.8681701607526344,SITTING
-10.552185439128566,-4.768958663826439,SITTING
-6.364175427212123,-14.729781635277874,SITTING
-11.556462404794363,-8.671504887331484,SITTING
-13.15741665006002,-6.991899958255212,SITTING
-9.961249356405535,-5.68375573091165,SITTING
-10.066249029170454,-5.742212839996272,SITTING
-13.16178185987391,-4.6200625404993945,SITTING
-13.845446382549536,-3.9160739828069757,SITTING
-11.40911277653082,-5.929669266907505,SITTING
-11.038211481373873,-3.5415956488177773,SITTING
-11.419376097806241,-2.1143860486627,SITTING
-12.929516613209149,-3.4090064884931492,SITTING
-14.477719899377433,-2.23426843198532,SITTING
-14.235292182513154,-1.8514497728347945,SITTING
-12.240478095196767,-3.743376526857417,SITTING
-12.163447196917415,-4.4475259827455975,SITTING
-10.475117069679646,-5.624531509856401,SITTING
-1.5754345651933743,-13.611232104602315,LAYING
-12.329369254269952,-6.071073175591477,LAYING
-9.562840178612644,-7.154326764279622,LAYING
-6.686836598508676,-6.029136984027844,LAYING
-7.33203456820223,-5.623516458539017,LAYING
-12.800750415122797,-2.8964486749675262,LAYING
-13.606029465248628,-1.8206571709855406,LAYING
-13.344832393760097,-4.510578264942878,LAYING
-15.656953131972053,0.33802316630741397,LAYING
-16.316398227315233,3.4620124242869403,LAYING
-16.488006294502018,7.709223886333542,LAYING
-16.50107246868722,8.594365682283588,LAYING
-16.059215092434997,4.209199023843853,LAYING
-15.769273733167058,3.3171200947624775,LAYING
-15.963929750096828,2.6140368234106592,LAYING
-14.321660286301595,0.42818465885141854,LAYING
-6.248405201972578,-4.575816676734817,LAYING
-4.462734561613433,-7.47331422454542,LAYING
-8.055630532595409,-5.975803235167936,LAYING
-14.207130756888644,1.5649762874188022,LAYING
-2.843773847709156,-10.215178924919563,LAYING
-5.442425848990995,-7.845241404167677,LAYING
-13.798431115977742,-4.711009593118577,LAYING
-13.282987265540193,-5.196546592862025,LAYING
-15.291878161942194,0.3710414551651091,LAYING
-15.488303819100931,1.9540863839427636,LAYING
-15.075536738072312,-1.6178944765265677,LAYING
-15.051804365764387,0.0807532407646269,LAYING
-15.432874857419126,0.8595823912589636,LAYING
-14.732776843853618,0.5976431677649012,LAYING
-14.079673127011963,2.363007850337942,LAYING
-14.31065496711842,3.8944089469562675,LAYING
-15.43945163603301,3.297527652629078,LAYING
-13.354702615803207,2.6560181619286047,LAYING
-12.84685278164932,0.56218159116434,LAYING
24.18055835237311,4.383398655280649,WALKING
24.982870270845236,6.1399093187209175,WALKING
25.634072887317053,6.391469933490441,WALKING
29.213781889510944,8.556885231378969,WALKING
27.12555367165931,8.301327608345021,WALKING
25.753956388253226,8.14877319575051,WALKING
27.247244910304826,9.811214171809091,WALKING
24.210970240404066,8.062160222267893,WALKING
26.047019427109845,8.624974902183073,WALKING
24.438482902523692,6.243651483553108,WALKING
25.86045023801553,6.752917898965524,WALKING
23.726113341190405,5.538533937755043,WALKING
23.412370060439375,1.909880800398949,WALKING
27.729479200225914,4.927320985083776,WALKING
24.174514900917117,4.035017273225897,WALKING
23.31023796598985,6.2016963153233196,WALKING
28.371300478722475,10.32164787485866,WALKING
24.617908017483238,6.772887582580872,WALKING
21.53052041880168,1.7538074544503535,WALKING
22.775535748811993,2.1326798049657407,WALKING
25.58684424971901,7.52687892336739,WALKING
25.167394681306305,8.931015640518709,WALKING
25.031603133526026,8.596715746967213,WALKING
24.746025163584395,4.1957168857765295,WALKING_DOWNSTAIRS
24.863988579093196,2.4938639381250827,WALKING_DOWNSTAIRS
24.33546020287391,1.3635936535510789,WALKING_DOWNSTAIRS
24.907647870941503,0.8895121259637081,WALKING_DOWNSTAIRS
23.99381687599668,-1.3388611178519345,WALKING_DOWNSTAIRS
24.192929109606883,1.6402731903126153,WALKING_DOWNSTAIRS
26.36761847929672,3.636016359194829,WALKING_DOWNSTAIRS
25.319546338875547,3.3991991863234032,WALKING_DOWNSTAIRS
25.043521660444554,3.4942401670804903,WALKING_DOWNSTAIRS
26.70302942835653,1.828823413395572,WALKING_DOWNSTAIRS
23.27286468537203,-0.7750832004792141,WALKING_DOWNSTAIRS
21.323927879211883,2.482364084409369,WALKING_DOWNSTAIRS
22.331181858219395,-0.40145554762940594,WALKING_DOWNSTAIRS
22.364820266408916,-1.2071571097999316,WALKING_DOWNSTAIRS
21.772435127154356,-1.1971299618210667,WALKING_DOWNSTAIRS
22.965209319018886,-0.33960327218035724,WALKING_DOWNSTAIRS
21.090171868319228,0.5444136411882443,WALKING_DOWNSTAIRS
20.5754260179819,1.5963870424126991,WALKING_DOWNSTAIRS
22.46574139629492,-1.1201327978842135,WALKING_UPSTAIRS
23.963613426899364,1.1652507218224668,WALKING_UPSTAIRS
23.913652561940573,0.9058377707428105,WALKING_UPSTAIRS
23.571341193920073,-0.31512457919226233,WALKING_UPSTAIRS
21.16584358181869,-0.1505976408715146,WALKING_UPSTAIRS
25.50546506291698,3.77070867215442,WALKING_UPSTAIRS
28.594274805379648,8.056497875665517,WALKING_UPSTAIRS
19.351676235680678,-2.682411396139632,WALKING_UPSTAIRS
23.943222369632682,-1.9424258435243384,WALKING_UPSTAIRS
25.884326706345103,-0.35155173909389786,WALKING_UPSTAIRS
21.631640441322826,-0.9714061733528783,WALKING_UPSTAIRS
18.896211910672427,-0.5123306643392489,WALKING_UPSTAIRS
23.703479907394158,1.6901175167609985,WALKING_UPSTAIRS
24.617008297210813,4.992141326861802,WALKING_UPSTAIRS
15.664619234787024,-2.142128993174152,WALKING_UPSTAIRS
20.227322331963325,-0.563141604116386,WALKING_UPSTAIRS
19.677349036741237,-0.9691524384389528,WALKING_UPSTAIRS
21.27397966901645,1.9615351752601418,WALKING_UPSTAIRS
20.636005847354134,4.276942418803888,WALKING_UPSTAIRS
19.17409871915395,1.4028526694413754,WALKING_UPSTAIRS
20.656012953042566,3.5837997596928357,WALKING_UPSTAIRS
-10.139324402176241,-4.1455885941229775,STANDING
-9.470249808678844,-2.9861252406941357,STANDING
-9.912390226633406,-3.2552751449173574,STANDING
-12.411855741760144,-4.391980261622765,STANDING
-13.93836647049155,-0.7109374814325528,STANDING
-11.875290545850453,-3.1930075937396296,STANDING
-12.31985640340374,-3.134161742487555,STANDING
-14.640623016184174,1.2807877276970716,STANDING
-14.593315766709459,3.9187299164994616,STANDING
-14.846728015535394,5.135304164979258,STANDING
-14.807234209898805,6.588515867538013,STANDING
-14.771903168123906,6.63180020986047,STANDING
-15.131529574464675,5.538646422395864,STANDING
-15.845561432555874,6.44030969316628,STANDING
-15.234041198587505,5.849743507693593,STANDING
-15.196152414538018,4.353152351468689,STANDING
-15.571515447885972,6.480346012810906,STANDING
-13.465136627346563,-1.727245565886153,STANDING
-10.145369536323246,-7.359544300646145,STANDING
-10.55022561728438,-6.392479274933688,STANDING
-11.330724511228752,-6.897427961674968,STANDING
-13.495935280320444,-1.5892468486242397,STANDING
-14.419802294823107,2.3860127156189836,STANDING
-14.155029210040471,0.30977731561432464,STANDING
-14.74361822816819,2.7324289746205404,STANDING
-14.75602752210699,2.987048449565369,STANDING
-14.490563732429807,5.704097355135564,STANDING
-14.647407303531674,5.33880064940424,STANDING
-14.028802346222164,2.917134810457643,STANDING
-14.226760231422261,4.032781291462933,STANDING
-14.488110317323539,2.2596751029524036,STANDING
-14.34537855510896,1.6414519602428679,STANDING
-8.907515070692101,-8.970866049101499,STANDING
-9.996072188420039,-4.946477719919604,SITTING
-14.032728488171147,1.255986979601535,SITTING
-15.014088034719693,11.514295168080244,SITTING
-15.612895249583183,13.397673423597237,SITTING
-15.872694604416303,6.750191951672621,SITTING
-16.267874612617906,8.95262956081922,SITTING
-16.313018596485527,10.364006111996904,SITTING
-16.163083326338718,10.652727705080853,SITTING
-16.093927796825923,10.459196904315787,SITTING
-15.849016124728982,8.77041620745456,SITTING
-15.498581882542123,7.647174895438463,SITTING
-15.537132649733037,8.770637870349208,SITTING
-15.861860210250772,9.27015096102693,SITTING
-15.973982526024333,8.109168346072503,SITTING
-16.200871287920044,10.835605324769379,SITTING
-16.254256076662166,10.87106013027966,SITTING
-16.182783577918585,9.583819862448934,SITTING
-12.856913322048069,3.9598334525655186,SITTING
-10.723624888100861,-8.02080655766564,SITTING
-12.748480699549834,-4.566777405111923,SITTING
-14.075924001565326,-0.24332731363265267,SITTING
-14.88453260133457,3.5956199952892103,SITTING
-15.18979769919098,6.167001573569601,SITTING
-14.896301040817901,5.561526892923646,SITTING
-14.884328882191053,4.607617926540527,SITTING
-14.88536898109355,6.528591051498529,SITTING
-14.364839789469247,1.6606824756895529,SITTING
-13.882293419092477,-1.2062328917832543,SITTING
-14.112523067031212,1.3791314471435216,SITTING
-14.403394417641671,1.8808723763899542,SITTING
-14.203417612754455,0.8606860743986698,SITTING
-14.011429646842306,3.025901392768359,SITTING
-14.572178213069623,3.5352766104847495,SITTING
-14.858243339627826,6.965328515482188,SITTING
-14.894121551559484,6.453160968499372,SITTING
-14.995942883551354,5.053792530167569,SITTING
-14.538580344339406,5.188302350530681,SITTING
-8.428624117208209,-7.0771789678732295,SITTING
-11.11503548587058,-4.168629640356012,LAYING
-13.825318907662952,-2.7938779123669453,LAYING
-15.193804390536926,0.8256545553167167,LAYING
-15.891416791407462,5.734492884148762,LAYING
-16.02319689287785,7.846203765860363,LAYING
-15.945367843283876,7.714947728082606,LAYING
-16.123254674572536,6.82825607174928,LAYING
-16.085734302009858,7.252754898822428,LAYING
-15.759391596125681,8.80516594651864,LAYING
-15.974444778032336,10.058516073177149,LAYING
-16.381206287465535,9.845319736742043,LAYING
-15.786577521440718,11.50312457364611,LAYING
-15.805238382271881,5.868954164719612,LAYING
-15.766332743777141,3.8620196432752403,LAYING
-14.014396026867779,3.948128656935999,LAYING
-12.511676207242468,-4.175426232464566,LAYING
-14.491834885765666,-0.2138520976283753,LAYING
-15.06385248213812,3.2333013526293506,LAYING
-15.668539648335662,4.62655084699097,LAYING
-15.559434219664944,4.071043516486927,LAYING
-15.35153896461739,3.7731858754906353,LAYING
-15.73304365229048,1.0958259676961903,LAYING
-15.527407776288713,1.641845831503098,LAYING
-15.78438455237327,2.416260748923433,LAYING
-15.752823040562989,3.172016269570121,LAYING
-15.362958225441789,3.9952229695465866,LAYING
-15.08933708907848,3.3939011506755796,LAYING
-15.120468667267708,2.6625262394449427,LAYING
-15.1870420502074,2.4167662953335145,LAYING
-15.292277396074127,2.2822412624427106,LAYING
-15.842826524749428,3.571220385251965,LAYING
-15.595509800472502,3.5645891982601503,LAYING
-14.823197690117782,0.4784094012986286,LAYING
22.23577220613687,5.004998608496224,WALKING
23.140631210294654,6.310397156419306,WALKING
28.417130538794247,10.79679220669674,WALKING
30.89243395426957,10.233746427890868,WALKING
34.36409833845173,13.184818468242502,WALKING
28.820667987894637,9.155232322764402,WALKING
24.899195172590176,5.665995567899525,WALKING
23.182306036212264,6.007255099350548,WALKING
21.753160215163607,7.695404795589177,WALKING
21.88119280031718,6.7420105604046086,WALKING
20.513218116388003,7.622267091885227,WALKING
20.76849225446164,6.895243214229318,WALKING
24.835053936973395,6.978787205862326,WALKING
28.964780463752824,11.026190749255592,WALKING
30.099546548115104,12.396361314514653,WALKING
23.370558004489016,5.068576085289008,WALKING
28.18623502483958,8.500125212889909,WALKING
27.482139354666092,6.414714514890221,WALKING
29.341271952336363,6.916721179774022,WALKING
32.09682554307482,10.455693089846939,WALKING
30.70317914576617,10.785962096166962,WALKING
23.097301075098045,5.634629503948613,WALKING
24.824494780915998,6.812650719289026,WALKING
29.54316285824054,10.034481879959245,WALKING
32.53615256693086,11.838433564172142,WALKING
39.248004867846134,15.078517963664797,WALKING
38.70025593183287,11.772828752446191,WALKING
32.24473119632493,10.982226217342195,WALKING
28.623529731099914,10.34999080216124,WALKING
35.24898368224253,11.601077522762827,WALKING
50.721157643149866,21.74697723282594,WALKING_DOWNSTAIRS
36.77763496766179,13.016206805907903,WALKING_DOWNSTAIRS
26.257646011855364,7.481289197221082,WALKING_DOWNSTAIRS
26.794573863704613,5.756527532803245,WALKING_DOWNSTAIRS
25.24246823452988,4.67935445744179,WALKING_DOWNSTAIRS
20.563367907939146,7.218405178994863,WALKING_DOWNSTAIRS
23.849487099945993,2.616723189179118,WALKING_DOWNSTAIRS
37.08804745409934,9.51461994122161,WALKING_DOWNSTAIRS
43.24719713912218,15.681486510815915,WALKING_DOWNSTAIRS
16.099791479789253,-5.423599491717286,WALKING_UPSTAIRS
15.307998319800443,-2.997760811717341,WALKING_UPSTAIRS
15.682936202204813,-2.025867364474101,WALKING_UPSTAIRS
13.891984332384808,-4.5561824493357825,WALKING_UPSTAIRS
15.919142565273585,-0.2583603830148007,WALKING_UPSTAIRS
18.361216925398153,2.07449269859131,WALKING_UPSTAIRS
15.477496279395284,0.30075453350444603,WALKING_UPSTAIRS
11.06628907842886,-5.023587938314466,WALKING_UPSTAIRS
13.242668945904382,-7.93125497084813,WALKING_UPSTAIRS
30.75930625964836,10.173462000491101,WALKING_DOWNSTAIRS
32.0242950665771,16.365687730682644,WALKING_DOWNSTAIRS
27.899210882016238,13.074050081531734,WALKING_DOWNSTAIRS
26.405245006517895,6.771259240495524,WALKING_DOWNSTAIRS
34.081419576589006,12.447617319118935,WALKING_DOWNSTAIRS
36.41030615480094,14.015097444108543,WALKING_DOWNSTAIRS
33.80355334552766,9.860406432981566,WALKING_DOWNSTAIRS
31.862347319718605,11.52508610278286,WALKING_DOWNSTAIRS
32.81511426664747,10.609502662519112,WALKING_DOWNSTAIRS
15.066038785342647,-6.265877461511968,WALKING_UPSTAIRS
13.081848052734053,-7.1302559773195675,WALKING_UPSTAIRS
11.706679522486214,-4.390817290815835,WALKING_UPSTAIRS
13.031371358646956,-3.553718242709277,WALKING_UPSTAIRS
14.374095143099964,-1.6118055300988638,WALKING_UPSTAIRS
17.60711858227797,-0.014997102082749934,WALKING_UPSTAIRS
16.146242361796748,-3.33966718795315,WALKING_UPSTAIRS
16.999491788343025,-5.325683773757227,WALKING_UPSTAIRS
39.45074050978566,19.186309734495108,WALKING_DOWNSTAIRS
26.217344775570268,10.877954077905075,WALKING_DOWNSTAIRS
30.210680644100613,8.86790884211338,WALKING_DOWNSTAIRS
34.973593382416226,11.023207122565937,WALKING_DOWNSTAIRS
32.98867053609229,12.312371098375742,WALKING_DOWNSTAIRS
30.414271757398755,9.365072459490186,WALKING_DOWNSTAIRS
42.98060862356797,16.82690960867295,WALKING_DOWNSTAIRS
38.15554446267785,14.475114212261726,WALKING_DOWNSTAIRS
40.368948292523356,11.893952071656274,WALKING_DOWNSTAIRS
19.177850868588443,-8.762406417058621,WALKING_UPSTAIRS
20.11587873213063,-6.462999948082912,WALKING_UPSTAIRS
16.512432464080746,-6.41147055906732,WALKING_UPSTAIRS
15.870474118016366,-6.406361052085201,WALKING_UPSTAIRS
16.398989697331935,-4.49531444443963,WALKING_UPSTAIRS
17.39363264926392,-4.287983285183197,WALKING_UPSTAIRS
14.29441975469603,-4.26736900432254,WALKING_UPSTAIRS
13.03059133039791,-6.3160285918983,WALKING_UPSTAIRS
-10.28717294705433,2.2310070555857258,STANDING
-10.820074172913596,-5.451775949117246,STANDING
-12.415516535891477,-2.850667436428121,STANDING
-14.006398149059617,0.9769314281806137,STANDING
-14.597598439497567,3.358943591817153,STANDING
-15.286399103359592,6.392431011527333,STANDING
-15.571989169275426,6.36160116491402,STANDING
-14.878524320404086,3.7159905891143166,STANDING
-10.764013907113855,-5.480107225495944,STANDING
-10.922160194649884,-4.233366431928182,STANDING
-14.91484205527474,4.330469746149222,STANDING
-15.146324380381614,5.2429913809306745,STANDING
-14.534694613435112,4.781828445206178,STANDING
-14.07024354072677,1.716587926279356,STANDING
-12.761804619216925,-1.1766520891349217,STANDING
-12.671167775160953,-0.8752939685817124,STANDING
-14.237540014559581,3.190724852827544,STANDING
-9.692037181023942,-8.448172729825673,STANDING
-12.45279085408363,-3.1350275507417704,STANDING
-14.026645728513232,-2.187607193173487,STANDING
-13.852269533448423,1.37471857226847,STANDING
-14.443397975083212,3.259589027903298,STANDING
-14.438877852958845,1.5181669456116464,STANDING
-13.250565005523177,0.1280538655261845,STANDING
-11.731861414249101,-4.36065463039446,STANDING
-10.786619634628554,-6.365517014817727,STANDING
-11.132596052140006,-3.908994722670003,STANDING
-10.672979820287932,-3.990039290462454,STANDING
-9.66309333709104,-9.107409483743501,STANDING
-10.194480824180086,-8.828941327637606,STANDING
-11.239913999091733,-7.212046842030155,STANDING
-12.32448194024559,-4.666647166456162,STANDING
-13.104559030612428,-2.4262263184645674,STANDING
-13.341434270483393,-0.7121856994755011,STANDING
-13.860652037512088,0.45047372159865373,STANDING
-10.096945202951702,-7.953407892214047,SITTING
-14.130061164175876,-3.292569305975884,SITTING
-15.308470826536121,0.07002251569531229,SITTING
-15.042529902415797,1.7207615993082659,SITTING
-15.150847767641878,3.7422328130231115,SITTING
-15.715174006445292,8.234060388492942,SITTING
-15.964786492096117,7.052788112937892,SITTING
-15.83489855224207,6.0423404577197495,SITTING
-15.675817207035768,7.077653793857832,SITTING
-15.803625046189028,6.33300221629101,SITTING
-15.703003239355928,4.978611705881953,SITTING
-14.790587392893357,2.201875975789233,SITTING
-15.119470484381166,3.2710396368445114,SITTING
-12.124966690783834,-0.04988834112934291,SITTING
-8.891358653941943,-8.246359692653495,SITTING
-11.182696125740707,-7.266303224616989,SITTING
-11.291251386415077,-5.686983979996763,SITTING
-12.372178013452825,-4.099084254248347,SITTING
-13.807141505129326,-1.105736863482252,SITTING
-14.02700283738358,1.1927887653797207,SITTING
-14.179826528630645,1.3731012760150125,SITTING
-12.847017689252997,-2.877640058205352,SITTING
-13.023465680788322,-1.3882513105371017,SITTING
-11.286730371621555,-7.841727322332758,SITTING
-5.473361976608589,-14.75625242784366,SITTING
-4.923236737166737,-14.524669379208056,SITTING
-6.844538067559539,-10.712617651782812,SITTING
-11.424330576702832,-9.140197277214703,SITTING
-12.678603333943535,-4.109065367973116,SITTING
-13.697299600082854,-1.429328961665568,SITTING
-11.766640844495829,-2.932049718093165,LAYING
-13.622675304873999,-2.4634031551229003,LAYING
-15.811904197963237,4.125744696235728,LAYING
-16.195434505116552,5.173011526888309,LAYING
-16.043364660830687,5.42824949226327,LAYING
-15.595745042611055,2.834952215144559,LAYING
-15.72320861946174,4.978434574337569,LAYING
-15.825287254369167,5.345483671898204,LAYING
-15.615430115463761,5.471041134104402,LAYING
-15.698771452529845,7.752233903019576,LAYING
-15.408692044092405,5.732728068123257,LAYING
-15.165102537360676,4.131283585044873,LAYING
-15.185821160935504,5.594717006326397,LAYING
-15.268141023747626,2.8354437375289034,LAYING
-15.297564608519808,1.125688915298316,LAYING
-15.340901876270767,1.5428530844132067,LAYING
-15.15710047144968,1.0074300120072688,LAYING
-15.373386360948887,2.07673844988837,LAYING
-15.169954424493309,2.230991870947255,LAYING
-15.074832981191365,-0.9012331737381882,LAYING
-15.137509885703222,-1.4193855765649759,LAYING
-14.671090306033058,-1.9401486714335043,LAYING
-14.365943232312919,-2.4815035053595293,LAYING
-10.633404309176758,-6.544535240671372,LAYING
-13.793958083521302,-4.61012125982727,LAYING
-15.3135968036282,-1.2399368643689452,LAYING
-15.657586355755166,1.3802199003900524,LAYING
-15.559941710366962,2.497564402909524,LAYING
-16.055796716625554,4.324756034807887,LAYING
-16.01263792637496,5.2087460878221945,LAYING
-15.631489467932983,3.306996951961983,LAYING
-15.130694559767829,2.4480354433021523,LAYING
-15.29359441771133,1.6017592993984706,LAYING
-15.49770872652019,2.1246705484464585,LAYING
-15.079826515450964,0.9953763486036155,LAYING
-14.966705786696854,-0.7570736063343332,LAYING
-15.342434715527132,0.40065845524157917,LAYING
-15.290298852486671,0.32108601885220645,LAYING
-12.971170577032291,1.8560111934368608,LAYING
17.43918496361296,2.339770485716217,WALKING
21.31163386361292,4.875660184761637,WALKING
21.82633215658595,5.425346833025519,WALKING
23.056764376822926,7.410418361585123,WALKING
24.911778775676332,7.966137010820397,WALKING
24.340207967045902,7.2491397154582105,WALKING
29.872498803964653,13.951532214480446,WALKING
30.963427889625383,14.790373990354992,WALKING
27.07320465437191,8.246448025528512,WALKING
25.273578691642953,5.724297723721412,WALKING
25.055217793608925,8.651111572162788,WALKING
23.47272808574668,6.350673760465488,WALKING
29.808698773976026,11.151749279756912,WALKING
36.440622494899195,14.909736816141434,WALKING
39.8216200299196,17.506913340436185,WALKING
28.76257248688107,7.637303443993876,WALKING
35.37786392418758,15.535659314846399,WALKING
38.88025181414982,14.959016573796053,WALKING
37.29313151028485,16.88789022056824,WALKING
29.115144695612063,12.536449759780034,WALKING
30.823631674308675,12.136717857538898,WALKING
34.81400175977591,15.036655342293276,WALKING
28.026857765527602,9.674960107773583,WALKING
21.197501133125773,4.5557896220046805,WALKING
20.7980917270667,4.220678322645261,WALKING
20.644280052511704,3.6145186080795337,WALKING
20.684555471687137,3.713086134205636,WALKING
22.564957461768447,5.430357890341304,WALKING
20.98251411160338,4.250047924646854,WALKING
34.343922729518276,10.485975833535914,WALKING_DOWNSTAIRS
26.350123118445154,6.157211884618139,WALKING_DOWNSTAIRS
38.93534931808753,9.976532388895016,WALKING_DOWNSTAIRS
47.464361389397844,14.332349080976055,WALKING_DOWNSTAIRS
44.358698313564744,16.94328585593308,WALKING_DOWNSTAIRS
39.399204739520954,16.040675932561722,WALKING_DOWNSTAIRS
41.050430859632904,19.6942079822562,WALKING_DOWNSTAIRS
45.15625310829599,21.269414414767326,WALKING_DOWNSTAIRS
37.459671505481566,13.552376000868765,WALKING_DOWNSTAIRS
44.40003018768539,19.624023701654266,WALKING_DOWNSTAIRS
40.10988692101194,14.196476264538779,WALKING_DOWNSTAIRS
30.012975763770342,7.423722417063464,WALKING_DOWNSTAIRS
33.81281280679315,9.244253950954985,WALKING_DOWNSTAIRS
35.340245831126396,11.460191632390757,WALKING_DOWNSTAIRS
27.13572711445271,6.913166884723429,WALKING_DOWNSTAIRS
35.86999315805617,11.005460012593481,WALKING_DOWNSTAIRS
45.716291021023665,18.31845766735438,WALKING_DOWNSTAIRS
48.10608121370809,16.39930948449323,WALKING_DOWNSTAIRS
50.78411956457576,20.54809765643919,WALKING_DOWNSTAIRS
36.27957099147404,12.331062625998237,WALKING_DOWNSTAIRS
35.41275916419269,14.534821439628582,WALKING_DOWNSTAIRS
37.21282676754259,15.158964068555182,WALKING_DOWNSTAIRS
42.142991295956406,16.70599934143939,WALKING_DOWNSTAIRS
37.07127357177839,13.559625658401416,WALKING_DOWNSTAIRS
27.050275340755093,6.987238984997256,WALKING_DOWNSTAIRS
26.976434870076194,6.649606847529775,WALKING_DOWNSTAIRS
32.64102521999759,13.250440137290074,WALKING_DOWNSTAIRS
19.94896828877267,-2.2947637382796917,WALKING_UPSTAIRS
18.649876591885892,-4.04280172854904,WALKING_UPSTAIRS
19.92836042050771,-3.641393786487823,WALKING_UPSTAIRS
20.424518690159434,-2.730497803243477,WALKING_UPSTAIRS
20.748414377296438,-2.185059240885738,WALKING_UPSTAIRS
19.588591865449203,-2.3570726398389796,WALKING_UPSTAIRS
16.017072012976,-4.041743125544778,WALKING_UPSTAIRS
18.736186491647775,-6.598951925510796,WALKING_UPSTAIRS
13.844273947457605,-6.7103264058989005,WALKING_UPSTAIRS
13.50975354959023,-5.670845011125342,WALKING_UPSTAIRS
15.920287652119704,-2.6700205012966016,WALKING_UPSTAIRS
15.989182043298332,-2.3975272237145395,WALKING_UPSTAIRS
11.793609708399295,-4.098413120015778,WALKING_UPSTAIRS
16.55111267850902,-3.2462859640065846,WALKING_UPSTAIRS
17.269907762638418,-5.229662840710913,WALKING_UPSTAIRS
16.13341616528739,-5.463568369437359,WALKING_UPSTAIRS
23.749120078705577,-4.031946173081797,WALKING_UPSTAIRS
15.210990966460129,-9.32274886433107,WALKING_UPSTAIRS
13.776027260242584,-7.6208786124687515,WALKING_UPSTAIRS
10.496940899907486,-5.096303250691189,WALKING_UPSTAIRS
10.55772006135541,-5.183065981779179,WALKING_UPSTAIRS
13.96366353161759,-6.00921768628275,WALKING_UPSTAIRS
14.927383620878174,-4.063773686319665,WALKING_UPSTAIRS
15.137729744665677,-2.8459840625187605,WALKING_UPSTAIRS
13.247905664032201,-4.056098109450995,WALKING_UPSTAIRS
11.626498652767518,-4.749537392524976,WALKING_UPSTAIRS
-13.392873388935874,9.861130307839527,STANDING
-14.376251316363,1.753503295090257,STANDING
-14.4761316599365,2.360177575800233,STANDING
-14.79663232110674,3.461423126304922,STANDING
-15.351195935822325,5.603960508138482,STANDING
-13.23179186423727,3.402009227495137,STANDING
-13.007720882042076,3.579567645075169,STANDING
-13.833003693240506,5.462977573559502,STANDING
-12.265498150254741,2.605384709217867,STANDING
-12.370266475008037,0.2701338612576474,STANDING
-15.150585239604155,1.6737867062207923,STANDING
-14.89239207336032,1.4886116093984805,STANDING
-14.976701124435422,2.7807351227108903,STANDING
-15.328190562116436,3.617068512384624,STANDING
-15.03308726170109,3.6020394508224416,STANDING
-15.137597982047962,2.8138687656400974,STANDING
-15.311449778594302,3.596642921140463,STANDING
-15.436756587577673,4.156574673711478,STANDING
-15.449465468609148,4.623877526632598,STANDING
-13.638850990718192,0.8382343757237283,STANDING
-12.236502558790209,-7.481818276927349,STANDING
-14.396580773419053,-2.1117485337634743,STANDING
-15.003382572466702,2.155270144220996,STANDING
-12.685256432861785,-0.28569680408947074,STANDING
-12.892585171552547,0.08691780305970945,STANDING
-13.395286197973347,-0.20362143688546017,STANDING
-12.996809867501138,-1.0133855501662101,STANDING
-14.153160330652804,1.0161704285356126,STANDING
-15.07296218598453,3.685687063100703,STANDING
-15.077162813855486,4.024422699276153,STANDING
-15.652436386255108,2.803871928174237,STANDING
-15.713033947714194,3.585593321054281,STANDING
-15.477685773130094,3.5856708771926193,STANDING
-15.294263494101664,2.9292901566168563,STANDING
-15.589202875728468,2.9497160029429406,STANDING
-15.97467404782438,4.795745398139986,STANDING
-16.086161787762215,5.675392573666065,STANDING
-10.549093442952373,-10.92494576020895,SITTING
-14.053970951813872,-4.609203366124434,SITTING
-15.504580144191477,-0.15703149608544023,SITTING
-15.85807591260777,4.881778695080717,SITTING
-15.644519067089046,5.08611298505876,SITTING
-14.754567693020654,5.76112472283594,SITTING
-14.577979234099127,3.6808317781434448,SITTING
-15.387311350511903,3.2086547632945095,SITTING
-15.467556766791903,4.948068880768478,SITTING
-15.150825125130297,3.6974124937340935,SITTING
-15.607348576373202,5.063977557531761,SITTING
-15.884430694163996,6.728354535490137,SITTING
-16.059183959604105,6.4300723629364525,SITTING
-16.375047055516582,5.389656433008876,SITTING
-16.438208110481483,7.23894548028797,SITTING
-16.18389693759476,7.0625129982646895,SITTING
-9.482077731909428,-10.139663394352283,SITTING
-13.464787286617618,-4.249037362637349,SITTING
-14.605566468542857,1.6810446659538871,SITTING
-15.244719735031257,5.126038608395297,SITTING
-15.563520154438418,5.061723509284812,SITTING
-15.197428894336044,3.8204297181490934,SITTING
-15.122424965756348,3.618097727885143,SITTING
-15.376666889879171,2.2874291308813937,SITTING
-15.274730903396215,2.3130147848609006,SITTING
-15.309919083542775,4.682042841399792,SITTING
-15.322272563532064,4.5170201863002415,SITTING
-15.960866661114277,4.871428055329453,SITTING
-16.035605744896525,4.80405882652641,SITTING
-15.899240097498234,5.003953208680576,SITTING
-15.665796631566153,5.269082984077131,SITTING
-15.801279945266913,4.902118766608259,SITTING
-16.048844165066715,3.8211347063934538,SITTING
-15.154228864618773,2.9275724016481797,SITTING
1.4400172929277655,-21.220271465541003,LAYING
-1.0594848546324642,-19.42437905499934,LAYING
-4.520217284726874,-15.11845427872807,LAYING
-7.566812911696661,-11.031636670334617,LAYING
-1.3099878004929346,-16.917601238018644,LAYING
0.06569716239870155,-21.765010096242577,LAYING
0.6362963379660457,-21.633751784863996,LAYING
-6.3482010331243,-12.766230732605546,LAYING
-8.451879235374587,-8.841816552822669,LAYING
-10.886619989400835,-9.947265497598886,LAYING
-3.469680597403703,-13.900027429331843,LAYING
-2.127477499932796,-15.808211197704496,LAYING
-2.095523075792493,-17.189151664944706,LAYING
-3.2744139783650037,-15.164029484128971,LAYING
-9.736542865299569,-9.232620931999936,LAYING
-11.3287994043402,-6.266103633012856,LAYING
-7.534001470587787,-10.643890373249517,LAYING
-5.687429844531451,-16.119537345789528,LAYING
-7.906054796112555,-11.347401247887069,LAYING
-12.79340883287103,-5.383005453425804,LAYING
-12.946061349517361,0.12508344782809136,LAYING
-13.454803626452481,1.5621735939061105,LAYING
-14.753727240094697,1.8861089256816077,LAYING
-14.556112418135895,1.098012007307853,LAYING
-15.141752710283127,1.376282652297748,LAYING
-16.369076837694546,9.453816535868086,LAYING
-16.271897194992253,9.435821131770062,LAYING
-16.896821067982515,9.281577304588849,LAYING
-16.56339483976379,7.848598597601654,LAYING
-16.58256186834759,8.190920149916673,LAYING
-16.52279228283702,8.304793796774776,LAYING
-16.118077417602674,5.169971590142218,LAYING
-16.245811290840596,4.000520858840655,LAYING
7.750822245787472,-7.36046894468893,WALKING
7.251015729153108,-5.457384652046176,WALKING
6.469865921676503,-5.227796300442043,WALKING
5.652229966373861,-4.443829682239403,WALKING
5.723927240476723,-2.9328283345619144,WALKING
5.498259223431256,-4.173785399498956,WALKING
5.007372166093984,-5.694649737762198,WALKING
3.59326783890283,-6.448965559866995,WALKING
3.5886536967552476,-6.781227590084761,WALKING
3.722605230956765,-6.293255010624917,WALKING
2.985252131530946,-5.736715542522526,WALKING
3.766256313515118,-4.9289671209853765,WALKING
4.088861890739404,-6.204964927808294,WALKING
3.5281743412665825,-5.3520362162735236,WALKING
4.3020255671744785,-4.437955942114515,WALKING
5.156466205765093,-5.553275774037743,WALKING
4.2669467098334835,-4.843154290357938,WALKING
3.5251964029226874,-3.8283894572668986,WALKING
2.063042163345805,-4.866875967030415,WALKING
7.340523829087576,-8.20923470806796,WALKING
6.919456380567184,-7.664482080759705,WALKING
6.711188024819017,-5.756317148807078,WALKING
6.373335136309585,-5.273920958560871,WALKING
5.7706928103274455,-6.444153320980152,WALKING
5.146537425815638,-6.118608365777535,WALKING
5.592157211564824,-5.515174704598801,WALKING
5.571329597918538,-4.892860298906035,WALKING
4.946240541648592,-6.060010259466773,WALKING
4.019267130770106,-7.2161793724956915,WALKING
3.7736347087281823,-6.039098544029592,WALKING
3.8252316716569608,-5.870206837514672,WALKING
4.349109132810371,-4.964468391480473,WALKING
6.104492949032726,-3.8037867737471616,WALKING
5.517456270457115,-5.025719494932076,WALKING
4.91137013853318,-6.711789917377247,WALKING
3.8421788268548402,-4.8502873216998585,WALKING
7.480952345098649,-7.231941441383759,WALKING_DOWNSTAIRS
8.44237748603165,-5.418088037889846,WALKING_DOWNSTAIRS
9.57582343868759,-4.693324780661261,WALKING_DOWNSTAIRS
11.801471475723911,-3.892191233847059,WALKING_DOWNSTAIRS
12.636920525606074,-6.775877268510918,WALKING_DOWNSTAIRS
11.212518212564426,-7.265554449077405,WALKING_DOWNSTAIRS
9.84009294968402,-8.960426535765132,WALKING_DOWNSTAIRS
9.761882004587026,-7.371821296224693,WALKING_DOWNSTAIRS
12.420830130280677,-5.841971266866098,WALKING_DOWNSTAIRS
5.245666443375507,-11.652440622718682,WALKING_DOWNSTAIRS
6.049211278833603,-9.664540482550269,WALKING_DOWNSTAIRS
7.961210909119856,-7.53219469780544,WALKING_DOWNSTAIRS
7.967882574875062,-7.8642887748067745,WALKING_DOWNSTAIRS
6.683127040013387,-9.617229117676121,WALKING_DOWNSTAIRS
4.44879967520491,-7.995987457259392,WALKING_DOWNSTAIRS
3.9479140340380114,-8.773214510419459,WALKING_DOWNSTAIRS
5.960458113784274,-8.077418879590285,WALKING_DOWNSTAIRS
6.125901077843934,-7.5444280664259695,WALKING_DOWNSTAIRS
5.240592841766044,-7.787585818261473,WALKING_DOWNSTAIRS
5.042402037118394,-7.785718786797278,WALKING_DOWNSTAIRS
5.854149163884827,-6.671868821074456,WALKING_DOWNSTAIRS
6.427550560530716,-7.376372835121924,WALKING_DOWNSTAIRS
5.122381256712978,-9.182191442058484,WALKING_DOWNSTAIRS
6.930854358428728,-10.46974995147902,WALKING_DOWNSTAIRS
8.747818373761074,-10.016467308449178,WALKING_DOWNSTAIRS
7.2344807400850195,-8.410061431227291,WALKING_DOWNSTAIRS
5.6239245977759325,-6.28490669335075,WALKING_DOWNSTAIRS
4.969465440217288,-9.18418529033177,WALKING_DOWNSTAIRS
3.3128374689120523,-8.29783575027498,WALKING_DOWNSTAIRS
5.182639178350477,-7.986772529325937,WALKING_DOWNSTAIRS
5.0650499082036715,-13.024067820505872,WALKING_UPSTAIRS
3.5556043589195667,-12.775609020653077,WALKING_UPSTAIRS
2.9299000831472695,-11.839492666576424,WALKING_UPSTAIRS
1.6257474407148897,-11.240022640343543,WALKING_UPSTAIRS
2.5444304820582606,-12.150151804930205,WALKING_UPSTAIRS
1.938322489188353,-10.594466543517234,WALKING_UPSTAIRS
3.305813000121253,-9.84942223944097,WALKING_UPSTAIRS
2.618128405835564,-12.772197354508368,WALKING_UPSTAIRS
0.9150073621163449,-11.620882058322819,WALKING_UPSTAIRS
0.45897633795588594,-12.008726193965746,WALKING_UPSTAIRS
-0.2711760960679556,-11.579850104944612,WALKING_UPSTAIRS
2.4599192262194642,-14.96038460297704,WALKING_UPSTAIRS
2.8699584165099887,-12.701349235515915,WALKING_UPSTAIRS
1.4770841350961896,-10.211645962062361,WALKING_UPSTAIRS
0.4802367886661471,-9.259162017478825,WALKING_UPSTAIRS
-0.38899904185802925,-9.052459629056449,WALKING_UPSTAIRS
1.103762477222473,-13.21038683036178,WALKING_UPSTAIRS
3.341308490592439,-13.148748413116483,WALKING_UPSTAIRS
3.7247565120096335,-14.235897651379972,WALKING_UPSTAIRS
2.47443147034305,-13.9728548880233,WALKING_UPSTAIRS
0.87717275256844,-12.163167593513686,WALKING_UPSTAIRS
1.2658908351139984,-12.282951981676925,WALKING_UPSTAIRS
1.7348578217870436,-12.667644149209542,WALKING_UPSTAIRS
4.47080693122001,-14.557843828553821,WALKING_UPSTAIRS
3.0814682559040047,-12.683318888843466,WALKING_UPSTAIRS
2.3913406067283822,-11.979849158121532,WALKING_UPSTAIRS
1.018661834988903,-11.265419540209514,WALKING_UPSTAIRS
0.454292326272677,-11.181374267673522,WALKING_UPSTAIRS
2.02658372967728,-13.889194917839399,WALKING_UPSTAIRS
3.71548023850569,-14.720510203792523,WALKING_UPSTAIRS
3.8804759469063335,-13.747021591749421,WALKING_UPSTAIRS
1.6811829661719444,-11.512829947710127,WALKING_UPSTAIRS
0.9016236590869778,-11.796173405047652,WALKING_UPSTAIRS
0.5668941794401383,-11.118306003574707,WALKING_UPSTAIRS
-0.9623993263814467,-11.66073613375602,WALKING_UPSTAIRS
-5.195550895433463,-5.206475812546405,STANDING
-10.583495063000246,-2.8224337372347987,STANDING
-10.921115559552598,-6.102699930570724,STANDING
-11.970113608040716,-6.703018057348201,STANDING
-13.949119670238845,-2.0923722989440248,STANDING
-14.330320220462898,-1.35325068449393,STANDING
-12.517937674556403,-5.763339732961651,STANDING
-12.786480261508851,-5.099205733896005,STANDING
-15.190897555701504,3.904535780865104,STANDING
-15.383675774291234,4.992793402113506,STANDING
-14.87021343714186,3.7223759171425828,STANDING
-15.055790018870077,5.962318617681248,STANDING
-15.12033728087972,6.5355047947510405,STANDING
-15.004281062167653,4.042910158343667,STANDING
-15.03151363067648,5.498621748961167,STANDING
-15.811350231334774,8.286894535040044,STANDING
-15.989696553229674,6.90654537081502,STANDING
-15.44902046709369,4.1081593113141155,STANDING
-12.300771081815444,-5.7622399533389315,STANDING
-14.167478352565016,-0.6972248590162979,STANDING
-14.113005074687834,-0.36464633079018294,STANDING
-14.684733762444555,0.8953252396158367,STANDING
-14.50024660991854,-0.7402789075213151,STANDING
-14.666122746854642,-0.6756358009951887,STANDING
-15.30408363823905,3.118092724486546,STANDING
-13.900192209538064,-0.6763500175837498,STANDING
-13.449707107232914,-1.216599335633644,STANDING
-14.013613817145107,-0.14211708757322514,STANDING
-14.764910767922686,0.4183460987342157,STANDING
-14.722055302653384,2.058454927304143,STANDING
-15.186794377846983,3.640731167605089,STANDING
-14.618716226075255,2.485890368506176,STANDING
-14.729622915521727,3.6903120622367447,STANDING
-15.230504675892838,3.3136904815028627,STANDING
-14.517670904622461,0.4252692780993971,STANDING
-14.760922626396162,1.1368946370551738,STANDING
-15.298740880091579,4.50820356439346,STANDING
-6.356167051624016,-11.915402218122209,SITTING
-11.784765079279664,-6.357862740553164,SITTING
-13.02966613776381,-3.6032225636065243,SITTING
-13.872523225220446,-2.009843271503146,SITTING
-14.91588637467613,0.6410553817443143,SITTING
-14.920236904166986,1.7580030624095837,SITTING
-15.416253289296986,5.509858437806984,SITTING
-14.980476379244163,3.628951135421556,SITTING
-14.03111507911852,2.0969118161157714,SITTING
-14.67770457663944,4.755944608455671,SITTING
-14.951791356578019,5.212841854742625,SITTING
-14.224605262995125,0.28766087152015873,SITTING
-14.37059231081518,0.911386339716982,SITTING
-15.168715741276655,3.89342195591488,SITTING
-15.080820284017193,3.9680232617826565,SITTING
-12.703945216329787,2.179874068323798,SITTING
-10.313770848950812,-8.003188278938259,SITTING
-13.540298269228924,-3.876585744397012,SITTING
-14.589860914558642,-2.966147700011737,SITTING
-14.555424039385235,-1.3701062133586417,SITTING
-15.264463284630185,-0.4445981499509799,SITTING
-15.86527058580449,1.8972283361686433,SITTING
-15.775416603226398,1.9071017912747243,SITTING
-15.53591435965679,2.945067254707049,SITTING
-15.584936115722869,3.774643194074797,SITTING
-14.986355305483844,2.2317827374089054,SITTING
-14.760778951108971,1.6751623737065966,SITTING
-15.512474539913335,4.550902408281179,SITTING
-15.445022353359214,5.596671059527577,SITTING
-15.25004890386959,5.329034569907947,SITTING
-15.407012894020705,5.004704687472491,SITTING
-8.498903269741515,-7.757497310322754,LAYING
-13.478516947688696,-4.607952379679045,LAYING
-12.744682566982958,-2.917927832865413,LAYING
-11.798235263659087,-5.2254837418524165,LAYING
-12.780352966551442,-4.019469514319379,LAYING
-15.369821292834764,2.7727624665693806,LAYING
-12.622823732363816,-4.452113071084591,LAYING
-7.1023134247703865,-12.822392936710143,LAYING
-6.93255346127987,-14.806619318692288,LAYING
-8.03119751235484,-13.09090167860885,LAYING
-9.781078940822841,-11.744631488464798,LAYING
-9.858901653936918,-12.174213754991204,LAYING
-9.124961831443603,-11.079460237775395,LAYING
-10.918558107857628,-7.83573851094729,LAYING
-10.577467485610487,-9.448516792197264,LAYING
-11.074403389031637,-8.665714465036949,LAYING
-11.520369644311408,-9.553142073368313,LAYING
-11.196277889957013,-7.978319561410813,LAYING
-11.137330379250251,-9.428435619179755,LAYING
-11.297690087221241,-7.68141706625261,LAYING
-11.734358827929231,-5.773178424676403,LAYING
-2.7614698189717197,-14.399696310777715,LAYING
-10.146329568008206,-6.78897929469471,LAYING
-10.225726912512329,-9.00979455803795,LAYING
-9.172338961909043,-9.566026709645527,LAYING
-9.866908667917796,-11.522393500827086,LAYING
-10.38444471577319,-8.4993341686929,LAYING
-14.118473470001318,-4.358836453923903,LAYING
-12.712473997930553,-4.691001142189451,LAYING
-6.7799369496812725,-12.576828549471255,LAYING
-5.047104587306961,-18.640504330151533,LAYING
-4.366727806692895,-17.571374405196487,LAYING
-10.203814633668351,-10.083904487134365,LAYING
-12.458380596167489,-2.0677467348837113,LAYING
-13.071191635439268,3.7231459180412196,LAYING
-12.060720777270184,-1.1634428790798879,LAYING
-12.379141667629211,-5.330773219812649,LAYING
-12.375601139168511,-6.226785466221618,LAYING
-13.22609667822594,-4.843413087639105,LAYING
-12.237361178446607,-3.5603999035018945,LAYING
2.6089727016706448,-10.81969727943983,WALKING
4.532157164882969,-8.893872023229545,WALKING
5.844941617333472,-8.135942084665887,WALKING
5.319296776074074,-7.326369910778313,WALKING
3.460617229908672,-6.123568276905007,WALKING
3.510549803812853,-6.4947008224610885,WALKING
2.5536002755634897,-9.841300512400355,WALKING
3.1365255939966366,-9.271530737068181,WALKING
3.9526556456410114,-6.627851482617925,WALKING
4.040326458177375,-6.47142525337013,WALKING
3.9851299063171126,-6.119775689462694,WALKING
3.5730628858924063,-5.733831627745763,WALKING
3.354177428408865,-6.634530737519135,WALKING
4.172317914627494,-6.775795821426934,WALKING
5.146491769096669,-6.17510271839838,WALKING
4.480186580676392,-5.329250176382667,WALKING
3.531054906710194,-6.224618842770975,WALKING
3.912973007026335,-5.2914120666901745,WALKING
3.7449275963661934,-4.170827282879998,WALKING
3.4873099704586648,-4.464769447734223,WALKING
1.9483899925070698,-5.649477553656641,WALKING
5.551237722078439,-7.758865336935867,WALKING
3.9631143796919517,-6.069477869179574,WALKING
4.9529339582327445,-6.301020889512567,WALKING
5.727306983595145,-4.7022262325794575,WALKING
5.224093912762672,-4.780098390298475,WALKING
7.089636790120705,-6.1823124770336335,WALKING
7.299016254181755,-4.442859049207302,WALKING
5.375748789851906,-4.159710596045786,WALKING
6.196911662350097,-6.075583827037402,WALKING
5.3968906718064265,-5.463798936433842,WALKING
3.960852750526289,-5.648673650645776,WALKING
5.700384018571781,-6.1673802855598066,WALKING
7.691144676955899,-4.692982980672543,WALKING
6.854570668124864,-6.118841028366802,WALKING
5.292518741401314,-7.284323782269088,WALKING
4.565441341313289,-7.9171309042682365,WALKING
4.397084839057129,-5.59303687066242,WALKING
10.718575441998276,-6.230336827943956,WALKING_DOWNSTAIRS
11.596367844629418,-5.4099368536002554,WALKING_DOWNSTAIRS
12.436046504770363,-6.186291154250584,WALKING_DOWNSTAIRS
12.3209987679825,-6.032446484162281,WALKING_DOWNSTAIRS
12.139453555307313,-7.026949249530685,WALKING_DOWNSTAIRS
10.325522275628463,-7.353529131102906,WALKING_DOWNSTAIRS
10.588109372688761,-5.04431418822726,WALKING_DOWNSTAIRS
12.404571807167333,-5.606893780006759,WALKING_DOWNSTAIRS
10.90359431967607,-6.336732388334592,WALKING_DOWNSTAIRS
7.470893297684931,-12.44116602610302,WALKING_DOWNSTAIRS
5.870537073252559,-8.59638934209935,WALKING_DOWNSTAIRS
10.049012919572593,-5.184560942408984,WALKING_DOWNSTAIRS
11.696710150523112,-6.24734494505319,WALKING_DOWNSTAIRS
9.574348145481796,-8.27597905492439,WALKING_DOWNSTAIRS
9.850353332129597,-7.910161925096514,WALKING_DOWNSTAIRS
11.027126465692676,-8.12852921767163,WALKING_DOWNSTAIRS
9.957448834453754,-8.357544604282737,WALKING_DOWNSTAIRS
8.43973670229303,-7.290083720781158,WALKING_DOWNSTAIRS
10.106067730443677,-11.674143455490091,WALKING_DOWNSTAIRS
11.87609866260135,-8.22091952965642,WALKING_DOWNSTAIRS
13.185282925350593,-5.954755862469739,WALKING_DOWNSTAIRS
8.807883444082385,-7.826863458940812,WALKING_DOWNSTAIRS
8.815573412841307,-7.1513759300280935,WALKING_DOWNSTAIRS
10.361579323498972,-7.915983233309129,WALKING_DOWNSTAIRS
9.969737776595077,-8.333198746736404,WALKING_DOWNSTAIRS
11.662960296280424,-8.530749240660986,WALKING_DOWNSTAIRS
10.298151921063667,-9.694158960987425,WALKING_DOWNSTAIRS
11.326793884603548,-8.172006185427762,WALKING_DOWNSTAIRS
4.6461038725008805,-12.675098388794133,WALKING_UPSTAIRS
4.295796401604134,-12.596757417937065,WALKING_UPSTAIRS
6.6230904364461605,-12.556312122873946,WALKING_UPSTAIRS
7.98494285025353,-11.741676874373052,WALKING_UPSTAIRS
7.813912519689697,-11.436091978847735,WALKING_UPSTAIRS
5.201845105923119,-11.13324366069284,WALKING_UPSTAIRS
4.476606774856541,-11.149382321951453,WALKING_UPSTAIRS
4.792569911541852,-11.601020115408202,WALKING_UPSTAIRS
3.0147615667315812,-12.55289094068136,WALKING_UPSTAIRS
3.468246187203364,-11.011059703961664,WALKING_UPSTAIRS
6.4836569023244985,-15.977844021047813,WALKING_UPSTAIRS
5.525018397638075,-12.44783259263503,WALKING_UPSTAIRS
5.1966061034977375,-8.720614199189681,WALKING_UPSTAIRS
4.309020128678789,-8.355008677331718,WALKING_UPSTAIRS
4.670117904144532,-8.966008757762605,WALKING_UPSTAIRS
5.022241530623884,-10.241283950205812,WALKING_UPSTAIRS
6.106562452850142,-10.522047223606778,WALKING_UPSTAIRS
6.307699946865299,-10.270006137334544,WALKING_UPSTAIRS
4.058875659143956,-11.319438164148774,WALKING_UPSTAIRS
4.2123315525830884,-10.617866542538215,WALKING_UPSTAIRS
6.594929423790913,-13.628011560378479,WALKING_UPSTAIRS
4.911032432789793,-11.848241574628886,WALKING_UPSTAIRS
5.1012907200067525,-9.994847768645238,WALKING_UPSTAIRS
5.113327515017861,-8.485455882263478,WALKING_UPSTAIRS
5.735104536732294,-10.046225188719175,WALKING_UPSTAIRS
7.357417287835704,-11.269396825357598,WALKING_UPSTAIRS
6.671209650235122,-10.527185346565894,WALKING_UPSTAIRS
6.365504228614606,-7.680922335099501,WALKING_UPSTAIRS
3.833942698444854,-10.300179232556722,WALKING_UPSTAIRS
2.421768828612475,-8.59824358775792,WALKING_UPSTAIRS
-10.58062235905388,0.3053385120768544,STANDING
-13.87581853170511,-3.855478405640804,STANDING
-14.686534885143605,-1.6783538998403107,STANDING
-15.077403261751105,-0.3782837854480981,STANDING
-15.268664702212556,1.8722328366380618,STANDING
-15.543619473916412,5.678202236618002,STANDING
-12.608329836159124,0.3890487299455644,STANDING
-12.461115185715425,-0.3030946092373171,STANDING
-13.881777596691283,0.9866125562733332,STANDING
-14.992953130896474,0.5724567257322624,STANDING
-15.31628399732481,2.2815921206389,STANDING
-14.217593588673502,1.2775010195087302,STANDING
-13.970742745386795,1.3382255971177233,STANDING
-13.736868004187345,-0.7613835440510623,STANDING
-13.816736780177916,-0.9321435362023834,STANDING
-15.588792971229623,3.0051448764698048,STANDING
-16.42176994126617,5.660807066768241,STANDING
-11.117392857129921,-3.5287244483192652,STANDING
-11.107044411638798,-3.1698433563805297,STANDING
-14.92716360155441,0.16912538825778947,STANDING
-14.72103550613115,0.20806254989611137,STANDING
-15.600163943384937,2.6225779296171403,STANDING
-15.582415751321761,3.0040253525837013,STANDING
-15.486119875332482,4.319800574321585,STANDING
-9.806626312770327,-12.243453454408401,STANDING
-14.011859250398818,-4.867810178635044,STANDING
-15.423987158648867,1.1383087957219844,STANDING
-15.691143063841553,3.035118066328622,STANDING
-15.441349696887023,4.049805578062354,STANDING
-15.481673542226225,3.2972642849892795,STANDING
-15.80561361624162,4.238104741470278,STANDING
-15.968609907304497,7.489945942187703,STANDING
-15.76059063107695,7.943895488755969,STANDING
-15.154085836968015,6.803889372079521,STANDING
-15.211931542301226,4.847904618814352,STANDING
-15.637161197027606,6.393867349182812,STANDING
-15.923457769051172,6.298682879695145,STANDING
-15.5327514064895,4.524695132033605,STANDING
-11.278351182498298,-10.198795397858083,SITTING
-5.886666523522569,-15.128981333524075,SITTING
-6.569769452034736,-17.037216956422984,SITTING
-8.342509235783595,-10.53224166755684,SITTING
-13.532647306675063,-5.696021611016796,SITTING
-15.679172699375801,-1.0977385793167853,SITTING
-15.457620652639338,1.1929787844775546,SITTING
-15.760529647101457,2.543145894276329,SITTING
-15.870713016013871,5.16346403338081,SITTING
-16.229843879624966,5.979386444588661,SITTING
-16.39462957999017,5.383095244640268,SITTING
-16.42745585616894,4.345082906032713,SITTING
-15.990110121398924,3.0750742976125616,SITTING
-16.37023555935287,5.971462133696665,SITTING
-16.574064442774052,6.689251218141146,SITTING
-16.32274276523956,6.128067574146708,SITTING
-15.932046159586044,4.815609075985771,SITTING
-15.86456461567656,4.260022592309863,SITTING
-15.725906297857001,3.1475682532761553,SITTING
-15.769416269923338,3.261495693041844,SITTING
-16.2155423027473,5.01652606468657,SITTING
-12.99364985329223,-5.398213920423693,SITTING
-13.420786170041042,-2.0910371509111987,SITTING
-14.217330018524306,-1.4427710980939263,SITTING
-14.725107236473574,0.2822621525675728,SITTING
-14.935297891403442,-0.7464506944533373,SITTING
-15.382677146595764,0.6781448244285416,SITTING
-15.522780688128286,2.2279293043402673,SITTING
-15.245088142313561,2.080940633362425,SITTING
-15.601905576729113,2.5449328519249184,SITTING
-16.244683453822983,5.541600546056308,SITTING
-15.911949819446317,4.535000955531175,SITTING
-15.77348519166621,3.138935571070311,SITTING
-15.736835074053092,3.6612238385319738,SITTING
-14.087443690165104,-1.9575496794431075,SITTING
-13.762467934537307,-3.6726636435018767,SITTING
-14.41962533761004,-0.14974213282179885,SITTING
-15.418557455567019,1.4854823972444113,SITTING
-15.943826744632807,4.920285896103049,SITTING
-15.669912341772502,6.716193620583798,SITTING
-15.65470206787756,5.488100625055671,SITTING
-16.03199831435972,4.909887133839728,SITTING
-16.116725124515728,4.7836810627400155,SITTING
-16.244430254390256,5.524859740556047,SITTING
-8.112315877025434,-8.14233222809282,LAYING
-14.383504946393947,-3.3348882692432364,LAYING
-15.23928912184325,2.6891300777809297,LAYING
-15.670702805416887,3.8013240877904497,LAYING
-15.686740341840775,3.3887444977158276,LAYING
-15.134826947251094,2.0622856596694947,LAYING
-15.635423270555581,3.222572779521838,LAYING
-16.08554545527259,7.72452919992597,LAYING
-16.094647671159166,8.779299415017006,LAYING
-16.17534372347413,6.569435558445308,LAYING
-15.807934411649228,3.2681460851757898,LAYING
-15.423388618451861,2.0689626677842448,LAYING
-15.123485708675334,5.634489319401065,LAYING
-16.4064915015025,8.552160756485643,LAYING
-16.66854120014128,10.236862808305306,LAYING
-16.474346083971,7.04150518013435,LAYING
-15.899767445616659,5.386868789882038,LAYING
-8.99072923801564,-8.231638603220842,LAYING
-13.994087669219617,-3.043931323275779,LAYING
-15.205058492326295,1.6488740724395945,LAYING
-15.553456801894502,4.422510265116004,LAYING
-16.071992760586518,6.155899154546472,LAYING
-16.386257788743944,10.500115926501556,LAYING
-16.619738074429062,10.65019177139951,LAYING
-16.06339853729705,9.650676648073032,LAYING
-16.511887914320564,9.934669705403124,LAYING
-16.371582321296664,6.433558270201294,LAYING
-15.259510322614306,2.7586840587421486,LAYING
-15.57061163190126,4.307985593852786,LAYING
-15.173757761653814,0.6186779876533675,LAYING
-15.239555092546851,0.899498872831545,LAYING
-16.323882531444085,5.364058016830765,LAYING
-15.973976097758873,5.000920785573083,LAYING
-15.828927256204768,4.26980090863492,LAYING
8.277663486196513,-0.46438435525316857,WALKING
9.599656004227384,-0.05846880413119899,WALKING
10.62499590754704,2.2049088292041836,WALKING
10.552224307867297,2.509952247799428,WALKING
9.458726985123391,0.6661766424429423,WALKING
10.337092381405085,0.7675787868943916,WALKING
11.785870215434176,2.4815208763636263,WALKING
13.183691474630221,4.212787615566661,WALKING
12.625434695270929,3.256015112356381,WALKING
13.287327765577723,3.276281268135273,WALKING
14.133032231179158,3.9969134109232405,WALKING
12.645365516998593,1.893185669308133,WALKING
11.013246961499458,0.8019049785147013,WALKING
11.848966295899631,2.0354303223181587,WALKING
9.411306640878628,-0.0983719546184296,WALKING
10.017453180326399,0.8158379874924433,WALKING
13.76454415106737,3.7788855476637644,WALKING
14.336747165211733,3.537369597247917,WALKING
12.40443649558079,2.0267006463879103,WALKING
14.516855113746054,3.6072322348459505,WALKING
14.480521680540345,1.509171587086481,WALKING
14.62143561729152,0.023645401865491713,WALKING
13.569932973410946,0.9754327996765668,WALKING
14.44521962610921,1.8585940397435912,WALKING
16.42181540321554,2.01882457613522,WALKING
15.429149733360386,0.21060296480460652,WALKING
14.042584940237019,0.8055285897295977,WALKING
13.1851384757536,1.633477024841871,WALKING
11.656262597815966,-2.7659430096781645,WALKING_DOWNSTAIRS
16.560048109772765,0.47123916158714024,WALKING_DOWNSTAIRS
22.181023098281067,0.6511071680849408,WALKING_DOWNSTAIRS
21.758499074694264,-0.3700578833197946,WALKING_DOWNSTAIRS
19.42561793864911,2.0993678867074133,WALKING_DOWNSTAIRS
19.47603372158874,2.1758343297140232,WALKING_DOWNSTAIRS
17.32809077381161,0.9160116089214394,WALKING_DOWNSTAIRS
20.64852973860386,-0.2854513295306535,WALKING_DOWNSTAIRS
18.766097240576848,1.665391101486158,WALKING_DOWNSTAIRS
18.840033552832455,0.4526617168936155,WALKING_DOWNSTAIRS
21.64246752134358,1.217465771600841,WALKING_DOWNSTAIRS
24.40988641868105,2.8229692818059537,WALKING_DOWNSTAIRS
23.992908697700166,3.5044537098601616,WALKING_DOWNSTAIRS
20.20910928834939,1.2472588514351142,WALKING_DOWNSTAIRS
22.57455923653612,3.9818148046437574,WALKING_DOWNSTAIRS
23.7481820602972,2.678677507211607,WALKING_DOWNSTAIRS
17.120469441174485,0.017015841303365527,WALKING_DOWNSTAIRS
16.247766626640228,0.4401180250324764,WALKING_DOWNSTAIRS
17.068696215369346,-0.8562845200745501,WALKING_DOWNSTAIRS
16.16619541186637,-2.505255654676513,WALKING_DOWNSTAIRS
14.19098842613776,-2.206482151169867,WALKING_DOWNSTAIRS
16.92235857825714,-0.12953210989592312,WALKING_DOWNSTAIRS
19.569738770889238,1.1555219827469785,WALKING_DOWNSTAIRS
18.40970220705202,0.2522490711874518,WALKING_DOWNSTAIRS
21.863104805371904,2.214501507838367,WALKING_DOWNSTAIRS
14.26080061885187,-8.407881884611264,WALKING_UPSTAIRS
7.700844820392504,-9.093222482185448,WALKING_UPSTAIRS
5.383400781635168,-5.190884758126054,WALKING_UPSTAIRS
7.053267401597251,-5.320489814153455,WALKING_UPSTAIRS
8.735024356207928,-8.005547212701954,WALKING_UPSTAIRS
7.191792011288768,-7.550219392087039,WALKING_UPSTAIRS
6.805018619598437,-8.254427769825991,WALKING_UPSTAIRS
6.794071545381325,-6.9512497408904235,WALKING_UPSTAIRS
5.814700096512629,-5.993015671139082,WALKING_UPSTAIRS
7.110153910952764,-5.538361804175119,WALKING_UPSTAIRS
10.202871713658745,-7.30564607219943,WALKING_UPSTAIRS
12.870926333193596,-6.483765164785374,WALKING_UPSTAIRS
11.575294079460498,-6.659370686868212,WALKING_UPSTAIRS
10.222663742398932,-6.077202374421636,WALKING_UPSTAIRS
11.163616755844725,-5.480334425937423,WALKING_UPSTAIRS
11.38713132335628,-5.133986807439167,WALKING_UPSTAIRS
9.784468694308265,-7.228202364875796,WALKING_UPSTAIRS
10.736065158365578,-4.6366447686675505,WALKING_UPSTAIRS
11.73575927019974,-3.3605678980777753,WALKING_UPSTAIRS
8.610371610500334,-8.51156501693833,WALKING_UPSTAIRS
9.823733604184072,-5.977900000317712,WALKING_UPSTAIRS
9.048648949123448,-4.934572040728103,WALKING_UPSTAIRS
10.62117793876767,-4.112201884029852,WALKING_UPSTAIRS
10.788476683226794,-3.9202865447768005,WALKING_UPSTAIRS
9.322769359637022,-5.204490595451512,WALKING_UPSTAIRS
11.049417901804944,-5.04443324812904,WALKING_UPSTAIRS
9.84722968837238,-3.9851814747082037,WALKING_UPSTAIRS
9.096131129519504,-5.605878781885444,WALKING_UPSTAIRS
-10.96885851852692,2.035849817924631,STANDING
-13.081476033644886,-4.025850715150945,STANDING
-13.62509752605304,-5.316525846868904,STANDING
-14.178212326637528,-0.14272091418688956,STANDING
-14.471348110745996,1.1120123010946774,STANDING
-14.401923947872554,-0.09961707029965514,STANDING
-14.575423367487087,-0.9172939522168205,STANDING
-14.79943990691212,2.4161516481406644,STANDING
-14.302930942050658,2.7745367359624624,STANDING
-14.3262773987072,2.885803923068228,STANDING
-15.071396001299147,2.491956657527562,STANDING
-15.135074257509471,2.72646537668278,STANDING
-15.071663011151836,2.587276749086959,STANDING
-11.02889590665684,-4.86536361894359,STANDING
-10.733156336816283,-5.134831809969073,STANDING
-13.239216262845547,-2.366619631141074,STANDING
-15.420905828597487,3.2214131536089075,STANDING
-14.63915096574387,1.475249706349055,STANDING
-13.938046079239166,2.4161907147095287,STANDING
-10.395578759392444,-8.632985725623486,STANDING
-12.259731246540216,-6.644328621320091,STANDING
-14.814913979814595,-0.49403804994779754,STANDING
-13.99689416300706,0.8642836692684219,STANDING
-12.580165587162266,0.6002882551388513,STANDING
-13.431682437074937,2.059875367265551,STANDING
-16.067713934428998,4.145161900434829,STANDING
-15.325870448205595,5.68901433872442,STANDING
-15.569367396665378,6.494598376398395,STANDING
-15.841754356857532,8.074623087441115,STANDING
-15.621611826639946,5.5471191956675145,STANDING
-12.937984221907461,0.5167916015318835,STANDING
-13.223312605426916,1.646945280358715,STANDING
-14.930186754734706,4.035485417072043,STANDING
-14.873504636957348,3.1334354036790066,STANDING
-15.323982378963413,4.455359773303018,STANDING
-15.544297663206336,3.0312581924847377,STANDING
-3.5779003051500666,-17.329918995247027,SITTING
-13.82465287591344,-7.894037557638011,SITTING
-15.1990875963389,-2.0226581742871788,SITTING
-14.544124169804057,-0.4629601577003468,SITTING
-14.687191324644719,0.7571142508611841,SITTING
-15.660763159231339,4.635050427547978,SITTING
-15.861680915321031,4.9605399423955765,SITTING
-15.864826092317795,3.6037142419762,SITTING
-15.384628682162836,3.812066368308662,SITTING
-15.786113673993155,5.021660209874209,SITTING
-15.886203659993527,3.900035752761329,SITTING
-15.630346977973034,3.527715020606442,SITTING
-15.871043684771603,7.022679862412699,SITTING
-16.032585181914893,8.494040707986287,SITTING
-16.31863374560333,9.185542038723767,SITTING
-16.52110161903763,6.645158390174749,SITTING
-8.538570256982386,-11.524877474231777,SITTING
-12.95181023123596,-4.704917221801157,SITTING
-14.085429067696642,-1.2791875777662878,SITTING
-15.299844799946372,1.9189552655281172,SITTING
-15.737616997352863,5.487156355984745,SITTING
-15.774743433775374,7.014838841988626,SITTING
-15.53241595013884,6.244023018634053,SITTING
-15.08361336727425,1.2432343389469693,SITTING
-15.189889226727052,-0.5288333461084878,SITTING
-15.7638943145849,1.9616555350476617,SITTING
-15.188773804060796,-0.3465353807853452,SITTING
-14.60332525024861,-3.597838524128152,SITTING
-13.18363039625628,-4.961666666010456,SITTING
-13.769879961379253,-4.080991996396113,SITTING
-14.036836137551202,-1.8411033826221024,SITTING
-13.985193374421762,-2.882196968301984,SITTING
-14.12462070604888,-2.8068798159278994,SITTING
-14.700381705326645,1.7540371420865821,SITTING
-8.234567301521228,-10.16764862558842,LAYING
-13.926711103475494,-4.247549823388297,LAYING
-15.047005405262261,1.5028432747817064,LAYING
-15.40005861716678,2.9406546474537323,LAYING
-15.699598453116145,3.9994477361179466,LAYING
-16.021435885570337,5.9429762713112355,LAYING
-16.18091586280625,6.338622028522941,LAYING
-16.459182554362187,7.322393393302019,LAYING
-16.491080189133783,7.430403105037211,LAYING
-16.241325603536314,10.191678531904405,LAYING
-16.294441215835043,7.944110733232071,LAYING
-16.073728350069977,7.028038396637691,LAYING
-16.13876861042091,9.224687570787532,LAYING
-16.358877843715497,7.0336296061885655,LAYING
-16.171714159608022,5.965916963998663,LAYING
-16.593984152705666,9.20467075740147,LAYING
-16.335296011436537,6.560608979684968,LAYING
-15.994415654816608,5.488652665458212,LAYING
-16.49120487076031,7.897863796121017,LAYING
-12.316815772618071,-3.726238583885829,LAYING
-13.907802218079393,-4.1208139526837835,LAYING
-15.509370698973473,1.0420604043435384,LAYING
-16.26903961715121,6.0684427681093,LAYING
-16.240342456767905,7.007447058378865,LAYING
-16.161880168547977,6.239848822380816,LAYING
-16.47396333316169,7.167459787876794,LAYING
-16.77004274224582,7.034617645683762,LAYING
-16.32077334243679,7.818323206155039,LAYING
-15.624257547214517,7.067128702853532,LAYING
-15.967749415866278,4.880779988428094,LAYING
-16.361144839262202,8.011536077986209,LAYING
-16.4281571618141,6.34011052068558,LAYING
-16.63187356805883,7.470122143822526,LAYING
-16.202530372760016,8.831521145418268,LAYING
-16.280815638859167,5.835261182889239,LAYING
-16.486065019746817,5.669524156000359,LAYING
-16.213726099404155,5.108908097208993,LAYING
-15.958867538815674,5.134367718125942,LAYING
-16.016180931465822,5.097789332586261,LAYING
-16.297548161004304,5.740429677991318,LAYING
-16.19591088434487,8.383282581197069,LAYING
-14.957118517154328,7.942627817338725,LAYING
9.391386774793922,-0.14160716025546358,WALKING
9.152497027388238,2.7483818367304744,WALKING
8.57359381387559,1.309490362883844,WALKING
6.981948590942285,0.4418343987492871,WALKING
7.839524746571521,-0.08457766224480465,WALKING
9.874351350392049,0.026145162315322792,WALKING
9.156796823556034,-0.5955433534211061,WALKING
9.88246480061494,1.0269263813431047,WALKING
9.312915416099045,0.9196758535529769,WALKING
9.781410346757948,0.6986612456755661,WALKING
10.321852323964304,1.0111983360369683,WALKING
11.219889629975132,1.7655161044781278,WALKING
12.362978646053806,1.2760176384866764,WALKING
12.234404139867978,0.3362387468136728,WALKING
10.823378054635267,0.9673587470802423,WALKING
10.411265459504563,0.06779476072433899,WALKING
10.04877662796246,0.46325690881932013,WALKING
13.0804698107349,2.0150758198591308,WALKING
15.027749247042875,2.193638020109598,WALKING
16.014715567891166,3.7619202764980804,WALKING
13.22893308398255,2.3827760490619463,WALKING
12.999866993767549,1.49302440778754,WALKING
13.02637344016726,1.9222883768669148,WALKING
13.886918415624052,0.7773129791187854,WALKING
14.023044636344386,-0.522812700277344,WALKING
11.529794260037376,-0.8325409059934958,WALKING
11.491415506611833,0.7266050501330351,WALKING
13.858542488249483,2.385118552529387,WALKING
14.47438040916883,5.910530442199983,WALKING
12.322285978213882,4.8991472799467655,WALKING
11.97927236163992,2.7950410539454476,WALKING
13.78268843146233,-3.8361814960661382,WALKING_DOWNSTAIRS
13.492307687376188,-1.7092234366188135,WALKING_DOWNSTAIRS
15.42452369444948,0.12097339363969253,WALKING_DOWNSTAIRS
17.218349720277132,-0.5006580333086597,WALKING_DOWNSTAIRS
15.142502526020415,-0.22356429089728358,WALKING_DOWNSTAIRS
14.530043605062213,1.077795540604438,WALKING_DOWNSTAIRS
14.291019463042907,-2.6942774050035165,WALKING_DOWNSTAIRS
16.77492596447598,0.31932252218940693,WALKING_DOWNSTAIRS
16.34774390388298,0.3881038596311298,WALKING_DOWNSTAIRS
23.777810310626954,-1.1186478357277652,WALKING_DOWNSTAIRS
22.179698792481165,2.533823267959825,WALKING_DOWNSTAIRS
22.960787998827396,1.851751357353682,WALKING_DOWNSTAIRS
23.318615015938015,1.909346819252667,WALKING_DOWNSTAIRS
20.200328892813424,1.7509877865748895,WALKING_DOWNSTAIRS
20.579690194581705,1.0108831269850533,WALKING_DOWNSTAIRS
24.869396628182606,3.3897967323004057,WALKING_DOWNSTAIRS
21.214279651810863,1.2625605592860434,WALKING_DOWNSTAIRS
9.470585438055224,-6.970849571851084,WALKING_UPSTAIRS
9.705145855350153,-6.508723913490087,WALKING_UPSTAIRS
11.38980012937523,-4.161015215495533,WALKING_UPSTAIRS
12.888115270848386,-3.1087047923955224,WALKING_UPSTAIRS
11.39952422968784,-6.265989839804104,WALKING_UPSTAIRS
10.044980923445065,-7.690297791340438,WALKING_UPSTAIRS
12.08665608856,-6.2466361405040525,WALKING_UPSTAIRS
13.465919328273621,-3.2021594887379066,WALKING_UPSTAIRS
12.31160764505931,-2.760152756779182,WALKING_UPSTAIRS
12.128127281420372,-5.87035527047018,WALKING_UPSTAIRS
13.476782800379244,-2.5666518075480513,WALKING_UPSTAIRS
11.423893198254522,-1.0587713836823474,WALKING_UPSTAIRS
9.43212832393884,-3.860654325921563,WALKING_UPSTAIRS
7.651928284527834,-7.248844370245434,WALKING_UPSTAIRS
8.705772606256987,-5.718216611704838,WALKING_UPSTAIRS
9.89055757040412,-7.263718313083523,WALKING_UPSTAIRS
9.668378549763535,-5.0787127727592445,WALKING_UPSTAIRS
8.904232076810228,-4.9531508053623,WALKING_UPSTAIRS
18.099909863218596,-3.4914512851834982,WALKING_DOWNSTAIRS
21.357714816970475,1.1644689191110964,WALKING_DOWNSTAIRS
25.239905619863006,3.147935892844596,WALKING_DOWNSTAIRS
26.912854741242576,5.670732562014697,WALKING_DOWNSTAIRS
27.410175701669765,5.381218996665265,WALKING_DOWNSTAIRS
26.170541641590916,2.6290640033482937,WALKING_DOWNSTAIRS
27.217295352875063,5.306973811603877,WALKING_DOWNSTAIRS
21.350657644645985,1.5433086113650023,WALKING_DOWNSTAIRS
11.273063759528524,-4.590792141052259,WALKING_UPSTAIRS
10.36769604077325,-3.63889799961174,WALKING_UPSTAIRS
9.78589027359034,-5.5964724917427615,WALKING_UPSTAIRS
12.567606492647569,-6.44078929140863,WALKING_UPSTAIRS
12.155118430869448,-5.452288222880521,WALKING_UPSTAIRS
12.255117542248984,-5.139099212356342,WALKING_UPSTAIRS
14.856606603789338,-5.094109710294469,WALKING_UPSTAIRS
14.760566467937569,-0.7832713206526309,WALKING_UPSTAIRS
11.816763935947664,-1.4961501818773941,WALKING_UPSTAIRS
-15.288559459296298,0.3780032897484288,STANDING
-14.72805425619276,0.8864081067383123,STANDING
-14.775108772034224,4.040702982244942,STANDING
-14.859398438818982,3.6527132552101422,STANDING
-14.743497773611423,4.518666859653744,STANDING
-15.315202106535766,4.304011377080852,STANDING
-16.10014707942646,6.449173210788226,STANDING
-15.639757475943288,5.268522358417432,STANDING
-15.45441539956317,5.728277835567841,STANDING
-15.78749905331885,4.887733716040317,STANDING
-15.319695808839702,3.330847080004205,STANDING
-15.242671626327486,2.8773061107269613,STANDING
-13.622476360319578,0.3432441244670913,STANDING
-13.49294708240081,-0.3342636072651107,STANDING
-14.10760973923415,0.3532538490206414,STANDING
-14.58263064633476,-0.7693755592624251,STANDING
-14.800891964592818,-0.6318590732404775,STANDING
-15.247795760694855,2.1656584770832277,STANDING
-9.763419780246116,-11.383896496793792,STANDING
-13.56315743369771,-4.163435101078133,STANDING
-14.979516646887742,-0.40434638452177196,STANDING
-15.266417196560601,3.369272297429424,STANDING
-15.319111941188929,6.193602830346456,STANDING
-15.38514114044213,4.759596779860823,STANDING
-15.522588280119269,5.401516808882384,STANDING
-16.03847414951068,6.366137487734679,STANDING
-15.650591529536811,5.625021680425662,STANDING
-15.29588639813136,4.670074851081355,STANDING
-15.47596618085445,4.822142083841671,STANDING
-15.142013999357076,2.8400815217488398,STANDING
-14.753385400991997,0.9875080241161143,STANDING
-15.007088376975464,2.3329475159643915,STANDING
-15.509298989066085,4.964294277399835,STANDING
-15.769886525880139,3.503345593996207,STANDING
-15.46127310197423,3.9671052232053654,STANDING
-15.9768258117933,4.9285534779380855,STANDING
-9.173969199006324,-11.617589883109561,SITTING
-14.190515981007865,-5.573310588359454,SITTING
-13.806690776187452,-1.5862957837976945,SITTING
-14.610369841351492,0.4721502670058879,SITTING
-16.057725133297367,5.437857030432772,SITTING
-16.148045750323444,6.626417330157241,SITTING
-16.47735932512675,8.231988204456435,SITTING
-15.704233762532034,8.04521236925268,SITTING
-15.656783960678036,8.218416165090735,SITTING
-16.369459054795623,7.905185012482886,SITTING
-16.027030546201345,8.540819270587804,SITTING
-15.926395131241378,7.905817376127788,SITTING
-15.153833809539265,1.5717659455196666,SITTING
-13.101047676399263,-1.7721376255495158,SITTING
-12.873325957501015,-2.090747616559681,SITTING
-14.295514639438093,0.789894507190421,SITTING
-14.828126369952948,3.0014027707188773,SITTING
-14.633311906547693,-1.35229177884779,SITTING
-12.555773165762957,-4.636876231184553,SITTING
-13.301325700189658,-3.8906924567520016,SITTING
-14.598120424214754,1.2621553236406295,SITTING
-15.473825179797728,4.494095196604121,SITTING
-14.990693646777315,3.6738655150072503,SITTING
-15.050954375467157,2.492073533681477,SITTING
-15.371332741519527,3.8318544547939486,SITTING
-15.156653555582071,3.8700564030416036,SITTING
-14.935549113719244,2.9424699416879934,SITTING
-15.566938985470166,3.8188030107754445,SITTING
-15.574945073232913,3.553223432796101,SITTING
-15.633847551245696,4.36311908096391,SITTING
-15.838168289256611,5.080112902344172,SITTING
-16.373800574046832,5.79388737764215,SITTING
-16.04010391761582,5.695524777163847,SITTING
-14.560509006523187,2.5137124743328525,SITTING
-14.304382238905113,2.6758894044298613,SITTING
-15.191371930934626,4.261872158850737,SITTING
-15.93660235362899,6.156526955622308,SITTING
-13.490276425206511,-3.1962994223493304,LAYING
-14.832984463493078,0.23071690990707086,LAYING
-16.49680962411862,4.100599488673213,LAYING
-16.968417117640143,8.07684938051561,LAYING
-17.421638464456294,10.175377876193679,LAYING
-17.297555226979384,9.910070954099073,LAYING
-16.914457570326157,9.62835804586849,LAYING
-16.993416475783096,10.012017502094311,LAYING
-16.419179311038796,8.46146613514251,LAYING
-16.31495183054807,8.618719399124192,LAYING
-16.304925394364826,8.021662630888756,LAYING
-16.465335267599407,8.256607118358149,LAYING
-16.88455641124751,9.489730908138924,LAYING
-16.817186967224153,8.567949452880383,LAYING
-16.590929941447087,8.164333314736576,LAYING
-16.60618736091443,8.365312968588798,LAYING
-16.615476943636065,8.240605180841637,LAYING
-9.563726841835667,-6.850410509909421,LAYING
-14.121043164572882,-3.0708213949229393,LAYING
-15.22154184841321,0.3362679133430324,LAYING
-15.37451635018548,3.0843192256701895,LAYING
-15.6959935998082,4.643533814002609,LAYING
-16.043246256843773,6.501372215550285,LAYING
-16.047060821761374,5.56124460450003,LAYING
-16.181291143791654,6.990861274488631,LAYING
-16.303647287497235,7.258771406047082,LAYING
-16.291061888179982,6.4733718063669015,LAYING
-16.183541344170944,8.337274806056978,LAYING
-16.192298004602517,6.8718291431748835,LAYING
-15.792946464241847,6.659903096747442,LAYING
-15.675892137364542,6.79688741808769,LAYING
-16.446047061017687,7.3536573870712525,LAYING
-16.13952883427285,8.753434070960518,LAYING
-15.748560408424801,7.085339722666571,LAYING
-16.237711113949505,7.117307517254067,LAYING
-14.69847193181288,4.0350879331358085,LAYING
9.4148727514405,0.04253148484621696,WALKING
14.055397127286081,3.7305313031753955,WALKING
13.99032664888052,5.1918308181441315,WALKING
13.108207352481529,4.86434939116194,WALKING
14.311821939992086,5.173581522009653,WALKING
14.178826954531756,4.701735405989485,WALKING
12.34589420022015,1.98258250114031,WALKING
12.10461623896474,2.900685907337136,WALKING
11.804987195795524,2.256650857447311,WALKING
11.703934231405613,0.45952659190231104,WALKING
12.734042460238026,0.8092563513336591,WALKING
12.125408497548383,1.2594349931318436,WALKING
11.936204646731664,1.4445818096836904,WALKING
13.348700290114738,2.6482943141527753,WALKING
8.59315595373406,-2.953313902066668,WALKING
11.63942073940163,1.013123779443693,WALKING
13.051044155492038,2.349471633443527,WALKING
12.540454356870125,3.186058363249477,WALKING
10.162115045513746,0.7684804084872002,WALKING
9.8709881404255,0.8794986840568599,WALKING
11.740470952206953,3.4466306400242717,WALKING
13.083518703189563,4.578204638028822,WALKING
12.435972175308468,3.1654227210381594,WALKING
12.94701605620295,3.1894104793079823,WALKING
11.71834716906142,4.199770120636522,WALKING
9.528566988851624,1.4573676426253726,WALKING
12.6662055414851,1.4092147507765858,WALKING
12.244985184647243,2.0862013612922468,WALKING
16.915343217150564,0.9404741228650159,WALKING_DOWNSTAIRS
14.471866849289187,-0.8193789288528976,WALKING_DOWNSTAIRS
19.830096175196974,2.525549121988938,WALKING_DOWNSTAIRS
19.891807123162426,3.012628878796993,WALKING_DOWNSTAIRS
15.721072959275084,-0.7880646576560373,WALKING_DOWNSTAIRS
19.85757994967138,1.6061238925687356,WALKING_DOWNSTAIRS
19.133669418177846,0.9336810783241132,WALKING_DOWNSTAIRS
18.484450119002023,-1.4334091457692497,WALKING_DOWNSTAIRS
20.21106919607127,1.0065244362284482,WALKING_DOWNSTAIRS
22.881028082706123,2.5331808760628123,WALKING_DOWNSTAIRS
21.824021115993283,0.8161170215268458,WALKING_DOWNSTAIRS
25.0183238038182,2.404415976106693,WALKING_DOWNSTAIRS
28.728433032479725,7.725528229506857,WALKING_DOWNSTAIRS
24.567115035731085,8.187749280014714,WALKING_DOWNSTAIRS
19.729036154376903,-0.989995906536103,WALKING_DOWNSTAIRS
14.90493647212157,-0.46095891217145524,WALKING_DOWNSTAIRS
16.565543749892264,3.2352425544642003,WALKING_DOWNSTAIRS
16.539078672474645,1.6661102149541076,WALKING_DOWNSTAIRS
20.850390211005674,0.17182317102463715,WALKING_DOWNSTAIRS
18.387560784363966,-1.5341830756824886,WALKING_DOWNSTAIRS
14.16949474827419,-1.4568229601395937,WALKING_DOWNSTAIRS
14.054774750667287,-0.8802237744469643,WALKING_DOWNSTAIRS
9.65357127291946,-5.839772843488663,WALKING_UPSTAIRS
7.601373904784381,-7.061369797843094,WALKING_UPSTAIRS
9.217525211247121,-9.1455108485534,WALKING_UPSTAIRS
10.76789242907816,-8.725589245677265,WALKING_UPSTAIRS
7.239980314195933,-5.792660468292541,WALKING_UPSTAIRS
6.572151832610294,-7.863240888870253,WALKING_UPSTAIRS
8.149377679238079,-8.811136124210257,WALKING_UPSTAIRS
7.1208548723914165,-8.652498765247433,WALKING_UPSTAIRS
5.546188251435741,-8.21873299627705,WALKING_UPSTAIRS
6.266162963939863,-9.477148181771433,WALKING_UPSTAIRS
8.36836900064212,-10.553712114972715,WALKING_UPSTAIRS
9.102684612737363,-9.90266864988562,WALKING_UPSTAIRS
8.267815229364768,-7.548830426230328,WALKING_UPSTAIRS
5.858788627403345,-8.079549088599713,WALKING_UPSTAIRS
5.880617546170986,-9.569299462623576,WALKING_UPSTAIRS
6.68912996467358,-8.332588064508736,WALKING_UPSTAIRS
6.517624629758407,-7.941681036038744,WALKING_UPSTAIRS
8.510725653226185,-8.40623541609067,WALKING_UPSTAIRS
7.546183575914512,-7.616542884027196,WALKING_UPSTAIRS
11.062276357157144,-8.31996603257745,WALKING_UPSTAIRS
11.013262654124636,-6.0491579362475445,WALKING_UPSTAIRS
7.120715577112744,-4.016818787249562,WALKING_UPSTAIRS
6.64896829770733,-7.938136226426203,WALKING_UPSTAIRS
7.990351593348483,-8.486328684700096,WALKING_UPSTAIRS
6.735383508193788,-5.136808432861234,WALKING_UPSTAIRS
-10.261744721336651,-6.34551731059825,STANDING
-12.493592940284794,-3.4773657823827437,STANDING
-15.015192127493485,3.247864908423517,STANDING
-16.070564539936044,4.881473347220803,STANDING
-15.64278135833807,3.3307600138280287,STANDING
-15.622623069400609,4.016188247139259,STANDING
-15.35107996316673,4.880513708612117,STANDING
-15.144216359427125,3.525845573843412,STANDING
-15.370791445047768,5.143655515617112,STANDING
-15.474128418216617,4.234237062920076,STANDING
-15.309494495070133,4.082735219866905,STANDING
-14.868319755634166,1.6208651065349022,STANDING
-14.965070722645205,3.1885968123452293,STANDING
-15.15786948581377,4.086349197752306,STANDING
-15.051605231470402,4.115937464892952,STANDING
-15.370765729030609,4.860683546634649,STANDING
-15.669803701236155,4.1091646932415085,STANDING
-15.940730196870769,5.2386813732557815,STANDING
-15.894571687268101,7.157408521692886,STANDING
-15.765866844811791,5.222619369499947,STANDING
-15.485709316469155,4.607394143795452,STANDING
-15.127117471159309,2.4959972643079458,STANDING
-15.233288430462474,1.4314166718697015,STANDING
-15.032724389909365,-0.2982640011670483,STANDING
-15.433831451560204,-0.1487327853616177,STANDING
-9.65323764557344,-8.499135374192822,STANDING
-10.314690236051003,-6.237816541778292,STANDING
-8.585906305126414,-8.492704236436232,STANDING
-9.150913188563965,-7.195091367689568,STANDING
-14.44253426458906,-1.9036949640250527,STANDING
-15.190482932488695,1.924487005694559,STANDING
-15.343699768077148,6.152316222016133,STANDING
-13.100605447511413,-0.7849970537172943,STANDING
-11.959025115876699,-1.6197764353009472,STANDING
-12.685350638062234,1.9789587225973724,STANDING
-14.526498151520688,6.065488478500005,STANDING
-14.322565166621747,3.5688130032003196,STANDING
-13.73048339448957,4.33683333047766,STANDING
-14.125872311501732,5.991926859075604,STANDING
-14.747728066414957,2.9927533209812327,STANDING
-14.081162174770004,2.3481018810439727,STANDING
-11.229822556711529,-3.1945487758849205,STANDING
-11.435609834349656,-3.4590621325972197,STANDING
-15.420030043244374,6.204415770154368,STANDING
-9.509069202910633,-10.468188121036022,SITTING
-14.456531343227374,-1.9406149410992781,SITTING
-15.19107536632701,1.8575898021157906,SITTING
-15.675304226229025,4.8293562047027745,SITTING
-15.598265946574164,3.7443459291335333,SITTING
-15.501484093609653,4.567150571900645,SITTING
-15.346269682620026,3.9647964807982543,SITTING
-15.50871005153969,2.401252856229033,SITTING
-15.54430803442812,2.4430357291455294,SITTING
-15.661324737977736,5.117417403910248,SITTING
-16.015263535159747,8.183270850717903,SITTING
-15.70898377549559,7.659966725842566,SITTING
-15.740821801703998,7.241275138224778,SITTING
-15.844484359034459,4.907959181194017,SITTING
-15.992739069517164,5.613460725983876,SITTING
-14.917495116378781,3.483767063951674,SITTING
-12.5487405103682,-4.743363641238328,SITTING
-13.34825428929516,-3.013613642826394,SITTING
-14.933131697479297,0.8642532680456708,SITTING
-14.939735972777825,0.5201081319588721,SITTING
-14.15448350045741,-0.5015766318281334,SITTING
-13.50684562081015,0.061045566895846747,SITTING
-12.153074819352963,1.859712690960396,SITTING
-12.48960228054976,5.076451260303203,SITTING
-14.750413087211513,6.3249667952690976,SITTING
-15.680248028849835,5.032156403582392,SITTING
-14.827870313797918,-1.235174654349246,SITTING
-15.101183684656245,0.7051088096183755,SITTING
-15.375158374738778,1.90270493945315,SITTING
-15.60904203626016,3.0004415941080524,SITTING
-16.003561883990887,4.191632497026915,SITTING
-15.716449707812753,3.4346807247857076,SITTING
-15.31236440138818,1.9813725356174932,SITTING
-12.551860981195693,-6.242603921940257,LAYING
-14.564486153941745,-1.6351200315584993,LAYING
-15.307869524069863,2.374926661803316,LAYING
-15.8381038528082,4.142817119412873,LAYING
-15.581303362806905,4.862189600267026,LAYING
-15.704186786306458,4.964319927052079,LAYING
-15.525267151126075,3.4658436736550033,LAYING
-15.516792703686736,4.865888094862596,LAYING
-15.739701422727125,6.727393482064832,LAYING
-15.379463127414931,5.290286294783825,LAYING
-15.656190849350546,7.344809660000396,LAYING
-15.803481127486986,8.40745123187186,LAYING
-15.80318644683544,7.674454631044616,LAYING
-15.997874154446357,5.188648628900471,LAYING
-16.238766290366165,6.148533551907513,LAYING
-16.091438534294817,6.740199885481199,LAYING
-15.624918594922217,6.901773930583756,LAYING
-15.56358716939714,6.538058527785361,LAYING
-15.026784862436058,7.032404914487244,LAYING
-15.158683642342117,9.071153260490513,LAYING
-16.037316440774433,8.54954341856456,LAYING
-15.867108041728283,7.290740920779717,LAYING
-14.492789859422306,5.391751943797485,LAYING
-11.567247134877437,-4.281185685141328,LAYING
-14.174626880091024,-2.3465834731604316,LAYING
-15.843000152743512,4.061394478993243,LAYING
-15.725254419801713,3.5834870336125535,LAYING
-15.702149570991121,3.3100334051031255,LAYING
-15.29148729339733,2.959257766437893,LAYING
-15.061763473623017,1.8370730268133846,LAYING
-15.2318470599863,3.7857064168423786,LAYING
-15.698175030289152,5.322042074937233,LAYING
-16.182360998478508,5.287065233556707,LAYING
-15.815984844127854,3.9061068021121454,LAYING
-15.930722724399068,3.127223716150793,LAYING
-16.01368328682995,4.551783429814935,LAYING
-15.743792422069452,3.3033199131319693,LAYING
-15.633539920755553,1.9330518415426579,LAYING
9.750084618745873,-2.2637775161232643,WALKING
12.349362243158053,2.2318085130726577,WALKING
14.656370561176452,5.9715911242590725,WALKING
17.51751500591231,6.763833886761988,WALKING
15.07789136738785,5.614549203453231,WALKING
13.079656770865117,4.511815242015443,WALKING
12.498809499553284,3.0701812924761063,WALKING
14.127215902293464,4.195263316993872,WALKING
13.77838370837326,5.105160434628739,WALKING
11.87763613315358,2.954030524661012,WALKING
12.246161062707554,2.0030676638068567,WALKING
13.365957016656168,3.378878396871312,WALKING
11.730545844839463,4.386306006620952,WALKING
12.038467517824472,3.6494394315591774,WALKING
12.023817218657886,0.2869976498564476,WALKING
12.397654574829922,3.290169601718211,WALKING
12.51229122304925,4.1542198822987535,WALKING
12.531323673207039,2.023749291054037,WALKING
13.373568940878688,2.3233364588286936,WALKING
11.485232571541347,1.9936659351159838,WALKING
11.294656164407169,2.154929807985335,WALKING
14.377684572523407,2.969728400298271,WALKING
14.468646815666593,3.6886009715824297,WALKING
12.736046344820236,2.2695916842101176,WALKING
13.111072972405735,2.676316447194148,WALKING
13.972857321357328,3.2544220811155053,WALKING
13.377373579569648,2.640911325775297,WALKING
13.480703561494469,3.2592761784015827,WALKING
12.236131999124,1.608285710966776,WALKING
19.254072352655385,-0.3104151167323537,WALKING_DOWNSTAIRS
19.676420079527155,5.0066173397297975,WALKING_DOWNSTAIRS
23.42866643808486,5.984517874677076,WALKING_DOWNSTAIRS
22.89691611514389,1.8919094916883141,WALKING_DOWNSTAIRS
22.94889006826525,1.864211199299959,WALKING_DOWNSTAIRS
24.81826156181852,2.8809349111804834,WALKING_DOWNSTAIRS
27.085113109960478,5.383401376340857,WALKING_DOWNSTAIRS
25.639949050323242,4.645570129236907,WALKING_DOWNSTAIRS
22.68298091332456,1.4191518688692706,WALKING_DOWNSTAIRS
23.10926392265792,3.507381284821484,WALKING_DOWNSTAIRS
30.92365455125961,8.513674495335643,WALKING_DOWNSTAIRS
32.96164270509448,9.352245494644926,WALKING_DOWNSTAIRS
27.11437973164122,4.947356925672881,WALKING_DOWNSTAIRS
23.261418688583657,3.224272113762858,WALKING_DOWNSTAIRS
22.844636504086033,5.872067521020291,WALKING_DOWNSTAIRS
20.87618876817287,5.880282746549852,WALKING_DOWNSTAIRS
20.12589907071893,0.5490934235511298,WALKING_DOWNSTAIRS
21.10168994693356,4.302632083899586,WALKING_DOWNSTAIRS
21.83395753751769,0.4962984856964129,WALKING_DOWNSTAIRS
22.926130991881728,-2.4355130989884866,WALKING_DOWNSTAIRS
12.702311969109584,-2.827798375956412,WALKING_DOWNSTAIRS
17.032168692761363,0.36644522663482726,WALKING_DOWNSTAIRS
8.83687298153091,-5.910183076566263,WALKING_UPSTAIRS
8.02919380429817,-8.118521150846547,WALKING_UPSTAIRS
11.021498225378117,-8.95795372097895,WALKING_UPSTAIRS
10.073113907154433,-9.136102261965704,WALKING_UPSTAIRS
8.548460672867943,-6.438764768901822,WALKING_UPSTAIRS
8.71411844219866,-5.591113754652399,WALKING_UPSTAIRS
8.918498312083242,-6.055193507488056,WALKING_UPSTAIRS
6.590503499953369,-8.051631119813205,WALKING_UPSTAIRS
6.806227753345963,-7.492271348292672,WALKING_UPSTAIRS
7.767110033771472,-8.075200918375057,WALKING_UPSTAIRS
7.5302840402961495,-7.940695077146546,WALKING_UPSTAIRS
9.002847235747794,-6.80854250417605,WALKING_UPSTAIRS
8.665039634510311,-7.33914333922066,WALKING_UPSTAIRS
8.661597581409461,-8.368283981350952,WALKING_UPSTAIRS
9.451201409729578,-9.680227455753784,WALKING_UPSTAIRS
10.252222739569152,-7.958645425979389,WALKING_UPSTAIRS
8.578297779185625,-6.983564939420748,WALKING_UPSTAIRS
7.21460469340625,-6.988893334811399,WALKING_UPSTAIRS
9.169333305081635,-8.148792269524293,WALKING_UPSTAIRS
9.273445500709546,-7.371544153187025,WALKING_UPSTAIRS
10.02581075051086,-4.756680194819454,WALKING_UPSTAIRS
9.657119445292611,-7.4850282384611475,WALKING_UPSTAIRS
10.328505633172096,-8.020494468662632,WALKING_UPSTAIRS
10.876066855535111,-6.544829073694596,WALKING_UPSTAIRS
11.634013585635971,-6.979073969746547,WALKING_UPSTAIRS
7.03790963661231,-8.395706942714902,WALKING_UPSTAIRS
-10.610802735177526,2.528381175480869,STANDING
-9.435413531748244,-6.679345508336504,STANDING
-9.440709495710989,-8.873514037887087,STANDING
-10.199912347994648,-5.934446063549098,STANDING
-10.983502500599437,-5.7736112234290635,STANDING
-12.965341706934975,-3.249844565808536,STANDING
-13.873595204649757,-2.11904887005469,STANDING
-13.811207477086583,-0.8687772600791019,STANDING
-10.731833700642746,-6.931324180044649,STANDING
-10.414837368712794,-5.557095338196989,STANDING
-12.225135544222319,-1.970081058051949,STANDING
-13.213690902416822,-1.5690000823475967,STANDING
-12.879828323801979,-0.8801893243669096,STANDING
-13.209121668830962,1.1249558513301146,STANDING
-14.025661985948725,0.7567468807186661,STANDING
-12.206395335708004,-1.4520528707437512,STANDING
-10.8842963305577,-1.5112913301116793,STANDING
-11.36421624779925,-1.4759525800966005,STANDING
-13.937432062603232,-0.08560202150274929,STANDING
-15.274312919065773,2.233351903201707,STANDING
-14.717690682323088,2.1024012630016435,STANDING
-11.743637899470405,-5.833992737256935,STANDING
-12.77251170141739,-5.274108617305905,STANDING
-14.190009496597035,-0.4927650965526201,STANDING
-14.379193142221094,0.7558271366431674,STANDING
-13.559996696892505,-1.9442001303289196,STANDING
-13.093897057707181,-2.7285841544280944,STANDING
-12.902748279814393,-1.1300322543935601,STANDING
-12.611102822161161,-1.9135787977552723,STANDING
-12.794842657548571,-1.7094983374324857,STANDING
-7.981215490785735,-9.257801862109334,STANDING
-6.805913576999821,-10.110766584475227,STANDING
-7.348411587586526,-9.697119165812614,STANDING
-7.028477401828497,-6.441026366275985,STANDING
-8.154510213634786,-6.213583802655309,STANDING
-8.874856602747663,-6.5139845229628826,STANDING
-9.001967397117612,-6.928056901928377,STANDING
-8.733262380173292,-6.938423167485452,STANDING
-8.93154343363911,-6.964808657644577,STANDING
-6.218851475552909,-8.24513990601791,STANDING
-4.3301325985266095,-7.119519867459583,STANDING
-4.638675253727525,-4.809795876824488,STANDING
-6.472059336751147,-2.901536295286539,STANDING
-10.18855969664354,-7.707046053782971,SITTING
-13.968871374779695,-3.9484410139853017,SITTING
-14.585020544348199,-0.06528705175774888,SITTING
-14.859493964804548,2.7182084254250767,SITTING
-14.848358085851077,1.9008058988816559,SITTING
-13.94249646259108,-2.256253167991681,SITTING
-13.900223255090339,-3.853531235792948,SITTING
-15.26075751875241,3.0912855401329487,SITTING
-14.547119914369892,3.239623148469699,SITTING
-14.359115946479534,1.938210987446888,SITTING
-14.684169224178952,2.272550492756741,SITTING
-12.354946527142195,-2.8391861221741426,SITTING
-12.767177773188637,-0.24702010460208568,SITTING
-13.69004186821744,1.3869391130451356,SITTING
-13.021937224860016,1.6642919020819424,SITTING
-11.806148409864795,1.9271268674260178,SITTING
-11.611575940676873,0.7717645496300141,SITTING
-11.641359111992085,3.225183972182997,SITTING
-11.189558368222782,2.585621320448259,SITTING
-11.764694133531854,2.0429913320693576,SITTING
-9.140909595980254,-7.533023307636998,SITTING
-11.643209693179742,-6.323697456999321,SITTING
-12.533646230620521,-4.231039933126025,SITTING
-12.2035759588213,-4.151442484382907,SITTING
-12.080671947528554,-2.963245412542113,SITTING
-12.497260648226751,-2.871394349418417,SITTING
-13.629190861607531,-2.510670022311441,SITTING
-14.727249833318123,-0.9000026870286376,SITTING
-14.38079963815398,-0.9894727819513924,SITTING
-13.57013777630901,2.862029359057226,SITTING
-13.302474493275458,0.7663877893023301,SITTING
-12.950048817847318,-2.3341792809583186,SITTING
-12.796461473838805,-3.6383949254773342,SITTING
-13.535736301619936,-0.3671502063734202,SITTING
-14.274735373417979,1.785406719751975,SITTING
-14.246828590643002,2.790825362605135,SITTING
-14.798369818635294,3.400034947706652,SITTING
-14.670069743040663,4.734790649201687,SITTING
-13.944092432111171,3.0773511596796044,SITTING
-12.861550825756016,2.1921621382925087,SITTING
-11.917909503830208,-0.8662115382921407,SITTING
-10.858814107082459,-3.1647834630575966,SITTING
-10.651710201342063,-4.358744876321926,SITTING
-9.90716474210623,-9.535769100411322,LAYING
-13.038452272668785,-3.9510342039818003,LAYING
-12.671681223936437,-4.064927807330423,LAYING
-12.933661203646148,-4.688091419289156,LAYING
-15.349349931644433,0.6298000853316558,LAYING
-15.591036256568575,2.526529405566128,LAYING
-15.727713938783046,5.146483155586594,LAYING
-15.709189857918464,6.670172033643064,LAYING
-15.513927891511571,3.533659984799533,LAYING
-15.521325941312606,2.2294109529178656,LAYING
-15.499764785827773,2.7428786112121184,LAYING
-11.949955852539503,-5.637445122063348,LAYING
-9.90914105516687,-1.3548622914919148,LAYING
-8.540324849930577,0.21982718025037568,LAYING
-8.30378849520617,-0.27553988494787557,LAYING
-10.205941848594781,1.1181947488573654,LAYING
-10.934319448942702,-0.7160573848478942,LAYING
-11.636133033441762,-0.1602406275555018,LAYING
-8.574472260226315,-8.454687414931906,LAYING
-11.875555456344271,-4.5957848480639,LAYING
-13.342452011704953,0.9291761944573693,LAYING
-13.160694229173188,1.1738077494201937,LAYING
-11.885336986971707,-0.08798393904610305,LAYING
-11.815131190539457,0.10910065693887219,LAYING
-13.444643078050522,3.7753906257699246,LAYING
-13.848866037308817,3.348078381045178,LAYING
-14.49860300769812,0.04841347149561078,LAYING
-15.615965919779978,2.9673617489653252,LAYING
-15.603996997626705,3.1441566939183563,LAYING
-15.801734073299802,3.4068894298073116,LAYING
-15.55839513651628,3.6404274485475163,LAYING
-15.365220634408871,1.4809360448900124,LAYING
-15.174626391797684,0.8985215078196898,LAYING
-15.424234389119809,1.4690990051415351,LAYING
-15.55147952464464,1.4812816022700668,LAYING
-15.522426058662985,1.652952662254579,LAYING
-15.88179020004388,2.819464794018081,LAYING
-16.27470982648892,3.25017318005752,LAYING
-13.797842961501942,0.2777809566485784,LAYING
-13.8147977363369,0.8990065171346858,LAYING
-15.850392320414274,3.1058187217679234,LAYING
-14.905120062517419,2.4866009044642956,LAYING
7.416628044123243,-7.291209204911939,WALKING
8.445617627104408,-3.644990623017634,WALKING
10.34328593327928,-1.722764433858289,WALKING
10.128150214471493,-3.0124474066941964,WALKING
10.48286089119008,-1.0777052858232044,WALKING
8.957626028435556,-2.8229549869745245,WALKING
7.923675514870801,-2.5840172192303954,WALKING
7.913477513134601,-2.5872450542481844,WALKING
8.178640316251185,-2.812270881609978,WALKING
9.299989657600255,-4.667426655754546,WALKING
9.131885899865319,-2.6584936245213027,WALKING
10.318116786925962,-2.4101972439774215,WALKING
8.775206726366932,-1.5325068608982626,WALKING
8.125556861966738,-1.1312428733789552,WALKING
7.7850353222336715,-4.189359305161372,WALKING
8.9853812561742,-2.0755833746573544,WALKING
10.465632252231748,-3.406815908582177,WALKING
10.667655145595248,-1.9287890168440165,WALKING
9.917484714719862,-1.613928882649917,WALKING
9.87640304551762,-3.2174709605070158,WALKING
10.658660033403077,-5.462838852905837,WALKING
12.875367662594268,-1.9283064152614764,WALKING
11.760379753405424,-1.9957110912681553,WALKING
10.76011429651958,-1.3506539541610298,WALKING
10.695751931548573,-0.9114689459766167,WALKING
11.521487438137566,-0.7095573098403087,WALKING
10.243352616308426,-0.6826434113725031,WALKING
8.926571149565884,-1.5851241345222307,WALKING
10.966984162200774,-1.6066817097118393,WALKING_DOWNSTAIRS
13.017382465576109,1.40996954949388,WALKING_DOWNSTAIRS
16.520932863151245,2.690590466233622,WALKING_DOWNSTAIRS
19.238632648618097,1.7911847636629732,WALKING_DOWNSTAIRS
19.20964740660433,1.8168820791869265,WALKING_DOWNSTAIRS
17.259093755486894,-0.5673317438153476,WALKING_DOWNSTAIRS
16.76821584902167,-0.05411422378254458,WALKING_DOWNSTAIRS
16.432330026505667,-0.46836958505892984,WALKING_DOWNSTAIRS
9.558276649464698,-8.959936856386191,WALKING_UPSTAIRS
8.933919977038643,-8.07288117433817,WALKING_UPSTAIRS
7.9897428905690315,-6.620745491005088,WALKING_UPSTAIRS
8.091704812311958,-6.831219194353636,WALKING_UPSTAIRS
7.610769769302459,-6.169664676294601,WALKING_UPSTAIRS
8.002247219635729,-4.972629436606798,WALKING_UPSTAIRS
7.58235230292511,-5.59205078777639,WALKING_UPSTAIRS
5.52117906104988,-5.402917282217201,WALKING_UPSTAIRS
6.550262102760267,-4.8813008071401525,WALKING_UPSTAIRS
14.933271243509642,-2.4352405430776045,WALKING_DOWNSTAIRS
18.583865330816895,1.0237458468215104,WALKING_DOWNSTAIRS
20.51289772001504,2.2653756636211524,WALKING_DOWNSTAIRS
18.47038591519684,0.8071693140735567,WALKING_DOWNSTAIRS
20.776917082632224,2.8759284007481343,WALKING_DOWNSTAIRS
22.826195426603483,2.364160540680137,WALKING_DOWNSTAIRS
21.238871530652084,-1.6212273138230944,WALKING_DOWNSTAIRS
20.427190568823278,-1.970798553188104,WALKING_DOWNSTAIRS
26.49016795073813,7.012366457001758,WALKING_DOWNSTAIRS
18.91215658982955,1.5723667290812373,WALKING_DOWNSTAIRS
25.173139611632077,6.660765216112693,WALKING_DOWNSTAIRS
25.48142516259731,5.260794276561464,WALKING_DOWNSTAIRS
22.10788496524642,0.46499896932881934,WALKING_DOWNSTAIRS
24.58325967894134,2.899321788886567,WALKING_DOWNSTAIRS
25.367149510156587,4.495297709285062,WALKING_DOWNSTAIRS
22.35702933623337,3.9162546166090833,WALKING_DOWNSTAIRS
8.162906034317965,-9.285659296234222,WALKING_UPSTAIRS
6.969043272235559,-7.720706451991901,WALKING_UPSTAIRS
8.73563829926539,-6.680391306577545,WALKING_UPSTAIRS
10.830395096870568,-6.79183651066593,WALKING_UPSTAIRS
9.66576222123075,-5.583699130512645,WALKING_UPSTAIRS
9.674119818604622,-7.00230567247268,WALKING_UPSTAIRS
8.904223046528843,-6.335507141884768,WALKING_UPSTAIRS
6.565349854505568,-4.542401127625337,WALKING_UPSTAIRS
7.636280511205094,-5.786661140455368,WALKING_UPSTAIRS
10.521900253908223,-5.307308221263633,WALKING_UPSTAIRS
13.026587982161896,-7.297296119026962,WALKING_UPSTAIRS
11.983825856956484,-5.2059682549162,WALKING_UPSTAIRS
10.97356121684009,-5.302499582141641,WALKING_UPSTAIRS
12.119939901610822,-7.5872022312540395,WALKING_UPSTAIRS
10.578175936422992,-5.866092224246496,WALKING_UPSTAIRS
10.020216625008858,-4.271429852757015,WALKING_UPSTAIRS
10.053091533140943,-4.755348989833779,WALKING_UPSTAIRS
7.774443578290157,-4.235858796854573,WALKING_UPSTAIRS
6.9327004831847105,-3.0575558467225674,WALKING_UPSTAIRS
-6.0064306713061075,-11.494139028063579,STANDING
-9.837562836309546,-6.582203846054038,STANDING
-11.909210268244532,-5.403429391364117,STANDING
-12.083041876192594,-4.772473359572455,STANDING
-12.7564283324227,-1.9843765156987168,STANDING
-9.567146152281483,-8.554874932849781,STANDING
-8.035472697936816,-10.06392972048437,STANDING
-8.851687668817501,-6.8259789827574435,STANDING
-11.816221357886455,-2.9861529779373948,STANDING
-12.0587204472178,-2.219437724681055,STANDING
-11.375462526031582,-2.390058571285833,STANDING
-10.432719940928544,-4.469864711832311,STANDING
-11.151717434278794,-3.4069549029072035,STANDING
-12.145375004576321,-2.9843694568160575,STANDING
-13.063029713083735,-0.7742384255314703,STANDING
-13.631097975476292,2.2619843484922084,STANDING
-12.526696504574549,-5.686619909792339,STANDING
-12.57818311331786,-5.373602740858578,STANDING
-13.071645756906387,-2.4635744348330695,STANDING
-13.106720001375233,-0.9057088919228555,STANDING
-12.660283464046172,-3.8311664020409504,STANDING
-13.746190638725961,0.6490452302961207,STANDING
-13.868526912361652,3.404443112816222,STANDING
-13.66082966608025,2.1296562558630834,STANDING
-13.506339389039324,0.1193960191090934,STANDING
-13.546784589749395,1.324271881881213,STANDING
-13.952876806786845,3.088473325455804,STANDING
-12.666097018707392,-0.1378561406862838,STANDING
-12.126594429612526,-1.5209772490926983,STANDING
-12.627492848123136,-1.614738211463818,STANDING
-12.98874257105792,-1.1107477188585244,STANDING
-15.281070313601013,2.0588165003547587,STANDING
-14.732077948143314,0.27250368788504853,STANDING
-13.83369400904615,-0.6615420046250235,STANDING
-13.60651761136247,-0.18519303453914912,STANDING
-13.10259954463423,-1.6192534558252687,STANDING
-10.19727803958051,-6.94530423319348,SITTING
-12.19018189019709,-3.913257742579945,SITTING
-12.930210275261485,0.14300619104027748,SITTING
-11.854804745179464,1.3982232169478073,SITTING
-11.59076940292871,0.19889226234687804,SITTING
-10.171555982494679,-2.305052527089071,SITTING
-10.740791182436336,-2.8850962120201724,SITTING
-14.373934362190095,0.36705109179942796,SITTING
-15.862212881345974,4.347043949035474,SITTING
-15.16435831391631,2.7236808100120204,SITTING
-14.726832719465433,2.4035110396328374,SITTING
-15.06085563693996,3.701991968914402,SITTING
-14.171166277564701,0.5493978873161782,SITTING
-14.173362869322101,0.11388925903725403,SITTING
-8.795760511257548,-11.233511207172027,SITTING
-11.255939364353097,-6.7422958791566465,SITTING
-12.270814704688531,-4.453342351461321,SITTING
-13.50518507892799,0.20371436897530418,SITTING
-13.372706159173019,-1.405422399641145,SITTING
-14.149285029414276,-1.058286666330142,SITTING
-14.624442816777123,0.12482879173570108,SITTING
-14.603534431060451,1.3801307507861982,SITTING
-13.623664751512832,0.9549204320938576,SITTING
-12.951174324001919,-0.773656154800838,SITTING
-13.596289643818388,-0.4505347972518431,SITTING
-15.547620268272818,3.723886720680285,SITTING
-14.118437035019111,2.5482937732696054,SITTING
-12.8296393204347,-0.7875917956354845,SITTING
-12.543440469041393,-2.7412104884219355,SITTING
-8.813190944008067,-8.396341147715892,LAYING
-10.007434934093475,-6.320734310525575,LAYING
-13.228211317877006,-3.8286897072634667,LAYING
-15.236831547801556,-0.93281489988008,LAYING
-12.300519107602653,-2.847666775241122,LAYING
-12.693446917817212,-1.9693484595413602,LAYING
-15.121667526316585,2.1271480096182915,LAYING
-14.31688184389199,0.43636289288087826,LAYING
-14.87096009016021,1.1380965223917716,LAYING
-16.061847802133332,4.211473018036762,LAYING
-15.815787507680536,4.883951043417825,LAYING
-15.254184104511816,4.203414725404641,LAYING
-15.834229641320288,4.304349435356381,LAYING
-15.999555496428984,5.278249292254287,LAYING
-15.649109608022485,4.4809177362173,LAYING
-15.592921314017863,3.2582791450618,LAYING
-15.732568811954879,3.848036306342756,LAYING
-15.832988027800184,4.127839952068768,LAYING
-12.824427959506805,-1.1616243665013193,LAYING
-4.0750986085453755,-8.55232910073458,LAYING
-12.803004864219496,-5.356378490218159,LAYING
-14.605390785499889,-5.2828961001659795,LAYING
-14.99349453733532,-1.178588262197697,LAYING
-15.421560470830567,-0.7833408166517302,LAYING
-15.058621825562465,-2.0102799339267956,LAYING
-15.042901298430476,-1.6340826145428409,LAYING
-15.127843509409663,-0.2973564920428268,LAYING
-15.488106397278534,0.9509496996389746,LAYING
-15.560779554241016,1.0682836699511515,LAYING
-15.571082779360477,-0.6803987333735848,LAYING
-15.757097567638873,-0.15234170053221527,LAYING
-15.531774352176063,-1.4096348631698068,LAYING
-15.799108805632082,-1.1927132477108846,LAYING
-15.834704815736803,-1.093553813458648,LAYING
-15.576042956138714,-1.296930795563868,LAYING
-15.332981351165902,-2.0356961503888322,LAYING
-14.867897180090132,-2.0485049518515446,LAYING
-8.497878026687456,-5.70114555608041,LAYING
14.902424230524021,-0.4099182314248625,WALKING
17.01800379450608,2.9537611835569373,WALKING
13.949385774482348,1.2689504833861998,WALKING
13.683684946719893,-1.311518546885283,WALKING
14.658680982719243,-0.8310073400702218,WALKING
14.738312795971,-0.5909996489316505,WALKING
16.33890817033251,-0.7194043202574449,WALKING
16.64996245563994,-1.165613164217922,WALKING
17.20712683193703,-0.04009267340897175,WALKING
19.99817006559075,0.7621365544213647,WALKING
18.58531777655342,0.6349633152600074,WALKING
12.529024827939303,-0.6834447678700761,WALKING
11.020295212744188,-1.005238648599574,WALKING
13.68850535012671,-3.591823395492118,WALKING
18.535867860613543,1.168150773337802,WALKING
17.776455866782854,2.4664863904666516,WALKING
12.734774209099728,-1.814269162954216,WALKING
12.721296780579095,-1.0604996717320567,WALKING
14.070213190395753,-1.024643244154761,WALKING
14.52836799577036,-0.8296665613017473,WALKING
13.515341849729852,-1.4448507492522014,WALKING
12.473193070616738,-1.1223447811316598,WALKING
11.618162722242154,-2.968875181049176,WALKING
13.015859981900139,-0.7703520598150745,WALKING
11.396817828992415,-0.2628724424328266,WALKING
11.618381472292114,-1.7666273274850186,WALKING
25.209813578675433,8.159759953576005,WALKING_DOWNSTAIRS
21.728736768776415,5.6227179303794,WALKING_DOWNSTAIRS
21.010458548048156,5.889378801630833,WALKING_DOWNSTAIRS
23.58046605440911,4.675138882543722,WALKING_DOWNSTAIRS
25.623757061148204,2.9779980959225125,WALKING_DOWNSTAIRS
23.761197588722595,2.542726763405561,WALKING_DOWNSTAIRS
29.304667667426795,6.1104640992760855,WALKING_DOWNSTAIRS
32.54267467304821,8.770145275827339,WALKING_DOWNSTAIRS
26.184847588467022,0.6738180099643334,WALKING_DOWNSTAIRS
25.72099771243462,0.42905029816143503,WALKING_DOWNSTAIRS
25.38057246838606,1.5084455291813772,WALKING_DOWNSTAIRS
29.368655483997554,2.4688560578817103,WALKING_DOWNSTAIRS
29.673369308604187,3.767841209228524,WALKING_DOWNSTAIRS
28.68128535412258,6.031625401890673,WALKING_DOWNSTAIRS
28.51554060529207,6.551478592213247,WALKING_DOWNSTAIRS
24.80458926649713,1.126480115867944,WALKING_DOWNSTAIRS
32.91963326138853,7.754024804882584,WALKING_DOWNSTAIRS
31.679582335135127,6.86171915727836,WALKING_DOWNSTAIRS
33.505254009283874,7.428196854720642,WALKING_DOWNSTAIRS
35.10415000329794,7.720108226347921,WALKING_DOWNSTAIRS
33.412026292367166,6.488014455823588,WALKING_DOWNSTAIRS
36.99207964806291,8.9540289094118,WALKING_DOWNSTAIRS
11.508373366612183,-7.778819621231546,WALKING_UPSTAIRS
14.442180051263179,-3.3083718495016625,WALKING_UPSTAIRS
15.738228717442986,-0.9245805765935542,WALKING_UPSTAIRS
12.162376300244098,-3.5090010486388787,WALKING_UPSTAIRS
11.445965619589169,-4.354261149452227,WALKING_UPSTAIRS
13.782698197797243,-3.591141787251452,WALKING_UPSTAIRS
14.320449064566908,-3.3052581309126707,WALKING_UPSTAIRS
9.797420892129884,-4.313656827828724,WALKING_UPSTAIRS
14.264013825825863,-6.886331226116971,WALKING_UPSTAIRS
16.749095727747974,-4.4486814873867155,WALKING_UPSTAIRS
15.269784364720238,-4.320633805812185,WALKING_UPSTAIRS
10.752827872297207,-5.110475776479985,WALKING_UPSTAIRS
9.362928309883944,-3.875998093502571,WALKING_UPSTAIRS
11.511762795891931,-4.229009730184835,WALKING_UPSTAIRS
14.081852879316731,-4.733607324288429,WALKING_UPSTAIRS
13.171007636637547,-4.560208808110382,WALKING_UPSTAIRS
14.754792475762542,-6.351029486223194,WALKING_UPSTAIRS
14.117101058417004,-4.604341610211936,WALKING_UPSTAIRS
15.412922018075244,-4.366181665943813,WALKING_UPSTAIRS
17.077106597127667,-2.0228841318543895,WALKING_UPSTAIRS
14.890153755814211,-2.1479803188637976,WALKING_UPSTAIRS
16.45385458093257,0.436731329398306,WALKING_UPSTAIRS
14.4108068587054,1.4618317859136585,WALKING_UPSTAIRS
-12.922048496439658,-0.5397314631765476,STANDING
-13.655110734340298,-0.37268678416736534,STANDING
-15.514682535673286,3.2155662993641645,STANDING
-15.4391943047969,4.746563386380088,STANDING
-16.01016071681027,6.716511297111009,STANDING
-14.965760295539168,3.064000395567234,STANDING
-14.559030407745773,0.42172702365880155,STANDING
-14.70484537538814,0.07974260378879375,STANDING
-15.261465678068614,4.043627707772372,STANDING
-14.991024871427044,3.509104890735711,STANDING
-15.083578344156834,3.4891832538235628,STANDING
-15.516006547525537,5.088390597462793,STANDING
-13.081921873343445,-1.9945400693744704,STANDING
-12.227640321203747,-3.9783436555897422,STANDING
-12.797422725148841,-3.29737075800399,STANDING
-14.52607326909262,0.44658712692813873,STANDING
-15.11766504891016,-0.04704597602085079,STANDING
-13.65139343320369,-2.655171532331311,STANDING
-15.43927740777235,1.0706673639355544,STANDING
-15.988637077449948,4.423759089642292,STANDING
-15.510873320827109,3.59224779906358,STANDING
-14.963111432331559,2.856450817049162,STANDING
-15.538521283538667,5.597536212330038,STANDING
-15.971086422575441,5.2703269053438175,STANDING
-15.962691354716593,4.524146603435444,STANDING
-15.737477998319598,5.415041305319858,STANDING
-15.217724494175432,3.8110239063563167,STANDING
-15.457322605839265,5.290939154711516,STANDING
-15.549915364896345,4.726457153669514,STANDING
-15.160832066443609,2.145774596094285,STANDING
-15.102446740911919,0.5690471515250791,STANDING
-9.520399622767076,-8.29969365275026,SITTING
-12.29979108156763,-5.148297650950252,SITTING
-15.076006919783538,1.5845552639310228,SITTING
-15.198025782159409,1.5905741239361268,SITTING
-15.626647024332668,4.082223641298203,SITTING
-16.19545755282311,9.024180656942763,SITTING
-16.177904001561203,8.250678951736816,SITTING
-15.884152523843365,6.665152537329727,SITTING
-15.970309466949281,7.058439438862747,SITTING
-15.992252945896896,8.295417206668038,SITTING
-14.52520804589911,2.574385741934731,SITTING
-13.980945162636367,-0.7537442096166305,SITTING
-14.757093597077812,0.5403257604773721,SITTING
-15.597986301359395,4.114599745308575,SITTING
-16.219512937877937,7.976572405947318,SITTING
-9.593828065236671,-10.7546805740684,SITTING
-14.323399468673477,-4.313956511244147,SITTING
-15.536736664701511,1.1203841692588394,SITTING
-14.907885926271096,3.8656802140641426,SITTING
-15.000032306384185,4.784707003299443,SITTING
-15.83680491417455,5.497304746353279,SITTING
-15.854580222017756,2.8012888267649245,SITTING
-16.00085486518862,3.175617583219143,SITTING
-16.053344650213724,4.525770980201219,SITTING
-15.814556732667965,3.7330414065907838,SITTING
-15.950924257141418,4.492411791658825,SITTING
-14.805166073167246,2.9343901108514228,SITTING
-13.829455028135921,1.100480738951745,SITTING
-12.532318312892105,-5.9000231103148,LAYING
-14.525560974378774,-1.0148601406552449,LAYING
-15.677043187926358,0.9937793044357282,LAYING
-16.683131827714206,5.344937907582779,LAYING
-16.71800082288816,8.740197085199618,LAYING
-17.075268269403317,9.051671427853003,LAYING
-16.860735011308645,7.095825749069671,LAYING
-16.61536672021281,7.281235584894,LAYING
-16.73018038983332,10.970068588156398,LAYING
-16.641513619645906,8.837887762007837,LAYING
-16.209817176595866,8.01155105858274,LAYING
-16.489144474583195,8.691933288048697,LAYING
-16.075618126611506,8.70210544681455,LAYING
-16.118680509061804,8.660033712446765,LAYING
-16.19904115443517,8.71846264165282,LAYING
-16.05981102358078,9.636178598096231,LAYING
-16.093386766189816,9.591644227681726,LAYING
-16.02409912380889,10.309746468434536,LAYING
-12.909342361514828,-5.509420357995563,LAYING
-14.402104594926087,-3.015754137712452,LAYING
-15.935675793053587,3.958677746376923,LAYING
-16.533026907665743,6.880455801953641,LAYING
-16.56208981623538,6.180338889141379,LAYING
-15.618142076435493,4.624547881050301,LAYING
-16.12566726536403,6.8414182592318955,LAYING
-16.477125357337837,8.963646609375612,LAYING
-16.458167717108342,8.77188117639679,LAYING
-16.48456710584746,9.893616577227968,LAYING
-17.16888859593653,9.896158660259358,LAYING
-16.450767884139516,8.369314854535991,LAYING
-16.303815137394828,7.376044160031456,LAYING
-16.761366172221877,8.561027441533469,LAYING
-16.620563852380133,8.073177210765802,LAYING
-16.2990527148539,8.099379775540921,LAYING
-16.023107606310266,6.805351859409017,LAYING
-16.373271965363724,8.043683356765351,LAYING
-16.49118766902878,10.021947568614683,LAYING
-16.161707840046443,9.243946094715623,LAYING
-16.09821891270044,8.531195819484328,LAYING
-16.5701027477532,8.8987509344479,LAYING
18.09361891355813,1.018372261886259,WALKING
17.94278377535778,2.324461269732989,WALKING
16.54763860164108,1.1007159293681197,WALKING
18.096561870468545,1.2479707494728052,WALKING
17.688822775537254,1.3580959036038647,WALKING
15.659936891184094,3.1953381950986786,WALKING
13.442867526212366,2.34541521707657,WALKING
13.809727950144563,2.7764518822859343,WALKING
15.255155081017158,1.0265187411466976,WALKING
15.977871619376206,0.767614502819356,WALKING
13.798589749325096,1.4644910893935197,WALKING
11.821014929131472,0.0029213216449043523,WALKING
13.800625403929946,2.490815040191348,WALKING
13.364950207589434,1.2324863917017719,WALKING
15.620839996462678,1.6567818864103734,WALKING
14.875097176822981,0.7069508259996773,WALKING
15.822227434354012,3.6430059840390205,WALKING
17.36854562522614,2.7182838283602315,WALKING
17.646464381212795,1.7385149237636321,WALKING
14.236921353418792,1.865625603235901,WALKING
12.061708077490191,1.3667446385112068,WALKING
14.136087756461428,3.1261066756285993,WALKING
14.066337176156665,0.37614430859139236,WALKING
12.046274413546719,-1.3030702032794588,WALKING
12.165097994438602,0.6180617550913315,WALKING
13.780183728340699,1.947910408945826,WALKING
17.506571369439275,0.9488834221526226,WALKING_DOWNSTAIRS
18.31077405933358,-2.437452987234622,WALKING_DOWNSTAIRS
17.821553642572624,-4.226703037793566,WALKING_DOWNSTAIRS
17.16953223417208,-0.37833706736988704,WALKING_DOWNSTAIRS
19.719194165720104,-2.9425640090490526,WALKING_DOWNSTAIRS
18.265489353090857,-4.785001640446166,WALKING_DOWNSTAIRS
10.58201414860924,-3.0966081948166204,WALKING_DOWNSTAIRS
10.75542611857478,-5.6345346024695,WALKING_DOWNSTAIRS
18.441975140565933,0.6489500399046737,WALKING_DOWNSTAIRS
17.09648135310489,1.673672902527406,WALKING_DOWNSTAIRS
21.888471963907318,0.4190307474390721,WALKING_DOWNSTAIRS
20.797324855628794,-1.867955944248353,WALKING_DOWNSTAIRS
18.16031504292153,-3.89817815140633,WALKING_DOWNSTAIRS
20.240377645298413,-4.669045694058627,WALKING_DOWNSTAIRS
17.126196958342412,-1.2000197757512228,WALKING_DOWNSTAIRS
14.794735705947987,-2.152638276670289,WALKING_DOWNSTAIRS
21.693113282387635,-0.08160754114492394,WALKING_DOWNSTAIRS
21.185939041340983,0.2725537332215329,WALKING_DOWNSTAIRS
22.168266759790644,-2.394940091719441,WALKING_DOWNSTAIRS
23.044733129317404,-2.5832576350172256,WALKING_DOWNSTAIRS
23.085205760599404,-1.5743207111357658,WALKING_DOWNSTAIRS
24.508634617273724,0.7299320354013801,WALKING_DOWNSTAIRS
19.950063241775613,0.47827617469270073,WALKING_DOWNSTAIRS
18.86892037540379,1.5934153168672798,WALKING_DOWNSTAIRS
12.550676892561695,-10.301641356724394,WALKING_UPSTAIRS
10.847143454155159,-8.830519984419485,WALKING_UPSTAIRS
11.051136558446627,-9.954810054849025,WALKING_UPSTAIRS
12.94412588225475,-11.295655489034573,WALKING_UPSTAIRS
14.076804400105306,-11.574456772677493,WALKING_UPSTAIRS
17.045710492470626,-12.232339728020618,WALKING_UPSTAIRS
15.557903137552747,-12.600717571143734,WALKING_UPSTAIRS
9.6034988117122,-10.43065114253986,WALKING_UPSTAIRS
10.939599730415654,-11.303169741904565,WALKING_UPSTAIRS
17.341073585041443,-9.561382533219012,WALKING_UPSTAIRS
15.235901932921745,-8.918897594971641,WALKING_UPSTAIRS
17.827624959400794,-9.651698728497486,WALKING_UPSTAIRS
16.616005913816423,-9.386097565439588,WALKING_UPSTAIRS
16.693849855169454,-8.263348219341534,WALKING_UPSTAIRS
17.015614053512152,-9.34901554440061,WALKING_UPSTAIRS
15.801498482363408,-6.897921938156453,WALKING_UPSTAIRS
13.282489287126362,-10.613126056144994,WALKING_UPSTAIRS
15.041149431187554,-8.523860932246954,WALKING_UPSTAIRS
15.674632959189738,-7.815767776917978,WALKING_UPSTAIRS
14.807287047179905,-9.84234091136486,WALKING_UPSTAIRS
12.625893708318518,-12.37211249202467,WALKING_UPSTAIRS
11.29579320171485,-12.59441872699741,WALKING_UPSTAIRS
10.427642270981321,-10.824351617120895,WALKING_UPSTAIRS
10.519856219104039,-11.650660947016263,WALKING_UPSTAIRS
9.596003790079157,-9.683362653584421,WALKING_UPSTAIRS
-14.045344107586661,-1.533644700296449,STANDING
-15.2050966856911,2.237859337666631,STANDING
-15.739659312356636,6.446075247574411,STANDING
-15.374926174771213,4.031814729230201,STANDING
-15.308884094192276,3.5069350665428654,STANDING
-16.137689349092806,7.152596093852041,STANDING
-15.891794107968657,6.590411883384781,STANDING
-15.140523768798975,3.982715071636659,STANDING
-15.00072745098266,3.3791463741830867,STANDING
-14.998822488419108,2.3994703348262663,STANDING
-15.22500969323859,3.23591087586779,STANDING
-15.542313991331815,4.813662380800181,STANDING
-16.11121071414394,7.04104035756929,STANDING
-15.941589717166925,7.219407347087089,STANDING
-15.814968944086825,6.946819458749816,STANDING
-12.629480905656703,-6.174975891641845,STANDING
-14.703867074661233,-1.2427392328676266,STANDING
-12.404769071337784,-3.5695953077756384,STANDING
-12.518460120851582,-3.1524996957346785,STANDING
-14.652874710043852,1.3453414293785844,STANDING
-14.230670198288857,2.2648770097090867,STANDING
-14.189603343266013,0.5274561121432896,STANDING
-14.675542049370373,-0.40161683203047704,STANDING
-14.67146104184802,0.5984951873656591,STANDING
-14.596015026071445,4.4168202757252395,STANDING
-15.464409554649206,5.613588090975393,STANDING
-15.825489115046585,5.971498727384354,STANDING
-15.823474258132451,7.28438905720978,STANDING
-15.946386233587104,7.241705764422928,STANDING
-15.70712545781696,7.828022218262093,STANDING
-15.877238001169967,6.421700461771456,STANDING
-15.945880659762008,4.657340545938524,STANDING
-15.250344392148167,3.308226912423999,STANDING
-15.818379840413783,5.481316866489222,STANDING
-13.12020786323362,-4.650835164002665,SITTING
-14.864539561589549,-1.5984431862293689,SITTING
-15.848636252998414,2.932673084706755,SITTING
-16.19485068161292,7.544774522083605,SITTING
-16.12360193885204,8.01036388820391,SITTING
-16.01127859588031,6.648181608253717,SITTING
-14.33062151184065,0.5625853378643508,SITTING
-14.415978691970096,1.374122221213834,SITTING
-15.365317990641888,3.8085602962132312,SITTING
-15.505026227201306,3.0012831582683943,SITTING
-15.917403499651115,5.87131558263285,SITTING
-15.71483242149356,3.8188918287327978,SITTING
-15.794689291114075,5.926241555232743,SITTING
-15.897994064589177,7.545509932364136,SITTING
-16.041559844368983,7.758241615002429,SITTING
-15.480320233446232,7.119034777444625,SITTING
-10.285790821623602,-9.458706161968847,SITTING
-13.183283400752122,-4.916539200165608,SITTING
-14.691721462036451,-0.7375481744458905,SITTING
-15.519432006110996,3.4470184852974066,SITTING
-15.724157132899258,3.7503712595788805,SITTING
-15.919316892422025,1.666578499155497,SITTING
-15.6951352551424,2.016180544841989,SITTING
-15.376243108642903,0.8321549425112194,SITTING
-15.575349688356408,1.3597882193324433,SITTING
-16.03978195801368,5.214738047919636,SITTING
-15.748006149033534,5.64782370129473,SITTING
-16.023844975132356,4.352436639776503,SITTING
-15.996770860455744,3.530996250309191,SITTING
-15.703880026225688,3.457816766364539,SITTING
-15.3794323602193,1.5914474879215452,SITTING
-15.523430088253384,1.7816568233482086,SITTING
-11.876185067352846,-8.84409573514395,LAYING
-14.845226842440226,-2.3299624864950257,LAYING
-16.22763339184049,3.8724485244713764,LAYING
-16.611248299218154,6.26767840790696,LAYING
-16.035444267296747,5.675426518035518,LAYING
-16.42334605845042,7.458242069072594,LAYING
-16.889551761209965,9.431491091338398,LAYING
-16.361869989748634,11.346036332673593,LAYING
-16.254452090093473,9.37786458925795,LAYING
-16.675373254008115,9.445995015383197,LAYING
-16.416688221907346,7.926711146968879,LAYING
-15.969358800851037,7.501542915827719,LAYING
-16.3766415952058,7.86845768345088,LAYING
-16.36892293887773,7.476892353809057,LAYING
-16.234765653657682,7.9948516531005875,LAYING
-13.005126799158655,-5.520033275508071,LAYING
-14.738135734935426,-1.4770134400045731,LAYING
-15.459313075334762,2.937078738665628,LAYING
-16.606567869566994,6.20375870497895,LAYING
-16.792825385127546,9.06712860408573,LAYING
-16.650597891199673,8.480685605172427,LAYING
-16.632108709531206,7.891661601425932,LAYING
-16.494315952112835,7.69156161673258,LAYING
-16.533969713300372,9.599319325540494,LAYING
-16.70802884060551,10.05815445207926,LAYING
-16.62268561155506,9.494116473107962,LAYING
-16.85238756324545,10.146714384473222,LAYING
-16.55575383829771,8.609625912693332,LAYING
-16.68334153366435,8.620517440484711,LAYING
17.67680771747409,-0.5259350574992337,WALKING
19.651355249924645,1.509560991198777,WALKING
17.138689073252237,2.827090969284654,WALKING
15.589705580409795,2.402354653098055,WALKING
17.32895085955429,2.763846165521131,WALKING
17.658768054372278,2.5939879600869915,WALKING
16.468414380311085,2.446712757931566,WALKING
13.929733803363844,1.451103907908357,WALKING
14.356686715194128,1.3768038741401663,WALKING
18.058359436488498,3.5167511836703365,WALKING
16.017660060761333,1.6214252154667304,WALKING
14.186836230715254,0.6804423278179292,WALKING
12.458712074178358,0.6495965083439843,WALKING
12.225904993763685,0.6559818682618361,WALKING
15.671077125498545,-1.918551872375173,WALKING
20.63904610595245,4.126108867602475,WALKING
21.925974367339553,8.312208392859981,WALKING
19.43269703450181,5.857814547835431,WALKING
17.743007944591,3.4963492535093192,WALKING
18.33378259157824,2.495906858432469,WALKING
18.084258236260887,1.043123417960544,WALKING
14.917764561657773,0.471090641208927,WALKING
18.393718618423275,4.74809985423142,WALKING
19.392110396587718,4.8838667281591475,WALKING
17.68213125939364,3.8858219213705842,WALKING
13.855087764802274,1.9221935144339126,WALKING
13.337727563331079,1.3013080798734231,WALKING
20.53198839532233,0.5454927456110342,WALKING_DOWNSTAIRS
21.352831222088486,3.360602583252635,WALKING_DOWNSTAIRS
21.46257585538557,-1.3349179046405113,WALKING_DOWNSTAIRS
23.811790814710726,-0.9853764294669588,WALKING_DOWNSTAIRS
21.177242117873323,1.093571634285537,WALKING_DOWNSTAIRS
24.046705512872187,5.001962434698707,WALKING_DOWNSTAIRS
18.35443497422857,3.4819744295743695,WALKING_DOWNSTAIRS
19.18746209118221,1.786323403144765,WALKING_DOWNSTAIRS
20.527714500756666,0.13411927767856932,WALKING_DOWNSTAIRS
19.061674418139162,2.660695965110185,WALKING_DOWNSTAIRS
23.20185661689488,0.11255378572829586,WALKING_DOWNSTAIRS
26.19146032824901,0.7723347772591982,WALKING_DOWNSTAIRS
25.549679616711785,3.014863206732341,WALKING_DOWNSTAIRS
23.10258858939838,0.7037893618184411,WALKING_DOWNSTAIRS
16.572992557388627,0.8464041574036324,WALKING_DOWNSTAIRS
18.72017707592087,3.4318285253306837,WALKING_DOWNSTAIRS
22.694145862695486,-0.22240952481981555,WALKING_DOWNSTAIRS
25.08017804127874,2.631256110957877,WALKING_DOWNSTAIRS
28.818024221351823,2.349202208537231,WALKING_DOWNSTAIRS
24.20996549638607,-1.009801054370617,WALKING_DOWNSTAIRS
19.9193307265827,-1.8028049248585731,WALKING_DOWNSTAIRS
22.52927193244106,0.5263367737807777,WALKING_DOWNSTAIRS
19.841984978991267,1.1336553736480839,WALKING_DOWNSTAIRS
16.25239845974835,-0.5211569811846848,WALKING_DOWNSTAIRS
16.94052420309462,-11.275508230713678,WALKING_UPSTAIRS
14.821010351750097,-8.912299750635032,WALKING_UPSTAIRS
16.698784648587193,-8.099197382613813,WALKING_UPSTAIRS
17.789483430728957,-8.524549117658891,WALKING_UPSTAIRS
18.053059772389663,-7.54788089429773,WALKING_UPSTAIRS
20.022886353559944,-8.216277989629349,WALKING_UPSTAIRS
19.53751313623095,-7.303134856137625,WALKING_UPSTAIRS
12.93221659463601,-6.967236367292149,WALKING_UPSTAIRS
16.53502169545241,-8.570672253179325,WALKING_UPSTAIRS
14.312903476115926,-9.322669658568529,WALKING_UPSTAIRS
15.469004655751963,-8.539603456640338,WALKING_UPSTAIRS
14.43460063146952,-9.069423594225185,WALKING_UPSTAIRS
19.599468508069602,-9.386524472019984,WALKING_UPSTAIRS
19.87952421617699,-11.361915507202651,WALKING_UPSTAIRS
17.717573639490887,-6.0045908319533865,WALKING_UPSTAIRS
13.873292186296528,-9.88348971966161,WALKING_UPSTAIRS
14.918961333027857,-7.911166375620847,WALKING_UPSTAIRS
14.160393931395792,-8.312086333849077,WALKING_UPSTAIRS
18.132763854854115,-9.908034685562068,WALKING_UPSTAIRS
18.69237867779017,-10.003017948464466,WALKING_UPSTAIRS
16.530722707010554,-9.318369239684797,WALKING_UPSTAIRS
14.125748659271064,-9.468844842101904,WALKING_UPSTAIRS
11.60846123772333,-8.549074452168473,WALKING_UPSTAIRS
11.679668715765581,-7.96856777192321,WALKING_UPSTAIRS
-13.04037976542177,2.977751407019888,STANDING
-14.821301562543146,3.10603662885267,STANDING
-15.788536362675051,2.457529554090409,STANDING
-15.275137113897618,1.4560006957476943,STANDING
-15.24408319077301,0.9928982370377226,STANDING
-14.670683389325207,0.13080802129996097,STANDING
-9.33716868388232,-9.702183308491787,STANDING
-9.213974725266675,-10.193480600972729,STANDING
-10.813023088307547,-8.74518470256391,STANDING
-9.094099441145314,-10.466771300850324,STANDING
-7.803142203375576,-10.737816544190702,STANDING
-12.303230510655991,-0.5328927276188449,STANDING
-14.042102417396528,-2.703776105803684,STANDING
-15.034678868673792,0.7869715791736498,STANDING
-15.690014248778395,2.7728738833548054,STANDING
-16.15612793262527,3.8429507984739137,STANDING
-13.299234951311572,-4.983470858255096,STANDING
-12.429808128473322,-6.64057693490022,STANDING
-11.467063751960426,-5.308511567343038,STANDING
-11.647640636843974,-5.29334000739293,STANDING
-13.368767050279304,-4.2915635404076244,STANDING
-14.349106595756309,-3.454081507064867,STANDING
-15.190174716371148,-0.6375709341151479,STANDING
-15.870725767572642,3.5221309368489466,STANDING
-15.819822444338847,3.9631481298839746,STANDING
-15.693799968667637,2.4859537917481394,STANDING
-15.936101090320161,3.9372182031342033,STANDING
-11.539091265281382,-8.04404878041983,SITTING
-15.331930680314683,-2.859000215648084,SITTING
-15.790896089015394,1.6435875482677686,SITTING
-8.55449794820096,-11.034690674218597,SITTING
-5.68346579961271,-17.38967703644981,SITTING
-5.188151464107473,-14.967333261122269,SITTING
-11.102884017258775,-5.293914475647018,SITTING
-14.12922593274291,-2.9835392421368545,SITTING
-15.77068801373643,0.8767645609138497,SITTING
-16.71867067762739,5.75266294873069,SITTING
-16.692934492714656,8.792827769032373,SITTING
-16.6422506188717,7.739084425087081,SITTING
-16.432978673694382,6.923011895007023,SITTING
-16.534206542198916,7.318988902472448,SITTING
-9.687758177039205,-10.294804870543727,SITTING
-11.792662427589335,-6.452655093997365,SITTING
-11.587114015487899,-5.868099358455035,SITTING
-11.61781797460084,-6.396854048426414,SITTING
-13.503111671614597,-4.381379321280816,SITTING
-14.988021643489779,0.7927297526025012,SITTING
-14.487872125266945,-0.526038073595979,SITTING
-14.996577714741251,1.1356066674942047,SITTING
-15.43026029447253,4.427634231001476,SITTING
-16.085142831745635,5.399730815648081,SITTING
-14.954864204769525,1.4361100978667147,SITTING
-14.897848004555554,0.6395851288959273,SITTING
-16.020227258649225,5.276911343073991,SITTING
-16.113824791611556,5.203602734132573,SITTING
-16.350757797673857,4.563567175158339,SITTING
-16.037482431791513,4.004385806972314,SITTING
-15.785881126619689,2.548524459035883,SITTING
-15.820578160164576,4.142276097154406,SITTING
-11.478236942833764,-6.387921303573709,LAYING
-12.989285188239528,1.033722326438475,LAYING
-13.329233024236128,4.804354302301593,LAYING
-16.19187080029237,4.443122764333945,LAYING
-16.859423385232745,6.60672150779601,LAYING
-15.015089360547442,1.8811646297575828,LAYING
-14.471555296450184,1.172650366741472,LAYING
-15.663039872507271,3.0837847259855087,LAYING
-16.950821398498718,8.423327243605394,LAYING
-16.868986421411766,8.209695661978476,LAYING
-16.772540652689067,7.478750971737487,LAYING
-16.803689106689284,6.974448668922128,LAYING
-16.44914695780612,6.145852298503989,LAYING
-13.72553701663233,-0.36050884600848754,LAYING
-12.461136785722031,-3.699824498379553,LAYING
-12.879770606590425,-2.9674156128994107,LAYING
-13.966633042209788,-1.5310221683918614,LAYING
-9.208178762250204,-5.77787895032985,LAYING
-11.564627920105828,-3.6443845034721614,LAYING
-13.697153460706819,-2.5555728311351045,LAYING
-14.09536149048056,2.063547431583555,LAYING
-13.955820306175715,-0.13449649237421477,LAYING
-14.713608396584288,-0.4941422156310407,LAYING
-15.619763745527644,4.116293104700155,LAYING
-14.76300129160556,0.3736913909641158,LAYING
-14.42915228988537,-0.7793468011753283,LAYING
-15.927256243061212,4.507201204580788,LAYING
-16.481728762515615,6.234232559666312,LAYING
-15.526172779022481,3.835695022183537,LAYING
-14.466154168955555,0.7941270173820341,LAYING
-13.723194478076351,-2.2934636772462795,LAYING
-14.511709426670532,-1.6404194459464567,LAYING
-15.624161544220847,2.129213243292546,LAYING
-16.8070509063577,8.429734219671992,LAYING
-16.998707348951704,8.879339605637002,LAYING
-17.19668614943994,10.512158778775724,LAYING
-16.950487546333562,11.070088396433201,LAYING
-16.441775594203254,7.422338937795894,LAYING
11.346728430917128,-6.201755765713419,WALKING
13.592873671748432,-4.286702906680159,WALKING
12.485583278311424,-2.7869708032388307,WALKING
12.407215019301388,-3.17479166829747,WALKING
12.668133407398653,-3.4529065070532687,WALKING
11.962791141039418,-2.561648927050694,WALKING
12.326030263021938,-3.9750103338579765,WALKING
12.617850151788007,-4.688679383251148,WALKING
11.961626995333356,-4.256440358446645,WALKING
11.294921496830636,-4.57404600367704,WALKING
12.906848254728956,-4.47908620585366,WALKING
11.903029036952436,-5.080910845392085,WALKING
10.024883926690642,-4.3059178733845265,WALKING
10.41646235478717,-4.337263019345132,WALKING
10.01891424879358,-5.761055758764013,WALKING
9.811700854114719,-3.712130721900289,WALKING
8.438667981697508,-4.654129794737858,WALKING
10.777036409293812,-2.971638758936877,WALKING
11.965544092068772,-3.2232622937486224,WALKING
11.20717696473749,-2.6667880919998437,WALKING
10.941907716636855,-3.3160167166991394,WALKING
10.406101376262399,-1.5449032148304833,WALKING
9.232830652423639,-2.8249761776437214,WALKING
10.690617273521976,-5.497833639561715,WALKING
10.452640123196081,-4.661123607371489,WALKING
12.587198121672921,-4.28299371278793,WALKING
12.811141313556487,-3.43853548081705,WALKING
12.015351329300195,-3.627997283553053,WALKING
12.512457333698752,-4.860734132455636,WALKING
10.573155814207372,-5.144213779389202,WALKING
10.554495379349266,-4.832279084396075,WALKING
12.664121861211981,-4.738747059814169,WALKING
13.065557269124046,-2.350709744290973,WALKING
16.453503003628967,-4.568053568942146,WALKING_DOWNSTAIRS
12.602673796903726,-6.1002586211808385,WALKING_DOWNSTAIRS
14.64296546364955,-3.754688188450464,WALKING_DOWNSTAIRS
15.179972051649324,-4.574012941873729,WALKING_DOWNSTAIRS
15.080693061681105,-3.480443647524881,WALKING_DOWNSTAIRS
11.56549203161189,-5.691069614089242,WALKING_DOWNSTAIRS
12.5185223498822,-5.657644004242879,WALKING_DOWNSTAIRS
13.62378384080041,-6.02351007385663,WALKING_DOWNSTAIRS
9.521226525819666,-6.9003862844399,WALKING_DOWNSTAIRS
11.167140080490121,-3.5142129525951065,WALKING_DOWNSTAIRS
14.155161636842612,-3.278447368373461,WALKING_DOWNSTAIRS
10.179006620855398,-6.443499477826735,WALKING_DOWNSTAIRS
12.741563986620074,-6.986902157128619,WALKING_DOWNSTAIRS
10.4557721093706,-8.410866111017187,WALKING_DOWNSTAIRS
13.32524498320846,-6.4819700395392825,WALKING_DOWNSTAIRS
12.112498996279655,-7.650394746264322,WALKING_DOWNSTAIRS
12.108996113427919,-6.3468629487365265,WALKING_DOWNSTAIRS
11.861673060154232,-7.266650344100731,WALKING_DOWNSTAIRS
13.234800345721847,-7.3794512102646515,WALKING_DOWNSTAIRS
12.325134870382676,-5.701465578369668,WALKING_DOWNSTAIRS
14.275381207089053,-3.331865687243673,WALKING_DOWNSTAIRS
16.99088473733331,-4.046289579236367,WALKING_DOWNSTAIRS
14.556408623527245,-2.0378277661377173,WALKING_DOWNSTAIRS
4.925989704431959,-13.4768993322019,WALKING_UPSTAIRS
5.987111878129963,-14.080486459449958,WALKING_UPSTAIRS
6.140655740014358,-15.665872028048858,WALKING_UPSTAIRS
9.630974319476593,-16.984162216368983,WALKING_UPSTAIRS
8.49913980251735,-16.309312367302958,WALKING_UPSTAIRS
6.924644158793949,-13.146720781389561,WALKING_UPSTAIRS
5.5310173408461765,-14.775988872962769,WALKING_UPSTAIRS
6.176268020017601,-13.564689099809037,WALKING_UPSTAIRS
6.7797107972811705,-15.397082106073315,WALKING_UPSTAIRS
8.771585398128142,-14.030777864320713,WALKING_UPSTAIRS
5.272380088072938,-15.446906402133996,WALKING_UPSTAIRS
5.5778246629526835,-13.123961694246951,WALKING_UPSTAIRS
6.297702363841802,-14.12269201108751,WALKING_UPSTAIRS
6.2197129419362955,-11.658721666921064,WALKING_UPSTAIRS
6.377034010776002,-12.752935222492132,WALKING_UPSTAIRS
9.520339847031373,-15.926069159306241,WALKING_UPSTAIRS
9.010251708076542,-15.173163734653986,WALKING_UPSTAIRS
6.240911043556212,-12.70091627944432,WALKING_UPSTAIRS
6.470760470551652,-12.823469084187922,WALKING_UPSTAIRS
8.5077221510417,-14.00020205115899,WALKING_UPSTAIRS
8.506893443170686,-13.961684561359979,WALKING_UPSTAIRS
7.03979664224015,-13.145186972863614,WALKING_UPSTAIRS
6.801641173971063,-13.980842396535055,WALKING_UPSTAIRS
5.4112144902409245,-14.009454005876657,WALKING_UPSTAIRS
12.47479727074258,-6.272942782506586,WALKING_DOWNSTAIRS
13.9097515772112,-3.658368034896209,WALKING_DOWNSTAIRS
15.304186548488723,-2.857552240031194,WALKING_DOWNSTAIRS
13.035033220190465,-3.85898047820535,WALKING_DOWNSTAIRS
7.83295128274289,-5.2940908421744055,WALKING_DOWNSTAIRS
9.998711835664903,-4.033034016637467,WALKING_DOWNSTAIRS
12.800511146162908,-5.246782634393375,WALKING_DOWNSTAIRS
18.86119425354685,-3.4015648729531143,WALKING_DOWNSTAIRS
15.81499540119946,-1.4765183719790709,WALKING_DOWNSTAIRS
13.199647792307967,-0.6154174911008763,WALKING_DOWNSTAIRS
16.471365650768334,0.3022237234123041,WALKING_DOWNSTAIRS
4.656357344046051,-14.963087420233228,WALKING_UPSTAIRS
5.7052615216985965,-16.349645107596743,WALKING_UPSTAIRS
3.5472558784081003,-14.980301690273432,WALKING_UPSTAIRS
1.7272186901092976,-11.024679520566416,WALKING_UPSTAIRS
5.802460077967948,-16.525434827373072,WALKING_UPSTAIRS
7.380130353771483,-16.692447686386906,WALKING_UPSTAIRS
5.915054544772777,-13.38164805195217,WALKING_UPSTAIRS
6.2801915964003125,-13.453526375799278,WALKING_UPSTAIRS
7.082777346008098,-13.511780647305152,WALKING_UPSTAIRS
7.2067668691019895,-11.289530471780122,WALKING_UPSTAIRS
6.466113105096372,-10.820731729843118,WALKING_UPSTAIRS
-10.489176950963675,-5.781997105354424,STANDING
-8.372502090612882,-9.76906322850005,STANDING
-8.875466861132047,-8.098082863675247,STANDING
-13.182451514838895,-2.855546214043468,STANDING
-14.013111385474387,-0.607055931646824,STANDING
-13.418083997511022,-3.3893715054847338,STANDING
-11.011139112779194,-6.250293118183599,STANDING
-10.466663425075904,-6.60001250414579,STANDING
-11.774861248055146,-5.1950335718173,STANDING
-12.982367609523735,-2.7484256543906023,STANDING
-14.908350447328946,-0.10480697361380867,STANDING
-13.623871991425663,-1.0029704262465282,STANDING
-13.324730485252692,-1.3615001664268673,STANDING
-13.913381915759208,-0.3926154835838662,STANDING
-14.117825874941712,-0.5381653252795517,STANDING
-11.972595730422283,-1.9748367283152573,STANDING
-11.920304581477556,-1.4411469192866875,STANDING
-9.25232438348906,-6.443467069097102,STANDING
-9.703047671064994,-6.377339320663315,STANDING
-14.206427197842322,-1.2530310862510063,STANDING
-12.279365048299358,4.808261034335882,STANDING
-6.084308243850463,6.278318951923157,STANDING
-5.494554445204156,2.9991382541717173,STANDING
-9.273229047526643,-9.21288053498372,STANDING
-11.087827714951903,-6.16900926563484,STANDING
-13.242143773375904,-4.544762961013081,STANDING
-11.161293492450286,-6.865313919628392,STANDING
-10.015452135961166,-9.552075778714125,STANDING
-10.489840827596979,-6.838629330004608,STANDING
-13.053172421584392,-2.584480910848466,STANDING
-11.003147082306306,-0.41342083705463384,STANDING
-9.923472202599486,2.367709390202206,STANDING
-14.108773369852175,-3.1006571083199077,SITTING
-14.938907189177558,-2.133341569105505,SITTING
-15.183537584778135,0.21759942931166334,SITTING
-15.912693709634567,3.4154606188576007,SITTING
-15.36148807573731,2.7574922842834493,SITTING
-15.418113988650523,3.7280971298945174,SITTING
-16.154993321934967,7.405809969570251,SITTING
-16.508509083898158,8.631948958087609,SITTING
-16.718669620671687,8.632802067434504,SITTING
-16.659385646038213,7.84131720591609,SITTING
-15.273705527324292,4.097005420006326,SITTING
-14.371440854963955,0.1732516073189974,SITTING
-10.323324863600307,-10.259017551353685,SITTING
-13.629554877579798,-3.881904267885639,SITTING
-15.020266034065328,-0.11356551478454455,SITTING
-15.379534266086004,1.362729275907281,SITTING
-15.221128499362447,1.9224673031503925,SITTING
-15.621109224249018,4.99119585285018,SITTING
-15.51530331223722,5.055509718185407,SITTING
-15.079360351646974,3.2274242370465815,SITTING
-14.453973358816006,-1.121628846158081,SITTING
-14.250012686718122,-1.76835047821762,SITTING
-13.261464060939758,-3.2058482165630258,SITTING
-13.650097522257571,-2.5938941022056183,SITTING
-13.071018465734602,-0.09543161803766434,SITTING
-13.11466129030092,-1.8091584936339644,SITTING
-14.237596085461371,-2.7356732761837232,SITTING
-15.127799250278697,1.0683461426031176,SITTING
-15.637583795559538,2.9854681319939953,SITTING
-15.414270353303236,3.613580580830236,SITTING
-9.07527118218031,-4.397516106614823,LAYING
-12.07533378742562,2.015263954285427,LAYING
-16.033566665269976,1.4217079551338354,LAYING
-16.04798507741373,3.2259200885700534,LAYING
-16.32518734806478,3.8518063415262684,LAYING
-16.629937291258006,5.692567011805198,LAYING
-17.103508850343772,8.249232296946733,LAYING
-17.099769730406177,9.24909003067313,LAYING
-16.37913331618154,6.278691968966049,LAYING
-15.812366271680597,4.417928698261122,LAYING
-14.667957434050106,5.323298870148195,LAYING
-14.233547674779956,6.801284818807741,LAYING
-12.14542200112912,-0.3769245254422494,LAYING
-12.46574525540531,-0.6664338055305015,LAYING
-14.633019775759353,1.8637888830959093,LAYING
-13.906991153569617,2.0559840590794245,LAYING
-14.463911795787102,2.7617525753585794,LAYING
-7.233311255745037,-5.95922913190139,LAYING
-9.7754363221063,-2.302750429880516,LAYING
-14.68517754345206,-2.7444800942547856,LAYING
-12.916909792711522,-1.931805059810771,LAYING
-13.131853673677503,-1.3632706705885147,LAYING
-14.526058815768138,0.02402585710211864,LAYING
-12.585969611632445,-1.3753814005265523,LAYING
-12.791614437281924,-1.4166675870219756,LAYING
-15.982558550319734,4.653406032480991,LAYING
-16.042676741957333,4.724639598506508,LAYING
-15.967876133583406,3.2369627480745886,LAYING
-16.098222362806368,2.514114422721199,LAYING
-16.595641108217944,4.912686899321912,LAYING
-16.88249002960113,6.727297176921533,LAYING
-16.988394502438048,6.169558687012538,LAYING
18.317023743687393,-2.701693546757579,WALKING
18.57627564117506,-2.5318026241216507,WALKING
19.114228720224126,-0.8075291023413671,WALKING
15.784760983244345,-4.02477585361361,WALKING
13.816150136299914,-5.320753068295033,WALKING
14.138790517341512,-3.7928607921470645,WALKING
13.849625896816233,-4.435506721759888,WALKING
14.652844679479934,-3.7141682704489996,WALKING
14.798147543924316,-2.7792535023030775,WALKING
14.388603773339879,-3.38102186061353,WALKING
15.678699445002355,-3.1784021351411784,WALKING
15.611895011588274,-2.6454749973168594,WALKING
16.508879659758517,-2.5235499464402316,WALKING
17.034854517811176,0.3137208040826047,WALKING
16.18300587025265,-0.2956279059908076,WALKING
16.464453778514176,-2.024353240676481,WALKING
11.094997849166422,-5.209482283331021,WALKING
13.78358138148044,-2.9199465968462954,WALKING
16.312891963167676,-1.6841986201037866,WALKING
18.193767586608033,1.2871969569062667,WALKING
20.298553691998332,1.4701238202773022,WALKING
20.639633409559302,2.8145713514033233,WALKING
19.051938716052646,2.980251088109603,WALKING
21.232238160015967,4.733948576763861,WALKING
20.340375244611902,4.047880786331426,WALKING
15.400224488330146,-1.1560359105941833,WALKING
17.92430719935065,-0.7848291792283802,WALKING
17.401527622456296,-1.1508952504390861,WALKING
19.134691779946255,1.1031071719152672,WALKING
17.858495072253767,-0.2859910610042268,WALKING
17.79241838396627,-0.5798828922421213,WALKING
16.273139357627283,-1.797838650681072,WALKING
14.365226879531553,-0.06779382533914366,WALKING_DOWNSTAIRS
15.412759451211455,-0.25055930638745827,WALKING_DOWNSTAIRS
16.810979006415344,-3.1855130143109487,WALKING_DOWNSTAIRS
19.485089416173935,-0.30534596582903417,WALKING_DOWNSTAIRS
17.10856915483118,-1.4462113844066062,WALKING_DOWNSTAIRS
17.64443081187775,-5.038443147509515,WALKING_DOWNSTAIRS
18.821963700035656,-5.034022043930958,WALKING_DOWNSTAIRS
18.480974734591502,-1.8564377986060008,WALKING_DOWNSTAIRS
19.229621380952903,-1.3024240970876715,WALKING_DOWNSTAIRS
26.55561887689263,-0.9352658771229005,WALKING_DOWNSTAIRS
26.91676977051374,1.2987252933391376,WALKING_DOWNSTAIRS
23.24092971699635,0.542128960842275,WALKING_DOWNSTAIRS
23.91642839762457,-1.4564045867558566,WALKING_DOWNSTAIRS
18.018151056372577,-3.3879480153310872,WALKING_DOWNSTAIRS
22.40177889295857,-2.7429658334785025,WALKING_DOWNSTAIRS
24.406719363897263,-1.3735893579198577,WALKING_DOWNSTAIRS
20.884277009613463,-0.3939678651932378,WALKING_DOWNSTAIRS
19.566973306940003,-1.8694232452123638,WALKING_DOWNSTAIRS
26.403977547939274,2.257890986315237,WALKING_DOWNSTAIRS
26.66327190026751,5.2876038932126095,WALKING_DOWNSTAIRS
26.424172620062834,3.024555950708019,WALKING_DOWNSTAIRS
23.73020571517898,-0.6287784562963411,WALKING_DOWNSTAIRS
17.681649073385987,-4.447012705881393,WALKING_DOWNSTAIRS
22.825958456031124,2.799580125712102,WALKING_DOWNSTAIRS
23.731880607729106,1.3118577669635343,WALKING_DOWNSTAIRS
21.95928973258576,-1.936678673229832,WALKING_DOWNSTAIRS
23.98528486151686,-0.6485797847788278,WALKING_DOWNSTAIRS
26.997533789641178,2.0313202362979035,WALKING_DOWNSTAIRS
9.971446067694863,-14.20493716615169,WALKING_UPSTAIRS
10.64735185922726,-13.996723044229512,WALKING_UPSTAIRS
13.805093131748423,-12.107600468153073,WALKING_UPSTAIRS
13.881203292309038,-12.039205103091943,WALKING_UPSTAIRS
14.020481338917646,-13.438619586354745,WALKING_UPSTAIRS
12.053950531480252,-12.374257631423216,WALKING_UPSTAIRS
10.879386910656565,-11.5789866381026,WALKING_UPSTAIRS
12.645016323797849,-12.178985446361045,WALKING_UPSTAIRS
12.549630444226137,-12.075994130379915,WALKING_UPSTAIRS
11.26135659487874,-8.906178252804335,WALKING_UPSTAIRS
8.752529548946013,-16.015715575491168,WALKING_UPSTAIRS
7.85684047987075,-11.900324366256415,WALKING_UPSTAIRS
9.897980227904561,-11.303592198557933,WALKING_UPSTAIRS
12.256200184707655,-14.614309409562141,WALKING_UPSTAIRS
13.175706789884302,-13.889555093456133,WALKING_UPSTAIRS
11.116515672566614,-11.799033309788527,WALKING_UPSTAIRS
11.480186810539074,-11.638169846950898,WALKING_UPSTAIRS
11.45743794593836,-12.366169025875111,WALKING_UPSTAIRS
8.74259393049087,-12.457920644265991,WALKING_UPSTAIRS
9.216336001111392,-10.318925768002982,WALKING_UPSTAIRS
11.723399862538056,-11.5114993409285,WALKING_UPSTAIRS
11.340111093818772,-12.274414685289432,WALKING_UPSTAIRS
13.831948296343239,-12.547597087365215,WALKING_UPSTAIRS
15.042578998342652,-10.845265662725733,WALKING_UPSTAIRS
17.210690423189888,-12.467854021999605,WALKING_UPSTAIRS
15.465060447905802,-12.536305703571365,WALKING_UPSTAIRS
14.222721810394447,-10.253501002579721,WALKING_UPSTAIRS
14.333435874650178,-12.260711933007611,WALKING_UPSTAIRS
12.876018948198045,-14.071255949484886,WALKING_UPSTAIRS
13.01610365463462,-12.244261211998715,WALKING_UPSTAIRS
